site_id,source,date,lat,lon,pf_observed,pf_depth,pf_depth_std,n_measurements,thaw_depth,obs_limit,method,timeSinceFire,org_thick,burn_unburn,measured_thaw_depth,measured_date
zama_1984,Talucci_2024,2015-10-12,59.34583,-119.34,1,67.0,25.94,135,67.0,,unknown,31,260.0,burned,,
zama_1984,Talucci_2024,2016-09-20,59.34583,-119.34,1,84.12,30.24,135,84.12,,unknown,32,260.0,burned,,
zama_1984,Talucci_2024,2015-10-12,59.34583,-119.34,1,45.58,6.99,135,45.58,,unknown,33,260.0,burned,,
scotty_2014,Talucci_2024,2015-10-13,59.34583283,-121.3,1,53.0,,1,53.0,,unknown,1,200.0,burned,31.5,2015-06-22
zama_1984,Talucci_2024,2015-10-12,59.34583283,-119.34,1,66.71,23.2,109,66.71,,unknown,31,260.0,burned,,
zama_1984,Talucci_2024,2015-10-12,59.34583283,-119.34,1,47.48,10.78,109,47.48,,unknown,33,260.0,burned,,
zama_unburn,Talucci_2024,2015-10-12,59.36916667,-119.3211111,1,51.06,7.1,68,51.06,,unknown,,260.0,unburned,,
zama_unburn,Talucci_2024,2015-09-26,59.36917,-119.3211,1,55.7,8.96,129,55.7,,unknown,,260.0,unburned,,
Lutose 2007,Talucci_2024,2019-10-09,59.41722,-117.2844,1,119.5,18.32,47,119.5,,unknown,12,200.0,burned,,
Lutose 2007,Talucci_2024,2020-09-30,59.41722,-117.2844,1,112.89,30.37,47,112.89,,unknown,13,200.0,burned,,
lutose_2007,Talucci_2024,2016-09-22,59.41722,-117.2844,1,119.88,14.24,47,119.88,,unknown,8,300.0,burned,,
lutose_unburn,Talucci_2024,2015-10-01,59.48444,-117.1781,1,81.7,38.04,231,81.7,,unknown,,246.32034632034632,unburned,,
lutose_unburn,Talucci_2024,2015-10-12,59.48444444,-117.1780556,1,74.3,29.06,56,74.3,,unknown,,300.0,unburned,,
lutose_2000,Talucci_2024,2015-10-12,59.5,-117.2047222,1,130.23,20.41,56,130.23,,unknown,15,280.0,burned,,
lutose_2000,Talucci_2024,2015-10-12,59.5,-117.2047,1,128.81,20.61,1689,128.81,,unknown,15,280.0,burned,,
lutose_2000,Talucci_2024,2016-09-21,59.5,-117.2047,1,126.5,21.01,1689,126.5,,unknown,16,280.0,burned,,
lutose_2000,Talucci_2024,2016-09-21,59.5,-117.2047,1,75.4,27.19,1689,75.4,,unknown,4,280.0,burned,,
lutose_2000,Talucci_2024,2016-09-21,59.5,-117.2047,1,86.58,48.62,1689,86.58,,unknown,8,280.0,burned,,
lutose_2000,Talucci_2024,2016-09-21,59.5,-117.2047,1,76.31,47.85,1689,76.31,,unknown,,280.0,unburned,,
Lutose 2019,Talucci_2024,2019-10-07,59.59508,-117.2862,1,57.62,14.78,130,57.62,,unknown,0,150.0,burned,,
Lutose 2019,Talucci_2024,2020-09-30,59.59508,-117.2862,1,71.94,20.1,130,71.94,,unknown,1,150.0,burned,,
lutose_2012,Talucci_2024,2015-10-11,59.77833,-117.0611,1,92.52,20.3,121,92.52,,unknown,3,300.0,burned,,
lutose_2012,Talucci_2024,2016-09-21,59.77833,-117.0611,1,90.95,16.33,121,90.95,,unknown,4,300.0,burned,,
lutose_2012,Talucci_2024,2015-10-11,59.77833333,-117.0611111,1,81.34,15.65,62,81.34,,unknown,3,300.0,burned,,
CG3-30,Talucci_2024,2019-10-07,60.58076,-116.017,1,101.8,7.12,5,101.8,,unknown,,45.55,unburned,,
CG3-40,Talucci_2024,2019-10-07,60.60659,-116.242,1,72.6,23.24,5,72.6,,unknown,,77.8,unburned,,
F1-31,Talucci_2024,2017-09-30,60.64151,-116.091,1,123.0,,1,123.0,,unknown,46,34.85,burned,100.0,2017-08-08
F1-25,Talucci_2024,2017-09-30,60.64175,-116.099,1,184.5,19.09,7,184.5,,unknown,46,26.05,burned,,
F1-25,Talucci_2024,2019-10-07,60.64175,-116.099,1,118.4,3.91,7,118.4,,unknown,48,26.05,burned,,
F1-12,Talucci_2024,2019-10-11,60.69384,-115.929,1,107.6,40.75,5,107.6,,unknown,48,26.2,burned,,
CG3-12,Talucci_2024,2019-10-06,60.70012,-116.464,1,110.67,8.33,3,110.67,,unknown,,83.1,unburned,,
F1-22,Talucci_2024,2017-10-02,60.70167,-115.905,1,90.0,,1,90.0,,unknown,46,47.25,burned,75.0,2017-08-13
F1-22,Talucci_2024,2019-10-11,60.70185,-115.904,1,152.75,22.47,4,152.75,,unknown,48,47.25,burned,,
F6-1,Talucci_2024,2019-10-11,60.70244,-115.003,1,147.4,23.39,5,147.4,,unknown,,59.5,burned,,
CG3-4,Talucci_2024,2019-10-11,60.73417,-115.209,1,149.0,41.28,5,149.0,,unknown,,31.1,unburned,,
F1-47,Talucci_2024,2017-10-02,60.73611,-115.901,1,232.0,0.0,2,232.0,,unknown,46,39.8,burned,,
F3-8,Talucci_2024,2019-10-06,60.79222,-116.583,1,202.0,0.0,4,202.0,,unknown,50,48.3,burned,,
SS33-27,Talucci_2024,2015-10-12,60.84466,-117.464,1,96.7,26.53,10,96.7,,unknown,1,34.35,burned,,
SS33-27,Talucci_2024,2015-10-12,60.84491,-117.462,1,101.5,32.95,10,101.5,,unknown,1,17.8,burned,,
SS33-27,Talucci_2024,2015-10-12,60.84574,-117.46,1,132.0,18.81,9,132.0,,unknown,1,49.0,burned,,
SS33-26,Talucci_2024,2015-10-12,60.84812,-117.447,1,129.4,9.67,10,129.4,,unknown,1,58.4,burned,,
SS33-25,Talucci_2024,2015-10-12,60.8622,-117.422,1,111.0,0.0,10,111.0,,unknown,1,36.0,burned,,
F3-3,Talucci_2024,2019-10-11,60.86399,-116.637,1,103.75,38.17,4,103.75,,unknown,50,34.3,burned,,
SS33-21,Talucci_2024,2015-10-12,60.87413,-117.41,1,98.9,17.01,10,98.9,,unknown,1,39.3,burned,,
SS33-21,Talucci_2024,2015-10-12,60.87551,-117.414,1,86.6,16.9,10,86.6,,unknown,1,35.2,burned,,
SS33-877,Talucci_2024,2019-10-07,60.91125,-117.009,1,153.2,15.74,5,153.2,,unknown,5,,burned,,
SS33-582,Talucci_2024,2019-10-06,60.9319,-117.079,1,134.8,40.2,5,134.8,,unknown,5,10.07,burned,,
SS33-1,Talucci_2024,2015-10-12,60.93517,-117.125,1,83.8,16.38,10,83.8,,unknown,1,42.5,burned,,
SS33-1,Talucci_2024,2019-10-06,60.93538,-117.124,1,175.0,34.32,5,175.0,,unknown,5,42.5,burned,,
SS33-3,Talucci_2024,2015-10-12,60.93987,-117.378,1,114.1,33.34,10,114.1,,unknown,1,33.25,burned,,
SS33-3,Talucci_2024,2019-10-11,60.94009,-117.378,1,189.4,17.56,5,189.4,,unknown,5,33.25,burned,,
kakisa_2014,Talucci_2024,2015-10-12,60.94055556,-117.3616667,1,74.87,10.8,68,74.87,,unknown,1,255.0,burned,,
kakisa_2014,Talucci_2024,2015-10-12,60.94056,-117.3617,1,71.23,15.69,130,71.23,,unknown,1,255.0,burned,,
kakiska_2014,Talucci_2024,2016-09-28,60.94056,-117.3617,1,93.11,12.65,130,93.11,,unknown,2,255.0,burned,,
SS33-9,Talucci_2024,2015-10-12,60.94142,-117.365,1,65.0,22.07,26,65.0,,unknown,1,31.2,burned,,
SS33-9,Talucci_2024,2016-09-28,60.94142,-117.365,1,84.6,16.87,26,84.6,,unknown,2,31.2,burned,,
SS33-9,Talucci_2024,2017-10-02,60.94142,-117.365,1,83.17,8.95,26,83.17,,unknown,3,31.2,burned,,
SS33-9,Talucci_2024,2018-09-19,60.94146,-117.365,1,93.0,,1,93.0,,unknown,4,31.2,burned,95.0,2018-10-26
b1,Talucci_2024,2015-10-12,60.94149,-117.36552,1,70.44,9.35,55,70.44,,unknown,1,297.0,burned,,
b1,Talucci_2024,2016-09-28,60.94149,-117.3655,1,87.87,25.32,189,87.87,,unknown,2,297.0,burned,,
b1,Talucci_2024,2017-10-02,60.94149,-117.3655,1,87.84,11.78,189,87.84,,unknown,3,297.0,burned,,
b1,Talucci_2024,2018-09-19,60.94149,-117.3655,1,94.1,11.26,189,94.1,,unknown,4,297.0,burned,,
b1,Talucci_2024,2019-10-11,60.94149,-117.3655,1,105.62,11.14,189,105.62,,unknown,5,297.0,burned,,
SS33-9,Talucci_2024,2018-09-19,60.94149,-117.365,1,98.0,,1,98.0,,unknown,4,31.2,burned,100.0,2018-10-26
SS33-9,Talucci_2024,2018-09-19,60.94155,-117.365,1,93.0,,1,93.0,,unknown,4,31.2,burned,95.0,2018-10-26
SS33-9,Talucci_2024,2018-09-19,60.94162,-117.365,1,103.0,,1,103.0,,unknown,4,31.2,burned,105.0,2018-10-26
SS33-9,Talucci_2024,2018-09-19,60.94166,-117.365,1,108.0,,6,108.0,,unknown,4,31.2,burned,,
SS33-9,Talucci_2024,2019-10-11,60.94166,-117.365,1,100.6,8.96,6,100.6,,unknown,5,31.2,burned,,
SS33-11,Talucci_2024,2015-10-12,60.94818,-117.356,1,128.75,14.29,9,128.75,,unknown,1,68.0,burned,,
SS33-11,Talucci_2024,2019-10-11,60.94818,-117.356,1,203.0,,9,203.0,,unknown,5,68.0,burned,,
SS33-11,Talucci_2024,2019-10-11,60.94823,-117.355,1,163.25,27.21,4,163.25,,unknown,5,68.0,burned,,
SS33-6,Talucci_2024,2018-09-19,60.95213,-117.333,1,133.0,,1,133.0,,unknown,4,65.5,burned,135.0,2018-10-26
SS33-6,Talucci_2024,2015-10-12,60.95214,-117.333,1,83.6,12.87,20,83.6,,unknown,1,42.2,burned,,
SS33-6,Talucci_2024,2016-09-28,60.95214,-117.333,1,112.0,25.25,20,112.0,,unknown,2,42.2,burned,,
SS33-6,Talucci_2024,2018-09-19,60.95216,-117.333,1,118.0,,1,118.0,,unknown,4,65.5,burned,120.0,2018-10-26
SS33-6,Talucci_2024,2018-09-19,60.95219,-117.333,1,98.0,,1,98.0,,unknown,4,65.5,burned,100.0,2018-10-26
SS33-6,Talucci_2024,2018-09-19,60.95226,-117.333,1,108.0,,1,108.0,,unknown,4,65.5,burned,110.0,2018-10-26
SS33-6,Talucci_2024,2018-09-19,60.95232,-117.333,1,113.0,,6,113.0,,unknown,4,65.5,burned,,
SS33-6,Talucci_2024,2019-10-07,60.95232,-117.333,1,162.2,56.77,6,162.2,,unknown,5,65.5,burned,,
SS33-6,Talucci_2024,2015-10-12,60.95727,-117.339,1,140.88,23.55,15,140.88,,unknown,1,65.5,burned,,
SS33-6,Talucci_2024,2016-09-28,60.95727,-117.339,1,180.86,23.23,15,180.86,,unknown,2,65.5,burned,,
SS33-6,Talucci_2024,2018-09-19,60.95728,-117.339,1,123.0,14.14,2,123.0,,unknown,4,42.2,burned,,
SS33-6,Talucci_2024,2018-09-19,60.95732,-117.339,1,98.5,13.44,2,98.5,,unknown,4,42.2,burned,,
SS33-6,Talucci_2024,2018-09-19,60.95738,-117.339,1,94.0,,1,94.0,,unknown,4,42.2,burned,95.0,2018-10-26
SS33-6,Talucci_2024,2018-09-19,60.95744,-117.338,1,128.0,,1,128.0,,unknown,4,42.2,burned,130.0,2018-10-26
SS33-6,Talucci_2024,2018-09-19,60.95748,-117.338,1,79.0,,5,79.0,,unknown,4,42.2,burned,,
SS33-6,Talucci_2024,2019-10-07,60.95748,-117.338,1,178.0,37.84,5,178.0,,unknown,5,42.2,burned,,
KAK-UB-1,Talucci_2024,2019-10-07,60.96169,-117.275,1,189.33,18.58,3,189.33,,unknown,,65.8,unburned,,
CG1-8,Talucci_2024,2017-10-02,60.98869,-117.25,1,94.0,1.41,2,94.0,,unknown,,58.1,unburned,,
CG1-8,Talucci_2024,2019-10-07,60.98889,-117.249,1,132.75,31.6,4,132.75,,unknown,,58.1,unburned,,
CG1-157,Talucci_2024,2019-10-05,61.05614,-118.374,1,95.0,8.49,2,95.0,,unknown,,31.55,unburned,,
CG1-18,Talucci_2024,2019-10-05,61.05873,-118.406,1,53.2,25.65,5,53.2,,unknown,,22.0,unburned,,
CG1-18,Talucci_2024,2019-10-05,61.05917,-118.403,1,155.8,16.62,5,155.8,,unknown,,69.4,unburned,,
CG1-25,Talucci_2024,2019-10-05,61.06403,-118.482,1,84.0,6.24,3,84.0,,unknown,,46.6,unburned,,
F4-31,Talucci_2024,2019-10-05,61.06417,-118.44,1,140.0,14.23,5,140.0,,unknown,39,26.1,burned,,
kakisa_unburn,Talucci_2024,2015-10-12,61.08138889,-117.6230556,1,70.76,23.97,58,70.76,,unknown,,200.0,unburned,,
kakisa_unburn,Talucci_2024,2015-10-01,61.08139,-117.6231,1,83.81,30.71,101,83.81,,unknown,,200.0,unburned,,
F4-1,Talucci_2024,2019-10-05,61.09666,-118.813,1,137.0,19.46,5,137.0,,unknown,39,68.6,burned,,
CG1-15,Talucci_2024,2017-10-02,61.13372,-117.922,1,112.44,24.3,9,112.44,,unknown,,64.2,unburned,,
CG1-6,Talucci_2024,2019-10-07,61.13375,-117.772,1,174.8,24.25,5,174.8,,unknown,,21.7,unburned,,
CG1-15,Talucci_2024,2019-10-07,61.13394,-117.921,1,128.2,42.3,5,128.2,,unknown,,64.2,unburned,,
yk_delta_izaviknek_uplands,Talucci_2024,2017-10-05,61.1397,-162.7072,1,57.24,6.0,21,57.24,,unknown,45,32.0,burned,,
F7-1,Talucci_2024,2019-10-05,61.14931,-119.515,1,151.0,0.0,5,151.0,,unknown,,20.35,unburned,,
yk_delta_izaviknek_uplands,Talucci_2024,2017-10-05,61.1516,-162.7237,1,51.68,4.76,19,51.68,,unknown,,35.0,unburned,,
yk_delta_izaviknek_uplands,Talucci_2024,2017-10-05,61.1536,-162.7134,1,63.62,4.91,21,63.62,,unknown,11,30.0,burned,,
yk_delta_izaviknek_uplands,Talucci_2024,2017-10-05,61.1608,-162.7287,1,81.0,16.29,23,81.0,,unknown,11,30.0,burned,,
yk_delta_izaviknek_uplands,Talucci_2024,2017-10-05,61.1622,-162.7197,1,65.15,10.67,20,65.15,,unknown,11,40.0,burned,,
yk_delta_izaviknek_uplands,Talucci_2024,2017-10-05,61.1649,-162.7319,1,70.0,9.78,19,70.0,,unknown,11,8.0,burned,,
YKD,Talucci_2024,2016-10-03,61.18675,-162.791,1,68.26,5.31,31,68.26,,unknown,,,unburned,,
YKD,Talucci_2024,2015-10-16,61.19168,-162.7927,1,61.07,5.35,15,61.07,,unknown,,,unburned,,
samba_2013,Talucci_2024,2015-10-11,61.195,-120.0903,1,90.79,18.03,124,90.79,,unknown,2,290.0,burned,,
samba_2013,Talucci_2024,2016-09-26,61.195,-120.0903,1,104.18,20.43,124,104.18,,unknown,3,290.0,burned,,
samba_2013,Talucci_2024,2015-10-11,61.195,-120.0902778,1,101.13,25.9,63,101.13,,unknown,2,290.0,burned,,
samba_unburn,Talucci_2024,2015-09-30,61.19972,-120.1139,1,76.05,24.61,125,76.05,,unknown,,290.0,unburned,,
samba_unburn,Talucci_2024,2015-10-11,61.19972222,-120.1138889,1,82.19,30.36,57,82.19,,unknown,,290.0,unburned,,
YKD,Talucci_2024,2016-10-03,61.20016,-162.79,1,67.9,5.66,21,67.9,,unknown,1,,burned,,
YKD,Talucci_2024,2016-10-03,61.20066,-162.796,1,61.25,11.1,93,61.25,,unknown,1,,burned,,
YKD,Talucci_2024,2015-10-16,61.20091,-162.7881,1,58.0,11.16,15,58.0,,unknown,0,,burned,,
yk_delta_izaviknek_uplands,Talucci_2024,2017-10-05,61.2051,-162.9661,1,60.29,9.38,21,60.29,,unknown,46,30.0,burned,,
yk_delta_izaviknek_uplands,Talucci_2024,2017-10-05,61.2079,-162.9592,1,55.16,13.82,19,55.16,,unknown,46,41.0,burned,,
yk_delta_izaviknek_uplands,Talucci_2024,2017-10-05,61.2107,-162.9711,1,53.57,6.1,21,53.57,,unknown,,33.0,unburned,,
c,Talucci_2024,2018-10-15,61.2313,-163.21,1,73.09,10.91,90,73.09,,unknown,3,25.0,burned,,
e,Talucci_2024,2019-10-03,61.2362,-163.222,1,81.33,21.67,12,81.33,,unknown,4,25.0,burned,,
yk_delta_izaviknek_uplands,Talucci_2024,2018-10-15,61.2362,-162.7415,1,96.17,14.73,12,96.17,,unknown,3,-999.0,burned,,
e,Talucci_2024,2019-10-03,61.2363,-163.222,1,92.0,29.84,15,92.0,,unknown,4,25.0,burned,,
e,Talucci_2024,2019-10-03,61.2366,-163.223,1,70.53,18.09,30,70.53,,unknown,,25.0,unburned,,
e,Talucci_2024,2019-10-03,61.2367,-163.223,1,105.53,24.12,15,105.53,,unknown,,25.0,unburned,,
yk_delta_izaviknek_uplands,Talucci_2024,2018-10-15,61.2368,-162.7322,1,91.33,38.83,12,91.33,,unknown,3,-999.0,burned,,
yk_delta_izaviknek_uplands,Talucci_2024,2018-10-15,61.2374,-162.723,1,81.67,8.94,12,81.67,,unknown,3,-999.0,burned,,
c,Talucci_2024,2018-10-15,61.2378,-163.209,1,60.43,6.76,90,60.43,,unknown,,25.0,unburned,,
e,Talucci_2024,2019-10-03,61.2403,-163.223,1,68.44,21.75,45,68.44,,unknown,47,25.0,burned,,
yk_delta_izaviknek_uplands,Talucci_2024,2018-10-15,61.2406,-162.7427,1,83.0,10.6,12,83.0,,unknown,3,-999.0,burned,,
c,Talucci_2024,2018-10-15,61.2407,-163.207,1,63.06,8.82,90,63.06,,unknown,46,25.0,burned,,
YKD,Talucci_2024,2015-10-27,61.24114,-163.1273,1,67.27,7.45,15,67.27,,unknown,0,,burned,,
yk_delta_izaviknek_uplands,Talucci_2024,2018-10-15,61.2412,-162.7335,1,76.92,23.43,12,76.92,,unknown,3,-999.0,burned,,
yk_delta_izaviknek_uplands,Talucci_2024,2018-10-15,61.2418,-162.7242,1,86.75,31.74,12,86.75,,unknown,3,-999.0,burned,,
yk_delta_izaviknek_uplands,Talucci_2024,2018-10-15,61.2451,-162.7439,1,67.42,10.0,12,67.42,,unknown,3,-999.0,burned,,
yk_delta_izaviknek_uplands,Talucci_2024,2017-10-05,61.2457,-162.7347,1,50.2,3.27,5,50.2,,unknown,2,45.0,burned,,
yk_delta_izaviknek_uplands,Talucci_2024,2017-10-05,61.2464,-162.726,1,60.8,17.74,5,60.8,,unknown,2,7.0,burned,,
yk_delta_izaviknek_uplands,Talucci_2024,2017-10-05,61.2495,-162.7452,1,67.5,8.35,4,67.5,,unknown,2,26.0,burned,,
YKD,Talucci_2024,2017-10-05,61.24963,-163.207,1,51.78,5.59,9,51.78,,unknown,45,,burned,,
yk_delta_izaviknek_uplands,Talucci_2024,2017-10-05,61.2504,-162.7362,1,70.0,8.63,5,70.0,,unknown,2,19.0,burned,,
yk_delta_izaviknek_uplands,Talucci_2024,2017-10-05,61.2509,-162.7264,1,51.0,12.54,4,51.0,,unknown,2,13.0,burned,,
YKD,Talucci_2024,2015-10-26,61.25651,-163.1096,1,54.8,6.16,15,54.8,,unknown,,,unburned,,
YKD,Talucci_2024,2017-10-05,61.25849,-163.247,1,51.56,2.6,9,51.56,,unknown,,,unburned,,
YKD,Talucci_2024,2016-10-03,61.25923,-162.629,1,68.65,5.02,93,68.65,,unknown,,,unburned,,
d,Talucci_2024,2018-10-15,61.2594,-163.239,1,61.7,12.42,118,61.7,,unknown,3,25.0,burned,,
d,Talucci_2024,2019-10-03,61.2594,-163.239,1,80.12,25.02,118,80.12,,unknown,4,25.0,burned,,
d,Talucci_2024,2018-10-15,61.2595,-163.239,1,65.13,7.53,57,65.13,,unknown,3,25.0,burned,,
d,Talucci_2024,2019-10-03,61.2595,-163.239,1,80.26,30.32,57,80.26,,unknown,4,25.0,burned,,
YKD,Talucci_2024,2017-10-05,61.26004,-163.24,1,55.22,6.06,9,55.22,,unknown,2,,burned,,
d,Talucci_2024,2018-10-09,61.261,-163.243,1,60.93,14.18,60,60.93,,unknown,,25.0,unburned,,
d,Talucci_2024,2018-10-09,61.2611,-163.243,1,62.87,16.44,60,62.87,,unknown,,25.0,unburned,,
d,Talucci_2024,2018-10-09,61.2612,-163.243,1,62.93,13.39,60,62.93,,unknown,,25.0,unburned,,
b,Talucci_2024,2018-10-09,61.2629,-163.25,1,53.63,15.19,60,53.63,,unknown,,25.0,unburned,,
b,Talucci_2024,2018-10-09,61.263,-163.25,1,52.47,6.65,60,52.47,,unknown,,25.0,unburned,,
b,Talucci_2024,2018-10-09,61.2632,-163.249,1,51.38,17.63,60,51.38,,unknown,,25.0,unburned,,
b,Talucci_2024,2018-10-15,61.2653,-163.249,1,53.07,6.98,111,53.07,,unknown,3,25.0,burned,,
b,Talucci_2024,2019-10-03,61.2653,-163.249,1,71.45,24.11,111,71.45,,unknown,4,25.0,burned,,
b,Talucci_2024,2018-10-15,61.2654,-163.249,1,50.2,9.37,60,50.2,,unknown,3,25.0,burned,,
b,Talucci_2024,2019-10-03,61.2654,-163.249,1,72.47,20.8,60,72.47,,unknown,4,25.0,burned,,
yk_delta_izaviknek_uplands,Talucci_2024,2017-10-05,61.2696,-162.637,1,53.62,6.42,21,53.62,,unknown,,30.0,unburned,,
YKDB,Talucci_2024,2017-10-05,61.26996,-163.2354,1,66.92,2.4,13,66.92,,unknown,2,,burned,,
YKDB,Talucci_2024,2017-10-05,61.27012,-163.2358,1,68.31,7.69,13,68.31,,unknown,2,,burned,,
YKD,Talucci_2024,2016-10-03,61.27027,-163.241,1,64.58,5.63,93,64.58,,unknown,,,unburned,,
a,Talucci_2024,2018-10-09,61.2704,-163.239,1,74.93,30.29,60,74.93,,unknown,,25.0,unburned,,
a,Talucci_2024,2018-10-15,61.2704,-163.236,1,69.6,12.9,55,69.6,,unknown,3,25.0,burned,,
a,Talucci_2024,2019-10-03,61.2704,-163.236,1,105.24,34.2,55,105.24,,unknown,4,25.0,burned,,
YKD,Talucci_2024,2017-10-05,61.27041,-163.237,1,51.67,7.81,9,51.67,,unknown,,,unburned,,
a,Talucci_2024,2018-10-09,61.2705,-163.239,1,72.7,21.85,60,72.7,,unknown,,25.0,unburned,,
a,Talucci_2024,2018-10-15,61.2705,-163.236,1,71.07,9.69,51,71.07,,unknown,3,25.0,burned,,
a,Talucci_2024,2019-10-03,61.2705,-163.236,1,83.86,30.19,51,83.86,,unknown,4,25.0,burned,,
a,Talucci_2024,2018-10-15,61.2706,-163.236,1,72.27,9.45,56,72.27,,unknown,3,25.0,burned,,
a,Talucci_2024,2019-10-03,61.2706,-163.236,1,88.88,27.78,56,88.88,,unknown,4,25.0,burned,,
a,Talucci_2024,2018-10-09,61.2707,-163.239,1,65.55,16.95,60,65.55,,unknown,,25.0,unburned,,
YKDU,Talucci_2024,2017-10-05,61.2707,-163.2384,1,63.85,3.98,13,63.85,,unknown,,,unburned,,
YKDU,Talucci_2024,2017-10-05,61.27076,-163.2388,1,59.69,4.46,13,59.69,,unknown,,,unburned,,
YKD,Talucci_2024,2017-10-05,61.27076,-163.23,1,55.11,9.78,9,55.11,,unknown,2,,burned,,
yk_delta_izaviknek_uplands,Talucci_2024,2017-10-05,61.2711,-162.6291,1,63.05,7.07,34,63.05,,unknown,2,45.0,burned,,
yk_delta_izaviknek_uplands,Talucci_2024,2018-10-14,61.2711,-162.6291,1,66.42,11.73,34,66.42,,unknown,3,-999.0,burned,,
yk_delta_izaviknek_uplands,Talucci_2024,2018-10-14,61.2725,-162.6203,1,65.08,9.95,12,65.08,,unknown,3,-999.0,burned,,
YKD,Talucci_2024,2016-10-03,61.27362,-163.23,1,71.66,5.89,93,71.66,,unknown,1,,burned,,
yk_delta_izaviknek_uplands,Talucci_2024,2018-10-14,61.275,-162.612,1,73.92,7.32,12,73.92,,unknown,3,-999.0,burned,,
yk_delta_izaviknek_uplands,Talucci_2024,2017-10-05,61.2754,-162.6321,1,70.05,23.96,31,70.05,,unknown,2,28.0,burned,,
yk_delta_izaviknek_uplands,Talucci_2024,2018-10-14,61.2754,-162.6321,1,97.25,49.99,31,97.25,,unknown,3,-999.0,burned,,
yk_delta_izaviknek_uplands,Talucci_2024,2018-10-14,61.2754,-162.6025,1,65.0,7.57,12,65.0,,unknown,3,-999.0,burned,,
yk_delta_izaviknek_uplands,Talucci_2024,2018-10-14,61.2768,-162.6233,1,78.58,25.06,12,78.58,,unknown,3,-999.0,burned,,
yk_delta_izaviknek_uplands,Talucci_2024,2018-10-14,61.2782,-162.6144,1,63.75,7.57,12,63.75,,unknown,3,-999.0,burned,,
YKD,Talucci_2024,2016-10-03,61.27825,-162.631,1,70.89,5.81,93,70.89,,unknown,1,,burned,,
yk_delta_izaviknek_uplands,Talucci_2024,2018-10-14,61.2796,-162.6351,1,74.0,14.21,12,74.0,,unknown,3,-999.0,burned,,
yk_delta_izaviknek_uplands,Talucci_2024,2018-10-14,61.2796,-162.6055,1,65.42,6.36,12,65.42,,unknown,3,-999.0,burned,,
yk_delta_izaviknek_uplands,Talucci_2024,2017-10-05,61.28,-162.8636,1,54.67,4.81,21,54.67,,unknown,,28.0,unburned,,
yk_delta_izaviknek_uplands,Talucci_2024,2018-10-14,61.281,-162.6263,1,88.67,40.87,12,88.67,,unknown,3,-999.0,burned,,
yk_delta_izaviknek_uplands,Talucci_2024,2018-10-14,61.2825,-162.6174,1,68.92,7.19,12,68.92,,unknown,3,-999.0,burned,,
f,Talucci_2024,2019-10-03,61.2838,-163.348,1,75.8,25.21,15,75.8,,unknown,,25.0,unburned,,
f,Talucci_2024,2019-10-03,61.2839,-163.348,1,92.73,24.24,15,92.73,,unknown,,25.0,unburned,,
yk_delta_izaviknek_uplands,Talucci_2024,2018-10-14,61.2839,-162.6085,1,85.0,22.84,12,85.0,,unknown,3,-999.0,burned,,
f,Talucci_2024,2019-10-03,61.2841,-163.348,1,78.73,21.96,15,78.73,,unknown,,25.0,unburned,,
yk_delta_izaviknek_uplands,Talucci_2024,2017-10-05,61.2894,-162.8768,1,59.0,6.28,18,59.0,,unknown,32,43.0,burned,,
f,Talucci_2024,2019-10-03,61.2895,-163.341,1,78.67,24.67,30,78.67,,unknown,47,25.0,burned,,
f,Talucci_2024,2019-10-03,61.2897,-163.341,1,76.13,30.5,15,76.13,,unknown,47,25.0,burned,,
YKD,Talucci_2024,2017-10-05,61.29217,-163.361,1,55.22,8.66,9,55.22,,unknown,45,,burned,,
f,Talucci_2024,2019-10-03,61.2937,-163.336,1,98.86,32.67,14,98.86,,unknown,4,25.0,burned,,
f,Talucci_2024,2019-10-03,61.2938,-163.336,1,89.53,28.99,15,89.53,,unknown,4,25.0,burned,,
f,Talucci_2024,2019-10-03,61.2939,-163.336,1,110.31,32.76,13,110.31,,unknown,4,25.0,burned,,
scotty_2014,Talucci_2024,2015-10-09,61.3,-121.3,1,73.25,34.98,144,73.25,,unknown,1,200.0,burned,,
scotty_unburn,Talucci_2024,2015-10-09,61.3,-121.3,1,61.43,29.09,144,61.43,,unknown,,200.0,unburned,,
YKD,Talucci_2024,2015-10-16,61.30083,-162.5275,1,73.2,9.87,15,73.2,,unknown,0,,burned,,
YKD,Talucci_2024,2015-10-16,61.30278,-162.5308,1,118.0,15.77,30,118.0,,unknown,0,,burned,,
YKD,Talucci_2024,2015-10-16,61.30278,-162.5308,1,52.53,5.74,30,52.53,,unknown,,,unburned,,
YKD,Talucci_2024,2015-10-16,61.3075,-162.4442,1,65.53,10.18,15,65.53,,unknown,,,unburned,,
YKD,Talucci_2024,2017-10-05,61.32074,-163.244,1,52.56,6.35,9,52.56,,unknown,,,unburned,,
YKD,Talucci_2024,2017-10-05,61.3208,-163.243,1,58.67,7.31,9,58.67,,unknown,2,,burned,,
g,Talucci_2024,2019-10-02,61.3222,-163.01,1,91.07,23.39,14,91.07,,unknown,4,25.0,burned,,
g,Talucci_2024,2019-10-02,61.3223,-163.01,1,87.29,32.28,14,87.29,,unknown,4,25.0,burned,,
g,Talucci_2024,2019-10-02,61.3225,-163.01,1,105.6,24.27,15,105.6,,unknown,4,25.0,burned,,
g,Talucci_2024,2019-10-02,61.332,-163.016,1,78.33,34.83,12,78.33,,unknown,,25.0,unburned,,
g,Talucci_2024,2019-10-02,61.3321,-163.016,1,81.38,32.02,13,81.38,,unknown,,25.0,unburned,,
g,Talucci_2024,2019-10-02,61.3322,-163.016,1,84.83,31.11,12,84.83,,unknown,,25.0,unburned,,
yk_delta_izaviknek_uplands,Talucci_2024,2017-10-05,61.3324,-162.8406,1,60.79,10.57,19,60.79,,unknown,46,26.0,burned,,
yk_delta_izaviknek_uplands,Talucci_2024,2017-10-05,61.337,-162.8637,1,60.14,11.35,22,60.14,,unknown,32,33.0,burned,,
yk_delta_izaviknek_uplands,Talucci_2024,2017-10-05,61.3398,-162.8462,1,65.5,10.0,22,65.5,,unknown,32,21.0,burned,,
yk_delta_izaviknek_uplands,Talucci_2024,2017-10-05,61.3414,-162.8539,1,56.38,9.26,21,56.38,,unknown,32,38.0,burned,,
YKD,Talucci_2024,2017-10-05,61.35149,-163.023,1,54.22,12.6,9,54.22,,unknown,45,,burned,,
samba_1967,Talucci_2024,2015-10-10,61.355,-121.0081,1,69.27,12.19,227,69.27,,unknown,48,300.0,burned,,
samba_1967,Talucci_2024,2016-09-26,61.355,-121.0081,1,54.38,13.18,227,54.38,,unknown,49,300.0,burned,,
samba_1967,Talucci_2024,2016-09-26,61.355,-121.0081,1,73.66,25.14,227,73.66,,unknown,52,200.0,burned,,
samba_1967,Talucci_2024,2015-10-10,61.355,-121.0080556,1,74.95,26.32,58,74.95,,unknown,48,300.0,burned,,
yk_delta_izaviknek_uplands,Talucci_2024,2017-10-05,61.3681,-162.8823,1,65.5,12.09,20,65.5,,unknown,10,40.0,burned,,
ZF20-125,Talucci_2024,2019-10-04,61.59479,-117.151,1,117.2,16.9,5,117.2,,unknown,5,6.76,burned,,
ZF20-125,Talucci_2024,2019-10-04,61.59649,-117.155,1,109.4,38.37,5,109.4,,unknown,5,15.2,burned,,
ZF20-40,Talucci_2024,2015-09-29,61.63213,-117.13,1,125.6,25.1,5,125.6,,unknown,1,29.5,burned,,
ZF20-40,Talucci_2024,2019-10-04,61.63229,-117.13,1,150.0,,1,150.0,,unknown,5,29.5,burned,149.0,2019-09-29
ZF20-6,Talucci_2024,2017-09-28,61.68932,-116.952,1,2.0,0.0,11,2.0,,unknown,3,4.2,burned,,
ZF20-6,Talucci_2024,2018-09-18,61.68932,-116.952,1,68.0,5.83,11,68.0,,unknown,4,4.2,burned,,
ZF20-6,Talucci_2024,2019-10-04,61.68932,-116.952,1,151.0,0.0,11,151.0,,unknown,5,4.2,burned,,
ZF20-6,Talucci_2024,2015-09-27,61.69145,-116.956,1,109.0,0.0,9,109.0,,unknown,1,4.2,burned,,
b5,Talucci_2024,2015-09-27,61.69166,-116.95312,1,76.24,15.34,21,76.24,,unknown,1,20.0,burned,,
b5,Talucci_2024,2016-09-25,61.69166,-116.9531,1,114.33,37.0,20,114.33,,unknown,2,20.0,burned,,
b5,Talucci_2024,2017-09-28,61.69166,-116.9531,1,102.2,11.14,20,102.2,,unknown,3,20.0,burned,,
ZF20-12,Talucci_2024,2015-09-27,61.73387,-116.832,1,79.7,23.53,10,79.7,,unknown,1,42.6,burned,,
ZF20-12,Talucci_2024,2019-10-04,61.73404,-116.832,1,175.2,35.89,5,175.2,,unknown,5,42.6,burned,,
ZF20-12,Talucci_2024,2015-09-27,61.73695,-116.834,1,107.71,3.4,7,107.71,,unknown,1,6.75,burned,,
ZF20-11,Talucci_2024,2015-09-27,61.75223,-116.817,1,104.67,11.74,19,104.67,,unknown,1,20.2,burned,,
ZF20-11,Talucci_2024,2016-09-26,61.75223,-116.817,1,121.5,19.22,19,121.5,,unknown,2,20.2,burned,,
ZF20-11,Talucci_2024,2017-09-28,61.75223,-116.817,1,100.8,48.25,19,100.8,,unknown,3,20.2,burned,,
ZF20-11,Talucci_2024,2018-09-17,61.75226,-116.817,1,99.0,,1,99.0,,unknown,4,20.2,burned,100.0,2018-10-26
ZF20-11,Talucci_2024,2018-09-17,61.75229,-116.817,1,104.0,0.0,2,104.0,,unknown,4,20.2,burned,,
ZF20-11,Talucci_2024,2018-09-17,61.75235,-116.817,1,119.0,,1,119.0,,unknown,4,20.2,burned,120.0,2018-10-26
ZF20-11,Talucci_2024,2018-09-17,61.75243,-116.817,1,107.0,,6,107.0,,unknown,4,20.2,burned,,
ZF20-11,Talucci_2024,2019-10-04,61.75243,-116.817,1,129.6,10.99,6,129.6,,unknown,5,20.2,burned,,
ZF20-9,Talucci_2024,2015-09-27,61.79548,-116.74,1,88.7,23.57,10,88.7,,unknown,1,23.8,burned,,
ZF20-9,Talucci_2024,2019-10-04,61.79568,-116.74,1,113.25,38.99,4,113.25,,unknown,5,23.8,burned,,
ZF20-9,Talucci_2024,2015-09-27,61.79591,-116.737,1,84.88,23.38,8,84.88,,unknown,1,28.7,burned,,
ZF20-10,Talucci_2024,2015-09-27,61.8041,-116.716,1,110.25,10.18,8,110.25,,unknown,1,17.3,burned,,
ZF20-10,Talucci_2024,2016-09-26,61.8041,-116.716,1,101.5,29.1,8,101.5,,unknown,2,17.3,burned,,
ZF20-10,Talucci_2024,2018-09-17,61.80413,-116.716,1,89.0,,1,89.0,,unknown,4,17.3,burned,90.0,2018-10-26
ZF20-10,Talucci_2024,2018-09-17,61.80418,-116.716,1,89.0,,1,89.0,,unknown,4,17.3,burned,90.0,2018-10-26
ZF20-10,Talucci_2024,2018-09-17,61.80422,-116.716,1,94.0,,1,94.0,,unknown,4,17.3,burned,95.0,2018-10-26
ZF20-10,Talucci_2024,2018-09-17,61.80428,-116.716,1,104.0,,1,104.0,,unknown,4,17.3,burned,105.0,2018-10-26
frk,Talucci_2024,2019-09-18,61.82019,130.2335,1,116.6,28.02,5,116.6,,unknown,,1.025,unburned,,
frk,Talucci_2024,2019-09-18,61.82024,130.2339,1,124.8,14.17,5,124.8,,unknown,,0.7,unburned,,
frk,Talucci_2024,2019-09-18,61.82039,130.2348,1,122.0,24.78,5,122.0,,unknown,17,0.375,burned,,
frk,Talucci_2024,2019-09-18,61.82046,130.2353,1,124.8,8.64,5,124.8,,unknown,17,0.45,burned,,
frk,Talucci_2024,2019-09-18,61.8205,130.2357,1,114.6,15.68,5,114.6,,unknown,17,0.425,burned,,
frk,Talucci_2024,2019-09-18,61.82058,130.2362,1,125.8,22.45,5,125.8,,unknown,17,0.375,burned,,
frk,Talucci_2024,2019-09-18,61.82066,130.2371,1,141.4,42.92,5,141.4,,unknown,17,0.625,burned,,
frk,Talucci_2024,2019-09-18,61.82077,130.2381,1,162.4,17.99,5,162.4,,unknown,17,0.875,burned,,
ZF20-8,Talucci_2024,2015-09-27,61.84134,-116.636,1,114.67,11.06,11,114.67,,unknown,1,24.7,burned,,
ZF20-8,Talucci_2024,2016-09-26,61.84134,-116.636,1,132.8,20.2,11,132.8,,unknown,2,24.7,burned,,
frk,Talucci_2024,2019-09-18,61.84199,130.2453,1,125.4,25.66,5,125.4,,unknown,17,1.075,burned,,
frk,Talucci_2024,2019-09-18,61.842,130.2445,1,128.0,18.14,5,128.0,,unknown,17,0.4,burned,,
frk,Talucci_2024,2019-09-18,61.84203,130.2463,1,72.8,17.51,5,72.8,,unknown,,8.425,unburned,,
frk,Talucci_2024,2019-09-18,61.84206,130.243,1,135.8,15.22,5,135.8,,unknown,17,0.625,burned,,
ZF20-8,Talucci_2024,2015-09-27,61.84331,-116.636,1,114.0,45.46,19,114.0,,unknown,1,21.3,burned,,
ZF20-8,Talucci_2024,2016-09-26,61.84331,-116.636,1,102.0,36.14,19,102.0,,unknown,2,21.3,burned,,
ZF20-8,Talucci_2024,2017-09-28,61.84331,-116.636,1,102.0,26.9,19,102.0,,unknown,3,21.3,burned,,
ZF20-8,Talucci_2024,2018-09-16,61.84337,-116.636,1,104.0,,1,104.0,,unknown,4,21.3,burned,105.0,2018-10-04
ZF20-8,Talucci_2024,2018-09-16,61.84344,-116.636,1,99.0,,1,99.0,,unknown,4,21.3,burned,100.0,2018-10-04
ZF20-8,Talucci_2024,2018-09-16,61.84346,-116.636,1,89.0,,1,89.0,,unknown,4,21.3,burned,90.0,2018-10-04
ZF20-8,Talucci_2024,2018-09-16,61.8435,-116.636,1,84.0,,3,84.0,,unknown,4,21.3,burned,,
ZF20-8,Talucci_2024,2019-10-04,61.8435,-116.636,1,129.0,5.66,3,129.0,,unknown,5,21.3,burned,,
rob,Talucci_2024,2019-09-18,61.85087,130.4242,1,68.4,16.47,5,68.4,,unknown,,5.075,unburned,,
rob,Talucci_2024,2019-09-18,61.85127,130.4247,1,127.25,9.46,4,127.25,,unknown,17,0.725,burned,,
rob,Talucci_2024,2019-09-18,61.85182,130.4254,1,133.2,6.69,5,133.2,,unknown,17,0.55,burned,,
rob,Talucci_2024,2019-09-18,61.85239,130.4261,1,89.8,30.01,5,89.8,,unknown,17,3.9,burned,,
rob,Talucci_2024,2019-09-18,61.85692,130.4106,1,90.2,28.67,5,90.2,,unknown,,1.0,unburned,,
rob,Talucci_2024,2019-09-18,61.85709,130.4114,1,147.4,18.28,5,147.4,,unknown,17,0.95,burned,,
rob,Talucci_2024,2019-09-18,61.85722,130.4122,1,151.2,16.08,5,151.2,,unknown,17,1.125,burned,,
rob,Talucci_2024,2019-09-18,61.85747,130.4135,1,168.6,20.57,5,168.6,,unknown,17,0.225,burned,,
ZF20-4,Talucci_2024,2015-09-27,61.86111,-116.596,1,108.0,,8,108.0,,unknown,1,4.35,burned,,
ZF20-4,Talucci_2024,2016-09-27,61.86111,-116.596,1,101.14,16.51,8,101.14,,unknown,2,4.35,burned,,
ZF20-4,Talucci_2024,2015-09-27,61.86259,-116.597,1,81.33,20.55,6,81.33,,unknown,1,5.25,burned,,
ZF20-4,Talucci_2024,2017-09-28,61.86259,-116.597,1,88.0,4.36,6,88.0,,unknown,3,5.25,burned,,
ZF20-4,Talucci_2024,2018-09-17,61.86262,-116.597,1,94.0,,1,94.0,,unknown,4,5.25,burned,95.0,2018-10-28
ZF20-4,Talucci_2024,2018-09-17,61.86266,-116.597,1,99.0,,1,99.0,,unknown,4,5.25,burned,100.0,2018-10-28
b8,Talucci_2024,2016-09-27,61.86268,-116.597,1,123.0,24.38,34,123.0,,unknown,2,21.0,burned,,
b8,Talucci_2024,2017-09-28,61.86268,-116.597,1,76.0,31.11,34,76.0,,unknown,3,21.0,burned,,
b8,Talucci_2024,2018-09-17,61.86268,-116.597,1,138.67,40.2,34,138.67,,unknown,4,21.0,burned,,
b8,Talucci_2024,2015-09-27,61.86268,-116.59698,1,95.37,15.11,27,95.37,,unknown,1,21.0,burned,,
ZF20-4,Talucci_2024,2018-09-17,61.86271,-116.597,1,94.0,,1,94.0,,unknown,4,5.25,burned,95.0,2018-10-28
ZF20-4,Talucci_2024,2018-09-17,61.86277,-116.597,1,74.0,,5,74.0,,unknown,4,5.25,burned,,
ZF20-4,Talucci_2024,2019-10-04,61.86277,-116.597,1,113.75,16.17,5,113.75,,unknown,5,5.25,burned,,
rob,Talucci_2024,2019-09-18,61.8727,130.4798,1,79.4,24.0,5,79.4,,unknown,,5.55,unburned,,
rob,Talucci_2024,2019-09-18,61.87308,130.4793,1,109.4,21.59,5,109.4,,unknown,17,1.725,burned,,
rob,Talucci_2024,2019-09-18,61.87347,130.4785,1,114.0,32.26,5,114.0,,unknown,17,3.075,burned,,
rob,Talucci_2024,2019-09-18,61.87409,130.4778,1,120.2,12.76,5,120.2,,unknown,17,1.05,burned,,
yert,Talucci_2024,2019-09-18,61.93153,126.119,1,166.43,14.37,7,166.43,,unknown,,6.1,unburned,,
yert,Talucci_2024,2019-09-18,61.94,126.0829,1,149.5,21.2,10,149.5,,unknown,,9.4,unburned,,
yert,Talucci_2024,2019-09-18,61.95274,126.0764,1,141.4,11.92,10,141.4,,unknown,1,5.3,burned,,
ZF20-43,Talucci_2024,2015-09-27,61.95359,-116.501,1,98.9,28.45,10,98.9,,unknown,1,25.6,burned,,
ZF20-43,Talucci_2024,2018-09-17,61.95361,-116.501,1,94.0,,1,94.0,,unknown,4,25.6,burned,95.0,2018-10-28
ZF20-43,Talucci_2024,2018-09-17,61.95362,-116.501,1,64.0,,1,64.0,,unknown,4,25.6,burned,65.0,2018-10-28
ZF20-43,Talucci_2024,2018-09-17,61.95368,-116.501,1,102.75,32.5,9,102.75,,unknown,4,25.6,burned,,
ZF20-43,Talucci_2024,2019-10-04,61.95368,-116.501,1,112.2,35.46,9,112.2,,unknown,5,25.6,burned,,
maya,Talucci_2024,2019-09-18,61.95503,130.1675,1,155.6,11.44,5,155.6,,unknown,17,0.475,burned,,
maya,Talucci_2024,2019-09-18,61.95528,130.1689,1,129.4,26.26,5,129.4,,unknown,17,0.425,burned,,
maya,Talucci_2024,2019-09-18,61.95543,130.1698,1,152.8,13.7,5,152.8,,unknown,17,0.575,burned,,
maya,Talucci_2024,2019-09-18,61.95553,130.1708,1,84.6,18.96,5,84.6,,unknown,,2.65,unburned,,
yert,Talucci_2024,2019-09-18,61.95941,126.0171,1,116.9,12.79,10,116.9,,unknown,,11.3,unburned,,
yert,Talucci_2024,2019-09-18,61.9606,126.0195,1,203.0,10.0,10,203.0,,unknown,1,3.5,burned,,
yert,Talucci_2024,2019-09-18,61.96198,126.0099,1,114.0,19.14,10,114.0,,unknown,,12.9,unburned,,
yert,Talucci_2024,2019-09-18,61.96376,126.0095,1,177.2,9.58,10,177.2,,unknown,1,1.8,burned,,
fortsimpson_2006,Talucci_2024,2016-09-26,61.99,-121.398,1,115.52,21.12,164,115.52,,unknown,10,200.0,burned,,
fortsimpson_2006,Talucci_2024,2015-09-27,61.99,-121.398,1,107.35,29.76,164,107.35,,unknown,9,200.0,burned,,
fortsimpson_unburn,Talucci_2024,2015-09-27,61.99277778,-121.3830556,1,65.18,21.22,60,65.18,,unknown,,300.0,unburned,,
fortsimpson_unburn,Talucci_2024,2015-09-27,61.99278,-121.3831,1,69.54,23.38,123,69.54,,unknown,,300.0,unburned,,
fortsimpson_1995,Talucci_2024,2015-09-27,61.99583,-121.3958,1,86.93,37.49,118,86.93,,unknown,20,300.0,burned,,
fortsimpson_1995,Talucci_2024,2016-09-26,61.99583,-121.3958,1,112.3,28.59,118,112.3,,unknown,21,300.0,burned,,
camsell_unburn,Talucci_2024,2015-09-26,61.99583333,-122.5730556,1,54.0,,1,54.0,,unknown,,230.0,unburned,44.0,2015-07-28
fortsimpson_1995,Talucci_2024,2015-09-27,61.99583333,-121.3958333,1,80.98,30.09,60,80.98,,unknown,20,300.0,burned,,
korova,Talucci_2024,2019-09-18,61.99669,131.8222,1,83.0,11.51,5,83.0,,unknown,17,1.175,burned,,
korova,Talucci_2024,2019-09-18,61.99706,131.821,1,103.8,24.89,5,103.8,,unknown,17,0.7,burned,,
korova,Talucci_2024,2019-09-18,61.99731,131.8201,1,96.8,19.66,5,96.8,,unknown,17,4.825,burned,,
korova,Talucci_2024,2019-09-18,61.99755,131.8193,1,45.6,13.45,5,45.6,,unknown,,,unburned,,
east_fork,Talucci_2024,2023-09-27,62.02393,-163.0396,1,94.82,15.15,11,94.82,,unknown,1,34.3,burned,,
HWY3-UB-1,Talucci_2024,2019-10-04,62.02819,-116.316,1,61.8,7.4,5,61.8,,unknown,,46.8,unburned,,
ub2,Talucci_2024,2016-09-25,62.02892,-116.3139,1,70.37,9.36,217,70.37,,unknown,,60.0,unburned,,
east_fork,Talucci_2024,2023-09-27,62.03624,-163.0819,1,101.09,21.14,11,101.09,,unknown,1,27.1,burned,,
east_fork,Talucci_2024,2023-09-26,62.0503,-163.0684,1,175.73,30.52,11,175.73,,unknown,1,20.4,burned,,
east_fork,Talucci_2024,2023-09-26,62.05434,-162.9461,1,123.2,14.94,10,123.2,,unknown,1,28.7,burned,,
east_fork,Talucci_2024,2023-09-26,62.05788,-162.944,1,158.27,35.44,11,158.27,,unknown,1,20.1,burned,,
yert,Talucci_2024,2019-09-18,62.06311,125.8376,1,90.8,11.96,10,90.8,,unknown,,7.4,unburned,,
yert,Talucci_2024,2019-09-18,62.06353,125.8464,1,93.5,13.28,10,93.5,,unknown,,10.3,unburned,,
yert,Talucci_2024,2019-09-18,62.06522,125.8492,1,82.3,7.53,10,82.3,,unknown,,10.6,unburned,,
east_fork,Talucci_2024,2023-09-26,62.06581,-163.0554,1,76.0,19.52,21,76.0,,unknown,1,24.0,burned,,
yert,Talucci_2024,2019-09-18,62.07055,125.9119,1,112.9,12.06,10,112.9,,unknown,1,3.0,burned,,
east_fork,Talucci_2024,2023-09-26,62.07224,-163.0426,1,125.27,47.79,11,125.27,,unknown,1,20.0,burned,,
yert,Talucci_2024,2019-09-18,62.07247,125.8988,1,145.3,10.06,10,145.3,,unknown,1,3.1,burned,,
yert,Talucci_2024,2019-09-18,62.07349,125.907,1,153.7,7.99,10,153.7,,unknown,1,2.3,burned,,
yert,Talucci_2024,2019-09-18,62.07673,125.9035,1,141.3,15.9,10,141.3,,unknown,1,2.5,burned,,
yert,Talucci_2024,2019-09-18,62.07789,125.8963,1,104.1,6.98,10,104.1,,unknown,1,9.6,burned,,
yert,Talucci_2024,2019-09-18,62.07823,125.9636,1,184.8,20.86,10,184.8,,unknown,1,6.0,burned,,
yert,Talucci_2024,2019-09-18,62.07857,125.9267,1,154.6,34.86,10,154.6,,unknown,1,2.7,burned,,
yert,Talucci_2024,2019-09-18,62.08051,125.9102,1,109.2,11.45,10,109.2,,unknown,1,6.8,burned,,
yert,Talucci_2024,2019-09-18,62.08263,125.9043,1,158.7,12.6,10,158.7,,unknown,1,2.4,burned,,
east_fork,Talucci_2024,2023-09-26,62.08422,-163.0353,1,108.45,28.43,11,108.45,,unknown,1,19.0,burned,,
yert,Talucci_2024,2019-09-18,62.08689,125.961,1,203.8,5.57,10,203.8,,unknown,1,4.6,burned,,
east_fork,Talucci_2024,2023-09-26,62.08968,-163.1051,1,68.55,17.62,11,68.55,,unknown,,31.2,unburned,,
east_fork,Talucci_2024,2023-09-26,62.09795,-163.0901,1,83.9,20.53,10,83.9,,unknown,,40.2,unburned,,
east_fork,Talucci_2024,2023-09-26,62.10717,-163.0713,1,54.0,4.22,21,54.0,,unknown,,40.2,unburned,,
east_fork,Talucci_2024,2023-09-26,62.10877,-162.9975,1,94.55,27.39,11,94.55,,unknown,1,20.2,burned,,
east_fork,Talucci_2024,2023-09-26,62.1123,-163.0652,1,74.18,16.5,11,74.18,,unknown,,33.2,unburned,,
east_fork,Talucci_2024,2023-09-26,62.11291,-162.9966,1,119.36,20.84,11,119.36,,unknown,1,10.1,burned,,
east_fork,Talucci_2024,2023-09-26,62.12627,-163.0249,1,101.45,20.97,11,101.45,,unknown,1,16.1,burned,,
east_fork,Talucci_2024,2023-09-25,62.15763,-162.9708,1,74.82,18.97,17,74.82,,unknown,1,33.9,burned,,
east_fork,Talucci_2024,2023-09-25,62.16423,-162.9667,1,63.82,13.28,11,63.82,,unknown,1,36.5,burned,,
east_fork,Talucci_2024,2023-09-25,62.18034,-162.9605,1,176.36,37.71,11,176.36,,unknown,1,15.7,burned,,
east_fork,Talucci_2024,2023-09-25,62.19803,-162.9358,1,77.18,19.18,11,77.18,,unknown,1,33.4,burned,,
east_fork,Talucci_2024,2023-09-25,62.20332,-162.9201,1,75.27,12.8,11,75.27,,unknown,1,25.0,burned,,
CG2-5,Talucci_2024,2019-10-04,62.21236,-116.313,1,57.0,8.15,5,57.0,,unknown,,13.5,unburned,,
east_fork,Talucci_2024,2023-09-25,62.23914,-162.9392,1,104.18,40.69,11,104.18,,unknown,1,28.4,burned,,
east_fork,Talucci_2024,2023-09-25,62.24113,-162.9426,1,83.09,18.18,11,83.09,,unknown,1,30.6,burned,,
east_fork,Talucci_2024,2023-09-25,62.24367,-162.9476,1,88.36,9.12,11,88.36,,unknown,1,34.9,burned,,
camsell_unburn,Talucci_2024,2015-09-28,62.24611,-122.5731,1,67.02,13.56,131,67.02,,unknown,,230.0,unburned,,
camsell_1975,Talucci_2024,2015-09-26,62.24611111,-122.6355556,1,65.0,,1,65.0,,unknown,40,230.0,burned,53.0,2015-07-28
camsell_unburn,Talucci_2024,2015-09-27,62.24611111,-122.5730556,1,63.75,10.48,67,63.75,,unknown,,230.0,unburned,,
east_fork,Talucci_2024,2023-09-25,62.2596,-162.8912,1,85.09,11.33,11,85.09,,unknown,1,46.9,burned,,
east_fork,Talucci_2024,2023-09-25,62.27045,-162.8983,1,87.91,10.34,11,87.91,,unknown,1,45.9,burned,,
camsell_1975,Talucci_2024,2015-09-26,62.29972,-122.6356,1,64.77,13.18,117,64.77,,unknown,40,230.0,burned,,
camsell_1975,Talucci_2024,2016-09-26,62.29972,-122.6356,1,88.13,32.09,117,88.13,,unknown,41,230.0,burned,,
camsell_1975,Talucci_2024,2015-09-26,62.29972222,-122.6355556,1,65.85,19.74,62,65.85,,unknown,40,230.0,burned,,
east_fork,Talucci_2024,2023-09-25,62.30191,-162.8341,1,150.18,42.57,11,150.18,,unknown,1,19.5,burned,,
east_fork,Talucci_2024,2023-09-25,62.31556,-162.8376,1,77.27,18.18,11,77.27,,unknown,1,33.0,burned,,
b9,Talucci_2024,2016-09-26,62.34465,-116.4817,1,76.16,13.1,34,76.16,,unknown,2,80.0,burned,,
b9,Talucci_2024,2017-09-26,62.34465,-116.4817,1,59.25,7.23,34,59.25,,unknown,3,80.0,burned,,
b9,Talucci_2024,2018-09-16,62.34465,-116.4817,1,75.6,19.19,34,75.6,,unknown,4,80.0,burned,,
b9,Talucci_2024,2015-09-26,62.34465,-116.48166,1,66.54,6.63,24,66.54,,unknown,1,80.0,burned,,
ZF46-18,Talucci_2024,2015-09-26,62.34484,-116.48,1,67.5,7.78,2,67.5,,unknown,1,36.6,burned,,
ZF46-21,Talucci_2024,2015-09-26,62.3505,-116.509,1,56.89,4.14,11,56.89,,unknown,1,14.699999999999998,burned,,
ZF46-21,Talucci_2024,2016-09-26,62.3505,-116.509,1,45.0,4.24,11,45.0,,unknown,2,14.7,burned,,
east_fork,Talucci_2024,2023-09-25,62.36598,-162.8253,1,87.45,13.55,11,87.45,,unknown,1,26.2,burned,,
east_fork,Talucci_2024,2023-09-25,62.37108,-162.8202,1,85.55,9.61,11,85.55,,unknown,,33.4,unburned,,
east_fork,Talucci_2024,2023-09-25,62.37233,-162.8225,1,53.91,8.86,11,53.91,,unknown,,33.7,unburned,,
apoon_pass,Talucci_2024,2023-09-26,62.427,-163.5687,1,69.09,13.46,11,69.09,,unknown,,34.2,unburned,,
apoon_pass,Talucci_2024,2023-09-26,62.42771,-163.5255,1,69.27,3.93,11,69.27,,unknown,1,30.9,burned,,
ub3,Talucci_2024,2016-09-25,62.45825,-114.5316,1,70.4,12.13,170,70.4,,unknown,,180.0,unburned,,
ub3,Talucci_2024,2015-09-27,62.45825,-114.53159,1,67.18,14.93,56,67.18,,unknown,,180.0,unburned,,
apoon_pass,Talucci_2024,2023-09-25,62.46206,-163.3458,1,62.55,11.2,11,62.55,,unknown,,35.2,unburned,,
apoon_pass,Talucci_2024,2023-09-26,62.46968,-163.4969,1,73.64,3.32,11,73.64,,unknown,1,28.1,burned,,
apoon_pass,Talucci_2024,2023-09-25,62.47728,-163.3806,1,69.27,6.28,11,69.27,,unknown,1,31.8,burned,,
ZF46-15,Talucci_2024,2015-09-26,62.47921,-116.507,1,109.6,10.01,10,109.6,,unknown,1,3.4,burned,,
ZF46-15,Talucci_2024,2019-10-02,62.47939,-116.507,1,144.2,9.63,5,144.2,,unknown,5,3.4,burned,,
ZF46-1,Talucci_2024,2015-09-26,62.47995,-116.52,1,126.8,14.98,31,126.8,,unknown,1,16.1,burned,,
ZF46-1,Talucci_2024,2016-09-26,62.47995,-116.52,1,148.5,18.44,31,148.5,,unknown,2,16.1,burned,,
ZF46-1,Talucci_2024,2017-09-26,62.47995,-116.52,1,167.0,50.5,31,167.0,,unknown,3,16.1,burned,,
ZF46-1,Talucci_2024,2018-09-15,62.47995,-116.52,1,199.0,0.0,31,199.0,,unknown,4,16.1,burned,,
b12,Talucci_2024,2015-09-26,62.48088,-116.52031,1,68.06,15.12,18,68.06,,unknown,1,101.0,burned,,
b12,Talucci_2024,2016-09-26,62.48088,-116.5203,1,64.27,14.68,17,64.27,,unknown,2,101.0,burned,,
b12,Talucci_2024,2017-09-26,62.48088,-116.5203,1,74.83,8.64,17,74.83,,unknown,3,101.0,burned,,
ZF46-15,Talucci_2024,2015-09-26,62.48114,-116.508,1,104.0,6.68,10,104.0,,unknown,1,30.5,burned,,
ZF46-15,Talucci_2024,2019-10-02,62.48133,-116.508,1,177.4,22.79,5,177.4,,unknown,5,30.5,burned,,
apoon_pass,Talucci_2024,2023-09-25,62.4829,-163.3422,1,77.73,7.23,11,77.73,,unknown,1,31.3,burned,,
b13,Talucci_2024,2016-09-26,62.48494,-116.5178,1,105.71,8.1,7,105.71,,unknown,2,33.0,burned,,
b13,Talucci_2024,2015-09-26,62.48494,-116.51777,1,86.11,18.33,18,86.11,,unknown,1,33.0,burned,,
apoon_pass,Talucci_2024,2023-09-26,62.49283,-163.5273,1,81.73,7.21,11,81.73,,unknown,1,27.7,burned,,
apoon_pass,Talucci_2024,2023-09-25,62.51404,-163.284,1,73.45,4.08,11,73.45,,unknown,1,25.3,burned,,
apoon_pass,Talucci_2024,2023-09-26,62.51807,-163.459,1,74.55,10.88,11,74.55,,unknown,1,34.1,burned,,
b14,Talucci_2024,2016-09-27,62.5222,-113.382,1,59.84,8.97,239,59.84,,unknown,1,,burned,,
b14,Talucci_2024,2017-09-26,62.5222,-113.382,1,67.26,8.34,239,67.26,,unknown,2,,burned,,
b14,Talucci_2024,2018-09-14,62.5222,-113.382,1,80.25,10.5,239,80.25,,unknown,3,,burned,,
b14,Talucci_2024,2019-10-02,62.5222,-113.382,1,73.12,9.64,239,73.12,,unknown,4,,burned,,
apoon_pass,Talucci_2024,2023-09-25,62.5431,-163.377,1,72.27,7.43,11,72.27,,unknown,1,41.4,burned,,
apoon_pass,Talucci_2024,2023-09-26,62.57092,-163.3946,1,71.73,11.05,11,71.73,,unknown,1,26.9,burned,,
apoon_pass,Talucci_2024,2023-09-25,62.57694,-163.2258,1,80.45,6.44,11,80.45,,unknown,1,31.1,burned,,
apoon_pass,Talucci_2024,2023-09-26,62.58331,-163.3251,1,74.64,5.66,11,74.64,,unknown,1,31.4,burned,,
apoon_pass,Talucci_2024,2023-09-26,62.58402,-163.5193,1,77.27,7.63,11,77.27,,unknown,1,30.0,burned,,
apoon_pass,Talucci_2024,2023-09-25,62.58781,-163.2485,1,79.91,12.26,11,79.91,,unknown,,33.4,unburned,,
CG2-20,Talucci_2024,2019-10-03,62.60675,-116.326,1,129.2,45.59,5,129.2,,unknown,,36.6,unburned,,
CG2-20,Talucci_2024,2019-10-03,62.6069,-116.325,1,144.9,14.46,10,144.9,,unknown,,17.3,unburned,,
F2-137,Talucci_2024,2019-10-04,62.64542,-116.231,1,197.4,10.29,5,197.4,,unknown,47,39.22222,burned,,
F2-4,Talucci_2024,2019-10-04,62.65087,-116.261,1,139.2,11.52,5,139.2,,unknown,47,19.55,burned,,
F2-18,Talucci_2024,2019-10-04,62.65736,-116.211,1,152.0,7.38,5,152.0,,unknown,47,20.9,burned,,
F2-18,Talucci_2024,2019-10-04,62.65991,-116.214,1,165.6,24.07,5,165.6,,unknown,47,30.95,burned,,
C1-32,Talucci_2024,2019-10-05,62.66273,-115.348,1,109.6,5.81,5,109.6,,unknown,,13.75,unburned,,
C1-19,Talucci_2024,2019-10-05,62.69086,-115.47,1,108.5,57.65,4,108.5,,unknown,,25.75,unburned,,
C1-8,Talucci_2024,2019-10-05,62.70866,-115.601,1,96.6,22.29,5,96.6,,unknown,,25.05,unburned,,
C1-21,Talucci_2024,2019-10-05,62.72734,-115.629,1,145.0,38.18,2,145.0,,unknown,,27.95,unburned,,
C1-17,Talucci_2024,2019-10-05,62.7295,-115.698,1,77.8,8.07,5,77.8,,unknown,,11.15,unburned,,
C1-14,Talucci_2024,2019-10-05,62.732,-115.651,1,55.8,4.38,5,55.8,,unknown,,22.4,unburned,,
F11-19,Talucci_2024,2019-10-05,62.75426,-115.771,1,75.5,16.46,4,75.5,,unknown,48,25.05,burned,,
F11-1,Talucci_2024,2019-10-05,62.75854,-115.775,1,172.0,67.08,5,172.0,,unknown,48,29.45,burned,,
F11-15,Talucci_2024,2019-10-05,62.7592,-115.786,1,69.2,6.53,5,69.2,,unknown,48,41.45,burned,,
F11-10,Talucci_2024,2019-10-05,62.76122,-115.813,1,56.25,5.85,4,56.25,,unknown,48,30.8,burned,,
C5-11,Talucci_2024,2018-09-05,62.98644,-114.054,1,71.0,11.42,5,71.0,,unknown,,53.7,unburned,,
C5-4,Talucci_2024,2018-09-05,63.02294,-114.103,1,58.0,17.0,5,58.0,,unknown,,26.15,unburned,,
F13-5,Talucci_2024,2018-09-06,63.03386,-114.351,1,52.0,5.57,3,52.0,,unknown,45,35.75,burned,,
F13-11,Talucci_2024,2018-09-05,63.04548,-114.128,1,88.5,19.81,4,88.5,,unknown,45,47.8,burned,,
F13-11,Talucci_2024,2018-09-05,63.04645,-114.124,1,46.5,13.03,4,46.5,,unknown,45,19.15,burned,,
C3-3,Talucci_2024,2018-09-05,63.11221,-113.777,1,46.0,10.58,3,46.0,,unknown,,21.649999999999995,unburned,,
b16,Talucci_2024,2015-09-25,63.13243,-114.00634,1,90.32,23.31,41,90.32,,unknown,1,,burned,,
b16,Talucci_2024,2016-09-20,63.13243,-114.0063,1,84.5,19.07,54,84.5,,unknown,2,,burned,,
b16,Talucci_2024,2018-09-05,63.13243,-114.0063,1,82.5,26.35,54,82.5,,unknown,4,,burned,,
b15,Talucci_2024,2015-09-25,63.13341,-114.00413,1,76.48,19.24,56,76.48,,unknown,1,,burned,,
b15,Talucci_2024,2016-09-20,63.13341,-114.0041,1,79.23,15.68,93,79.23,,unknown,2,,burned,,
b15,Talucci_2024,2018-09-05,63.13341,-114.0041,1,90.98,13.52,93,90.98,,unknown,4,,burned,,
THNM,Talucci_2024,2008-09-14,63.41814,-142.48384,1,36.0,,1,36.0,,unknown,,28.0,unburned,35.0,2008-09-03
THNM,Talucci_2024,2008-09-14,63.41829,-142.48338,1,32.0,,1,32.0,,unknown,,33.0,unburned,31.0,2008-09-03
THNM,Talucci_2024,2008-09-14,63.45807,-142.49008,1,66.0,,1,66.0,,unknown,,24.0,unburned,64.0,2008-09-05
DFCC,Talucci_2024,2001-09-26,63.8468,-145.719,1,54.82,11.02,100,54.82,,unknown,,,unburned,,
DFCB,Talucci_2024,2001-09-26,63.8474,-145.717,1,52.5,12.02,2,52.5,,unknown,2,,burned,,
DFTC,Talucci_2024,2001-09-27,63.88801,-145.739,1,74.95,33.39,150,74.95,,unknown,,,unburned,,
DFTB,Talucci_2024,2001-09-27,63.9206,-145.746,1,108.12,59.85,140,108.12,,unknown,2,,burned,,
TF10,Talucci_2024,2011-09-28,64.715769,-148.009622,1,106.81,17.33,152,106.81,,unknown,1,,burned,,
TF10,Talucci_2024,2012-09-28,64.715769,-148.009622,1,142.62,28.38,152,142.62,,unknown,2,,burned,,
TF10,Talucci_2024,2013-10-08,64.715769,-148.009622,1,154.34,36.42,152,154.34,,unknown,3,,burned,,
TF10,Talucci_2024,2014-09-22,64.715769,-148.009622,1,165.0,25.0,152,165.0,,unknown,4,,burned,,
TF10,Talucci_2024,2020-09-29,64.71577,-148.0096,1,293.06,35.11,53,293.06,,unknown,10,,burned,,
TF10,Talucci_2024,2018-10-14,64.71577,-148.0096,1,316.5,34.45,53,316.5,,unknown,8,,burned,,
Farmers CALM,Talucci_2024,2015-10-02,64.87646,-147.6671,1,62.34,10.11,648,62.34,,unknown,,,unburned,,
Farmers CALM,Talucci_2024,2005-09-21,64.87646,-147.66708,1,55.76,8.02,1288,55.76,,unknown,,,unburned,,
C7-9,Talucci_2024,2018-09-17,65.15188,-126.852,1,64.8,14.02,5,64.8,,unknown,,39.95,unburned,,
C7-9,Talucci_2024,2018-09-17,65.15314,-126.848,1,73.0,13.64,5,73.0,,unknown,,32.75,unburned,,
C7-18,Talucci_2024,2018-09-17,65.1709,-126.815,1,53.8,6.98,5,53.8,,unknown,,42.65,unburned,,
C7-18,Talucci_2024,2018-09-17,65.17146,-126.812,1,95.8,29.11,5,95.8,,unknown,,25.0,unburned,,
NCU_NEW,Talucci_2024,2018-09-23,65.28537,-146.5598,1,91.73,30.17,15,91.73,,unknown,,,unburned,,
NCU_NEW,Talucci_2024,2018-09-23,65.28548,-146.5603,1,58.92,16.31,12,58.92,,unknown,,,unburned,,
NCU_NEW,Talucci_2024,2018-09-23,65.28552,-146.56,1,71.46,31.31,13,71.46,,unknown,,,unburned,,
NCB_NEW,Talucci_2024,2018-09-23,65.28572,-146.558,1,134.31,13.74,13,134.31,,unknown,14,,burned,,
NCU_NEW,Talucci_2024,2018-09-23,65.28573,-146.5597,1,57.53,32.47,15,57.53,,unknown,,,unburned,,
NCB_NEW,Talucci_2024,2018-09-23,65.28579,-146.5584,1,88.45,16.06,11,88.45,,unknown,3,,burned,,
NCB_NEW,Talucci_2024,2018-09-23,65.28591,-146.5587,1,64.62,35.82,13,64.62,,unknown,14,,burned,,
NCB_NEW,Talucci_2024,2018-09-23,65.28593,-146.5576,1,95.31,20.04,16,95.31,,unknown,14,,burned,,
NCB_NEW,Talucci_2024,2018-09-23,65.28604,-146.5581,1,86.5,20.13,10,86.5,,unknown,3,,burned,,
NCB_NEW,Talucci_2024,2018-09-23,65.28616,-146.5584,1,66.87,23.95,15,66.87,,unknown,14,,burned,,
NCB_OLD,Talucci_2024,2017-09-27,65.33986,-146.91,1,31.75,6.95,16,31.75,,unknown,13,26.0,burned,,
NCB_OLD,Talucci_2024,2017-09-27,65.33992,-146.9103,1,41.62,14.42,16,41.62,,unknown,13,23.5,burned,,
NCB_OLD,Talucci_2024,2017-09-27,65.33995,-146.9107,1,39.44,14.12,16,39.44,,unknown,2,12.5,burned,,
NCU_OLD,Talucci_2024,2016-09-23,65.34014,-146.9202,1,45.57,6.4,30,45.57,,unknown,,42.5,unburned,,
NCB_OLD,Talucci_2024,2017-09-27,65.34015,-146.9098,1,50.5,22.39,14,50.5,,unknown,13,20.5,burned,,
NCB_OLD,Talucci_2024,2017-09-27,65.34018,-146.9102,1,44.0,16.69,15,44.0,,unknown,13,13.0,burned,,
NCB_OLD,Talucci_2024,2017-09-27,65.34019,-146.9105,1,42.93,16.47,15,42.93,,unknown,2,18.0,burned,,
NCU_OLD,Talucci_2024,2016-09-23,65.34021,-146.9199,1,46.57,7.71,30,46.57,,unknown,,37.0,unburned,,
NCU_OLD,Talucci_2024,2016-09-23,65.3403,-146.9194,1,50.17,8.79,30,50.17,,unknown,,52.5,unburned,,
NCU_OLD,Talucci_2024,2016-09-23,65.34039,-146.9204,1,46.62,7.01,32,46.62,,unknown,,43.0,unburned,,
NCU_OLD,Talucci_2024,2016-09-23,65.3405,-146.9201,1,47.5,5.98,32,47.5,,unknown,,33.333333333333336,unburned,,
NCU_OLD,Talucci_2024,2016-09-23,65.34055,-146.9196,1,48.03,7.79,32,48.03,,unknown,,32.0,unburned,,
HCCS,Talucci_2024,2007-09-20,65.34488,-148.5753,1,79.0,,1,79.0,,unknown,,24.0,unburned,79.0,2007-09-17
seward peninsula west,Talucci_2024,2012-09-12,65.36100441,-164.6781755,1,35.0,,1,35.0,,unknown,,23.75,unburned,27.5,2012-07-25
seward peninsula west,Talucci_2024,2012-09-12,65.36107563,-164.6779167,1,43.0,,1,43.0,,unknown,,11.75,unburned,34.25,2012-07-25
seward peninsula west,Talucci_2024,2012-09-12,65.36120686,-164.6763458,1,33.0,,1,33.0,,unknown,,25.75,unburned,26.0,2012-07-25
seward peninsula west,Talucci_2024,2012-09-13,65.42610879,-164.6203555,1,66.0,,1,66.0,,unknown,10,8.5,burned,52.25,2012-07-24
seward peninsula west,Talucci_2024,2012-09-13,65.42689034,-164.6136419,1,58.0,,1,58.0,,unknown,10,2.0,burned,45.5,2012-07-24
seward peninsula west,Talucci_2024,2012-09-13,65.42719292,-164.6126677,1,69.0,,1,69.0,,unknown,10,5.0,burned,54.0,2012-07-24
seward peninsula west,Talucci_2024,2012-09-13,65.4274926,-164.6105728,1,103.0,,1,103.0,,unknown,10,1.75,burned,81.0,2012-07-24
seward peninsula west,Talucci_2024,2012-09-13,65.42785824,-164.6097053,1,73.0,,1,73.0,,unknown,10,2.5,burned,57.25,2012-07-24
seward peninsula west,Talucci_2024,2012-09-12,65.43199069,-164.6850859,1,31.0,,1,31.0,,unknown,,24.0,unburned,24.25,2012-07-25
seward peninsula west,Talucci_2024,2012-09-12,65.43201141,-164.686422,1,21.0,,1,21.0,,unknown,,14.75,unburned,16.5,2012-07-25
seward peninsula west,Talucci_2024,2012-09-12,65.4336323,-164.6764221,1,30.0,,1,30.0,,unknown,,17.75,unburned,23.75,2012-07-25
seward peninsula west,Talucci_2024,2012-09-12,65.43363795,-164.67487,1,36.0,,1,36.0,,unknown,,13.25,unburned,28.5,2012-07-25
seward peninsula west,Talucci_2024,2012-09-12,65.43383385,-164.6741778,1,25.0,,1,25.0,,unknown,,16.25,unburned,19.75,2012-07-25
seward peninsula west,Talucci_2024,2012-09-13,65.43569645,-164.6446418,1,94.0,,1,94.0,,unknown,10,0.625,burned,74.25,2012-07-24
seward peninsula west,Talucci_2024,2012-09-13,65.43607515,-164.6454344,1,60.0,,1,60.0,,unknown,10,2.375,burned,47.25,2012-07-24
seward peninsula west,Talucci_2024,2012-09-13,65.43611104,-164.6454339,1,48.0,,1,48.0,,unknown,10,7.75,burned,37.5,2012-07-24
seward peninsula west,Talucci_2024,2012-09-13,65.43664477,-164.6473023,1,85.0,,1,85.0,,unknown,10,2.25,burned,67.0,2012-07-24
seward peninsula west,Talucci_2024,2012-09-11,65.45847215,-164.666039,1,57.0,,1,57.0,,unknown,41,3.5,burned,44.25,2012-07-23
seward peninsula west,Talucci_2024,2012-09-11,65.45887703,-164.6665517,1,27.0,,1,27.0,,unknown,41,15.125,burned,21.0,2012-07-23
seward peninsula west,Talucci_2024,2012-09-11,65.45908515,-164.6673474,1,36.0,,1,36.0,,unknown,41,12.5,burned,28.0,2012-07-23
seward peninsula west,Talucci_2024,2012-09-11,65.45918261,-164.6792568,1,32.0,,1,32.0,,unknown,41,23.25,burned,25.25,2012-07-23
seward peninsula west,Talucci_2024,2012-09-11,65.45992479,-164.6697319,1,27.0,,1,27.0,,unknown,41,14.0,burned,21.0,2012-07-23
seward peninsula west,Talucci_2024,2012-09-11,65.46003098,-164.6773691,1,27.0,,1,27.0,,unknown,41,11.5,burned,21.0,2012-07-23
seward peninsula west,Talucci_2024,2012-09-11,65.46052848,-164.6750541,1,29.0,,1,29.0,,unknown,41,19.25,burned,22.75,2012-07-23
seward peninsula west,Talucci_2024,2012-09-11,65.46055983,-164.6688176,1,19.0,,1,19.0,,unknown,41,15.25,burned,15.0,2012-07-23
seward peninsula west,Talucci_2024,2012-09-11,65.46072847,-164.6720954,1,28.0,,1,28.0,,unknown,41,20.0,burned,21.75,2012-07-23
seward peninsula west,Talucci_2024,2012-09-11,65.46081547,-164.6708427,1,26.0,,1,26.0,,unknown,41,21.0,burned,20.0,2012-07-23
HC90,Talucci_2024,2007-09-11,65.48797,-149.48595,1,55.0,,2,55.0,,unknown,17,7.0,burned,,
HC67,Talucci_2024,2007-09-11,65.48797,-149.48595,1,45.0,,2,45.0,,unknown,40,20.0,burned,,
HCU,Talucci_2024,2017-09-30,65.56675,-148.9246,1,44.7,6.85,33,44.7,,unknown,,,unburned,,
HCU,Talucci_2024,2017-09-30,65.56714,-148.9252,1,49.26,11.83,34,49.26,,unknown,,,unburned,,
HCU,Talucci_2024,2016-09-23,65.56719,-148.9257,1,47.44,8.67,45,47.44,,unknown,,23.5,unburned,,
HCU,Talucci_2024,2016-09-23,65.56723,-148.9254,1,47.3,9.54,44,47.3,,unknown,,14.333333333333334,unburned,,
HCU,Talucci_2024,2016-09-23,65.56728,-148.925,1,50.31,9.93,45,50.31,,unknown,,30.833333333333332,unburned,,
HCU,Talucci_2024,2016-09-23,65.56746,-148.9256,1,51.77,11.01,48,51.77,,unknown,,18.25,unburned,,
HCU,Talucci_2024,2017-09-30,65.56748,-148.9259,1,43.33,7.69,33,43.33,,unknown,,,unburned,,
HCU,Talucci_2024,2016-09-23,65.56748,-148.9258,1,48.46,8.14,48,48.46,,unknown,,23.333333333333332,unburned,,
HCU,Talucci_2024,2016-09-23,65.56756,-148.9251,1,51.35,7.87,48,51.35,,unknown,,20.25,unburned,,
HCCN,Talucci_2024,2007-09-18,65.56758,-148.92488,1,50.5,4.95,2,50.5,,unknown,,23.0,unburned,,
HCB,Talucci_2024,2017-09-30,65.56862,-148.9238,1,92.93,11.54,30,92.93,,unknown,14,,burned,,
HCB,Talucci_2024,2018-09-22,65.56862,-148.9238,1,109.53,24.67,30,109.53,,unknown,15,,burned,,
HCB,Talucci_2024,2017-09-30,65.56863,-148.9232,1,88.67,12.06,30,88.67,,unknown,14,,burned,,
HCB,Talucci_2024,2018-09-22,65.56863,-148.9232,1,98.4,17.03,30,98.4,,unknown,15,,burned,,
HC03,Talucci_2024,2007-09-18,65.56866,-148.92282,1,78.0,,1,78.0,,unknown,4,8.0,burned,78.0,2007-09-15
HC03,Talucci_2024,2007-09-18,65.56872,-148.92261,1,60.33,7.09,3,60.33,,unknown,4,13.333333333333334,burned,,
HCB,Talucci_2024,2017-09-30,65.56874,-148.9241,1,78.27,11.3,30,78.27,,unknown,2,,burned,,
HCB,Talucci_2024,2018-09-22,65.56874,-148.9241,1,84.4,9.83,30,84.4,,unknown,3,,burned,,
HCB,Talucci_2024,2017-09-30,65.5689,-148.9238,1,82.81,12.89,32,82.81,,unknown,14,,burned,,
HCB,Talucci_2024,2018-09-22,65.5689,-148.9238,1,93.0,12.11,32,93.0,,unknown,15,,burned,,
HCB,Talucci_2024,2017-09-30,65.56891,-148.9232,1,90.58,13.05,40,90.58,,unknown,14,,burned,,
HCB,Talucci_2024,2018-09-22,65.56891,-148.9232,1,114.5,24.9,40,114.5,,unknown,15,,burned,,
HCB,Talucci_2024,2017-09-30,65.56899,-148.924,1,85.4,16.36,31,85.4,,unknown,2,,burned,,
HCB,Talucci_2024,2018-09-22,65.56899,-148.924,1,91.44,20.14,31,91.44,,unknown,3,,burned,,
HCB,Talucci_2024,2017-09-30,65.56908,-148.9238,1,84.42,13.24,31,84.42,,unknown,14,,burned,,
HCB,Talucci_2024,2017-09-30,65.56953,-148.9239,1,85.09,16.5,22,85.09,,unknown,14,,burned,,
ECLB,Talucci_2024,2005-09-17,65.57626,-148.95951,1,72.62,19.32,120,72.62,,unknown,2,13.88135593220339,burned,,
ECLC,Talucci_2024,2005-09-17,65.577626,-148.95982,1,59.18,10.69,119,59.18,,unknown,,16.89830508474576,unburned,,
STEESE_1,Talucci_2024,2019-09-22,65.58279,-144.9942,1,131.2,25.13,5,131.2,,unknown,14,1.982,burned,,
STEESE_2,Talucci_2024,2019-09-22,65.58768,-144.9726,1,128.17,12.59,6,128.17,,unknown,14,9.0,burned,,
STEESE_2,Talucci_2024,2019-09-22,65.58785,-144.9703,1,141.67,19.86,3,141.67,,unknown,14,12.0,burned,,
STEESE_2,Talucci_2024,2019-09-22,65.58894,-144.9748,1,108.29,12.24,7,108.29,,unknown,14,9.714285714285714,burned,,
STEESE_2,Talucci_2024,2019-09-22,65.58942,-144.9704,1,141.8,18.69,5,141.8,,unknown,14,13.0,burned,,
C9-1,Talucci_2024,2018-08-31,65.59224,-127.412,1,61.4,7.64,5,61.4,,unknown,,47.3,unburned,,
F17-5,Talucci_2024,2018-09-02,65.605,-127.499,1,104.8,17.21,5,104.8,,unknown,4,17.4,burned,,
F17-5,Talucci_2024,2018-09-02,65.60578,-127.497,1,85.0,21.92,4,85.0,,unknown,4,17.3,burned,,
C9-5,Talucci_2024,2018-09-02,65.62686,-127.542,1,59.6,15.06,5,59.6,,unknown,,39.1,unburned,,
C9-9,Talucci_2024,2018-08-31,65.64198,-127.408,1,83.6,29.33,5,83.6,,unknown,,29.4,unburned,,
C9-9,Talucci_2024,2018-08-31,65.64261,-127.411,1,71.2,14.24,5,71.2,,unknown,,50.0,unburned,,
ECHB,Talucci_2024,2005-09-17,65.667269,-148.96782,1,68.1,11.39,228,68.1,,unknown,2,23.9,burned,,
ECHC,Talucci_2024,2005-09-17,65.667269,-148.96782,1,82.68,26.78,228,82.68,,unknown,,45.0,unburned,,
DALTON_1,Talucci_2024,2019-09-28,65.69073,-149.125,1,174.0,8.49,2,174.0,,unknown,14,11.0,burned,,
DALTON_1,Talucci_2024,2019-09-28,65.69112,-149.118,1,132.0,11.8,4,132.0,,unknown,14,11.25,burned,,
DALTON_2,Talucci_2024,2019-09-28,65.70004,-149.117,1,112.0,11.86,4,112.0,,unknown,14,8.5,burned,,
DALTON_1,Talucci_2024,2019-09-28,65.70615,-149.224,1,152.0,,1,152.0,,unknown,14,15.0,burned,133.0,2019-08-10
DALTON_1,Talucci_2024,2019-09-28,65.7068,-149.186,1,110.0,,1,110.0,,unknown,14,9.0,burned,95.0,2019-08-07
DALTON_0,Talucci_2024,2019-09-28,65.71309,-149.228,1,91.4,8.25,10,91.4,,unknown,,18.7,unburned,,
DALTON_0,Talucci_2024,2019-09-28,65.71369,-149.233,1,80.8,10.22,10,80.8,,unknown,,21.1,unburned,,
DALTON_0,Talucci_2024,2019-09-28,65.71578,-149.226,1,106.8,21.0,10,106.8,,unknown,,25.5,unburned,,
DALTON_0,Talucci_2024,2019-09-28,65.71918,-149.227,1,92.6,11.89,10,92.6,,unknown,,17.1,unburned,,
HCCN,Talucci_2024,2007-09-18,65.79545,-149.45639,1,47.0,,1,47.0,,unknown,4,25.0,burned,47.0,2007-09-13
HCCN,Talucci_2024,2007-09-18,65.81447,-149.58308,1,46.0,,1,46.0,,unknown,,33.0,unburned,46.0,2007-09-14
seward peninsula east,Talucci_2024,2012-09-13,65.84966611,-166.3930159,1,57.0,,1,57.0,,unknown,1,10.75,burned,44.0,2012-07-29
seward peninsula east,Talucci_2024,2012-09-13,65.84989569,-166.3914509,1,47.0,,1,47.0,,unknown,1,18.75,burned,35.75,2012-07-29
seward peninsula east,Talucci_2024,2012-09-13,65.84990724,-166.3911667,1,74.0,,1,74.0,,unknown,1,7.75,burned,56.5,2012-07-29
seward peninsula east,Talucci_2024,2012-09-15,65.85009303,-166.3924475,1,59.0,,1,59.0,,unknown,1,14.0,burned,44.5,2012-07-29
nwsib_p2020_s.1,Talucci_2024,2020-10-03,65.85096,74.38171,1,249.0,,1,249.0,,unknown,,2.0,unburned,210.0,2020-08-16
seward peninsula east,Talucci_2024,2012-09-15,65.85161579,-166.3927491,1,50.0,,1,50.0,,unknown,1,13.25,burned,37.75,2012-07-29
seward peninsula east,Talucci_2024,2012-09-15,65.85192573,-166.3932041,1,71.0,,1,71.0,,unknown,1,11.0,burned,53.25,2012-07-29
seward peninsula east,Talucci_2024,2012-09-15,65.85215594,-166.3935452,1,56.0,,1,56.0,,unknown,1,11.25,burned,42.0,2012-07-29
seward peninsula east,Talucci_2024,2012-09-15,65.85229486,-166.3940567,1,57.0,,1,57.0,,unknown,1,22.75,burned,43.0,2012-07-29
seward peninsula east,Talucci_2024,2012-09-15,65.85236004,-166.3947833,1,59.0,,1,59.0,,unknown,1,16.5,burned,44.5,2012-07-29
seward peninsula east,Talucci_2024,2012-09-15,65.85274053,-166.3953736,1,73.0,,1,73.0,,unknown,1,11.75,burned,55.0,2012-07-29
seward peninsula east,Talucci_2024,2012-09-15,65.85362077,-166.4099927,1,66.0,,1,66.0,,unknown,30,11.0,burned,50.5,2012-07-30
seward peninsula east,Talucci_2024,2012-09-15,65.85391957,-166.4097023,1,64.0,,1,64.0,,unknown,30,23.5,burned,48.5,2012-07-30
seward peninsula east,Talucci_2024,2012-09-15,65.8539492,-166.4103832,1,58.0,,1,58.0,,unknown,30,20.25,burned,44.25,2012-07-30
seward peninsula east,Talucci_2024,2012-09-15,65.85403597,-166.4097306,1,61.0,,1,61.0,,unknown,30,15.25,burned,46.25,2012-07-30
seward peninsula east,Talucci_2024,2012-09-15,65.85499877,-166.4084686,1,73.0,,1,73.0,,unknown,30,19.5,burned,55.25,2012-07-30
F15-16,Talucci_2024,2018-09-03,65.87998,-128.231,1,60.8,4.55,5,60.8,,unknown,49,26.85,burned,,
F15-9,Talucci_2024,2018-09-03,65.89741,-128.239,1,88.8,15.17,5,88.8,,unknown,49,15.2,burned,,
F15-9,Talucci_2024,2018-09-03,65.89851,-128.237,1,69.2,13.26,5,69.2,,unknown,49,23.7,burned,,
nwsib_p2020_s.6,Talucci_2024,2020-10-03,66.52213,73.9049,1,226.0,,1,226.0,,unknown,4,3.0,burned,190.0,2020-08-17
nwsib_p2020_s.7,Talucci_2024,2020-10-03,66.53593,73.88074,1,131.0,,1,131.0,,unknown,,3.0,unburned,110.0,2020-08-17
gonzo,Talucci_2024,2018-09-22,67.52828,154.929,1,52.6,15.96,5,52.6,,unknown,,2.125,unburned,,
gonzo,Talucci_2024,2018-09-22,67.52844,154.9287,1,68.4,6.19,5,68.4,,unknown,,5.0,unburned,,
gonzo,Talucci_2024,2018-09-22,67.61228,155.1173,1,209.33,103.57,3,209.33,,unknown,17,4.0625,burned,,
gonzo,Talucci_2024,2018-09-22,67.61287,155.1114,1,54.8,35.8,5,54.8,,unknown,,6.025,unburned,,
gonzo,Talucci_2024,2018-09-22,67.6129,155.112,1,72.0,40.92,5,72.0,,unknown,,6.3,unburned,,
fu,Talucci_2024,2018-09-22,67.64943,155.3614,1,45.2,14.48,5,45.2,,unknown,,10.975,unburned,,
fu,Talucci_2024,2018-09-22,67.64965,155.3615,1,47.0,8.09,5,47.0,,unknown,,11.725,unburned,,
fu,Talucci_2024,2018-09-23,67.65022,155.3624,1,81.4,23.62,5,81.4,,unknown,3,11.175,burned,,
fu,Talucci_2024,2018-09-23,67.65041,155.3627,1,79.0,21.51,5,79.0,,unknown,3,8.65,burned,,
fu,Talucci_2024,2018-09-23,67.6506,155.363,1,84.0,15.89,5,84.0,,unknown,3,9.175,burned,,
fu,Talucci_2024,2018-09-23,67.65077,155.3632,1,82.2,21.89,5,82.2,,unknown,3,8.65,burned,,
fu,Talucci_2024,2018-09-23,67.65115,155.3637,1,103.2,31.11,5,103.2,,unknown,3,6.8,burned,,
fu,Talucci_2024,2018-09-23,67.65151,155.3642,1,83.8,19.01,5,83.8,,unknown,3,9.45,burned,,
fu,Talucci_2024,2018-09-23,67.65211,155.4028,1,41.4,3.97,5,41.4,,unknown,,9.2,unburned,,
fu,Talucci_2024,2018-09-23,67.65226,155.4024,1,45.2,12.24,5,45.2,,unknown,,10.875,unburned,,
fu,Talucci_2024,2018-09-23,67.65262,155.4015,1,43.2,14.6,5,43.2,,unknown,3,10.95,burned,,
fu,Talucci_2024,2018-09-23,67.65277,155.4011,1,48.2,21.64,5,48.2,,unknown,3,10.6,burned,,
fu,Talucci_2024,2018-09-23,67.65295,155.4007,1,50.6,21.77,5,50.6,,unknown,3,11.225,burned,,
fu,Talucci_2024,2018-09-23,67.65313,155.4004,1,43.0,7.14,5,43.0,,unknown,3,9.225,burned,,
fu,Talucci_2024,2018-09-23,67.65347,155.3995,1,81.6,11.39,5,81.6,,unknown,3,11.425,burned,,
fu,Talucci_2024,2018-09-23,67.65381,155.3988,1,70.4,13.3,5,70.4,,unknown,3,8.225,burned,,
foc,Talucci_2024,2018-09-22,67.76843,156.3098,1,64.2,18.54,5,64.2,,unknown,,6.7,unburned,,
foc,Talucci_2024,2018-09-22,67.76868,156.3102,1,60.2,9.73,5,60.2,,unknown,,4.65,unburned,,
foc,Talucci_2024,2018-09-22,67.76888,156.3095,1,51.6,11.35,5,51.6,,unknown,3,2.225,burned,,
foc,Talucci_2024,2018-09-22,67.769,156.309,1,69.6,28.63,5,69.6,,unknown,3,2.95,burned,,
foc,Talucci_2024,2018-09-22,67.76914,156.3085,1,81.6,34.43,5,81.6,,unknown,3,8.6125,burned,,
foc,Talucci_2024,2018-09-22,67.76929,156.3081,1,75.2,24.24,5,75.2,,unknown,3,5.45,burned,,
foc,Talucci_2024,2018-09-22,67.76953,156.307,1,62.0,14.14,5,62.0,,unknown,3,6.525,burned,,
foc,Talucci_2024,2018-09-22,67.76982,156.3062,1,55.4,15.76,5,55.4,,unknown,3,5.325,burned,,
foc,Talucci_2024,2018-09-22,67.77776,156.3235,1,58.6,7.96,5,58.6,,unknown,3,9.7375,burned,,
foc,Talucci_2024,2018-09-22,67.77785,156.3245,1,89.4,19.55,5,89.4,,unknown,3,7.65,burned,,
foc,Talucci_2024,2018-09-22,67.77792,156.3255,1,76.0,7.65,5,76.0,,unknown,3,15.2,burned,,
foc,Talucci_2024,2018-09-22,67.77794,156.3261,1,80.8,19.56,5,80.8,,unknown,3,11.475,burned,,
foc,Talucci_2024,2018-09-22,67.77803,156.3267,1,75.8,12.77,5,75.8,,unknown,3,14.4625,burned,,
foc,Talucci_2024,2018-09-22,67.77805,156.3272,1,61.6,8.41,5,61.6,,unknown,3,13.775,burned,,
foc,Talucci_2024,2018-09-22,67.77807,156.3286,1,63.6,11.13,5,63.6,,unknown,,9.25,unburned,,
foc,Talucci_2024,2018-09-22,67.77808,156.3291,1,50.8,8.35,5,50.8,,unknown,,5.525,unburned,,
ans,Talucci_2024,2019-09-09,67.81182,161.8981,1,48.0,29.27,5,48.0,,unknown,,6.0,unburned,,
ans,Talucci_2024,2019-09-09,67.81192,161.8982,1,64.4,24.11,5,64.4,,unknown,,4.366667,unburned,,
ans,Talucci_2024,2019-09-09,67.81217,161.899,1,79.4,20.43,5,79.4,,unknown,16,10.25,burned,,
ans,Talucci_2024,2019-09-09,67.81233,161.8993,1,45.6,13.46,5,45.6,,unknown,16,8.825,burned,,
ans,Talucci_2024,2019-09-09,67.81251,161.8997,1,32.4,11.82,5,32.4,,unknown,16,9.35,burned,,
ans,Talucci_2024,2019-09-09,67.81268,161.9,1,49.4,12.16,5,49.4,,unknown,16,9.375,burned,,
ans,Talucci_2024,2019-09-09,67.81302,161.9006,1,34.2,5.97,5,34.2,,unknown,16,9.25,burned,,
ans,Talucci_2024,2019-09-09,67.81333,161.9014,1,45.8,22.14,5,45.8,,unknown,16,9.4,burned,,
ans,Talucci_2024,2019-09-09,67.81387,161.7715,1,37.4,15.19,5,37.4,,unknown,,10.025,unburned,,
ans,Talucci_2024,2019-09-09,67.81407,161.7714,1,35.8,6.14,5,35.8,,unknown,,8.5,unburned,,
ans,Talucci_2024,2019-09-09,67.81434,161.7723,1,33.8,7.22,5,33.8,,unknown,16,9.4,burned,,
ans,Talucci_2024,2019-09-09,67.81443,161.7729,1,30.2,5.36,5,30.2,,unknown,16,9.225,burned,,
ans,Talucci_2024,2019-09-09,67.8145,161.7733,1,40.6,4.51,5,40.6,,unknown,16,9.75,burned,,
ans,Talucci_2024,2019-09-09,67.81456,161.7739,1,30.4,6.23,5,30.4,,unknown,16,,burned,,
ans,Talucci_2024,2019-09-09,67.81475,161.7751,1,36.2,8.7,5,36.2,,unknown,16,6.5,burned,,
ans,Talucci_2024,2019-09-09,67.81501,161.7762,1,40.2,9.42,5,40.2,,unknown,16,7.675,burned,,
ans,Talucci_2024,2019-09-09,67.86025,161.6843,1,73.0,60.05,5,73.0,,unknown,,10.55,unburned,,
ans,Talucci_2024,2019-09-09,67.86031,161.6838,1,32.0,11.34,5,32.0,,unknown,,9.9,unburned,,
ans,Talucci_2024,2019-09-09,67.86085,161.6835,1,44.2,6.14,5,44.2,,unknown,16,6.025,burned,,
ans,Talucci_2024,2019-09-09,67.8611,161.6835,1,52.2,19.27,5,52.2,,unknown,16,4.665,burned,,
ans,Talucci_2024,2019-09-09,67.86134,161.6836,1,55.2,12.77,5,55.2,,unknown,16,9.15,burned,,
ans,Talucci_2024,2019-09-09,67.86183,161.6836,1,52.0,15.56,5,52.0,,unknown,16,7.4,burned,,
ans,Talucci_2024,2019-09-09,67.86304,161.684,1,51.8,14.46,5,51.8,,unknown,16,7.5,burned,,
noatak,Talucci_2024,2017-09-14,67.9828,-161.9789,1,46.15,7.47,82,46.15,,unknown,33,,burned,,
noatak,Talucci_2024,2017-09-14,67.9864,-161.9738,1,55.15,13.77,122,55.15,,unknown,33,,burned,,
noatak,Talucci_2024,2017-09-14,67.99161,-162.0033,1,41.91,9.09,77,41.91,,unknown,,,unburned,,
shark,Talucci_2024,2018-09-13,67.99242,156.9334,1,270.0,27.16,5,270.0,,unknown,8,3.625,burned,,
shark,Talucci_2024,2018-09-13,67.99257,156.9311,1,195.8,57.67,5,195.8,,unknown,8,6.3,burned,,
shark,Talucci_2024,2018-09-13,67.99273,156.9289,1,99.2,21.14,5,99.2,,unknown,8,9.875,burned,,
shark,Talucci_2024,2018-09-13,67.99293,156.9266,1,143.8,28.53,5,143.8,,unknown,8,7.125,burned,,
shark,Talucci_2024,2018-09-13,67.99298,156.926,1,92.8,23.26,5,92.8,,unknown,8,4.375,burned,,
shark,Talucci_2024,2018-09-13,67.99302,156.9253,1,73.0,20.54,5,73.0,,unknown,8,4.25,burned,,
shark,Talucci_2024,2018-09-13,67.99305,156.9247,1,114.6,20.7,5,114.6,,unknown,8,3.55,burned,,
shark,Talucci_2024,2018-09-13,67.99309,156.9237,1,38.6,8.91,5,38.6,,unknown,,6.3,unburned,,
shark,Talucci_2024,2018-09-13,67.99312,156.9232,1,55.2,27.95,5,55.2,,unknown,,2.275,unburned,,
shark,Talucci_2024,2018-09-13,67.99322,156.9715,1,104.0,42.73,5,104.0,,unknown,8,4.2,burned,,
shark,Talucci_2024,2018-09-13,67.99336,156.9712,1,90.4,36.21,5,90.4,,unknown,8,4.5,burned,,
shark,Talucci_2024,2018-09-13,67.99375,156.9707,1,38.6,4.45,5,38.6,,unknown,,4.475,unburned,,
shark,Talucci_2024,2018-09-13,67.99386,156.9704,1,52.4,25.59,5,52.4,,unknown,,4.5,unburned,,
shark,Talucci_2024,2018-09-13,67.99435,156.9727,1,128.6,62.87,5,128.6,,unknown,8,3.925,burned,,
shark,Talucci_2024,2018-09-13,67.99447,156.9732,1,128.4,71.19,5,128.4,,unknown,8,3.675,burned,,
shark,Talucci_2024,2018-09-13,67.99456,156.9738,1,141.0,40.64,5,141.0,,unknown,8,4.5,burned,,
shark,Talucci_2024,2018-09-13,67.9947,156.9743,1,126.6,43.97,5,126.6,,unknown,8,3.6,burned,,
shark,Talucci_2024,2018-09-13,67.99493,156.9754,1,42.8,16.9,5,42.8,,unknown,,,unburned,,
shark,Talucci_2024,2018-09-13,67.99513,156.9752,1,41.2,20.18,5,41.2,,unknown,,,unburned,,
alnus,Talucci_2024,2019-09-09,68.1088,161.3367,1,22.0,3.32,5,22.0,,unknown,35,6.875,burned,,
alnus,Talucci_2024,2019-09-09,68.10885,161.3355,1,19.5,4.43,4,19.5,,unknown,,6.725,unburned,,
alnus,Talucci_2024,2019-09-09,68.10886,161.3373,1,16.67,4.41,6,16.67,,unknown,35,5.25,burned,,
alnus,Talucci_2024,2019-09-09,68.10891,161.3378,1,20.2,7.66,5,20.2,,unknown,35,5.25,burned,,
alnus,Talucci_2024,2019-09-09,68.10894,161.3385,1,17.4,4.39,5,17.4,,unknown,35,7.875,burned,,
alnus,Talucci_2024,2019-09-09,68.10899,161.3396,1,19.4,6.62,5,19.4,,unknown,35,6.0,burned,,
alnus,Talucci_2024,2019-09-09,68.10905,161.3408,1,31.2,11.17,5,31.2,,unknown,35,8.25,burned,,
bp,Talucci_2024,2019-09-09,68.32026,160.6431,1,44.4,14.29,5,44.4,,unknown,36,6.375,burned,,
bp,Talucci_2024,2019-09-09,68.32057,160.6442,1,45.6,19.35,5,45.6,,unknown,36,6.0,burned,,
bp,Talucci_2024,2019-09-09,68.3209,160.645,1,31.8,11.26,5,31.8,,unknown,36,5.375,burned,,
bp,Talucci_2024,2019-09-09,68.3211,160.6456,1,48.4,26.41,5,48.4,,unknown,36,5.75,burned,,
bp,Talucci_2024,2019-09-09,68.32126,160.6461,1,34.4,17.23,5,34.4,,unknown,36,5.75,burned,,
bp,Talucci_2024,2019-09-09,68.32144,160.6466,1,37.4,7.23,5,37.4,,unknown,36,8.0,burned,,
bp,Talucci_2024,2019-09-09,68.32186,160.6475,1,32.0,24.42,5,32.0,,unknown,,9.125,unburned,,
bp,Talucci_2024,2019-09-09,68.32186,160.648,1,49.2,10.59,5,49.2,,unknown,,8.5,unburned,,
bp,Talucci_2024,2019-09-09,68.32268,160.66,1,59.8,24.05,5,59.8,,unknown,36,8.5,burned,,
bp,Talucci_2024,2019-09-09,68.32272,160.6587,1,54.0,33.44,5,54.0,,unknown,36,3.5,burned,,
bp,Talucci_2024,2019-09-09,68.32282,160.6575,1,41.2,14.58,5,41.2,,unknown,36,2.875,burned,,
bp,Talucci_2024,2019-09-09,68.32283,160.6569,1,46.6,20.56,5,46.6,,unknown,36,3.125,burned,,
bp,Talucci_2024,2019-09-09,68.32287,160.6561,1,41.0,10.63,5,41.0,,unknown,36,4.5,burned,,
bp,Talucci_2024,2019-09-09,68.32288,160.6554,1,32.8,10.01,5,32.8,,unknown,36,4.375,burned,,
bp,Talucci_2024,2019-09-09,68.32298,160.6542,1,34.6,12.97,5,34.6,,unknown,,5.625,unburned,,
bp,Talucci_2024,2019-09-09,68.32307,160.6547,1,40.8,12.77,5,40.8,,unknown,,5.675,unburned,,
hr,Talucci_2024,2019-09-09,68.74851,161.535,1,93.0,22.37,5,93.0,,unknown,29,3.875,burned,,
hr,Talucci_2024,2019-09-09,68.74854,161.5338,1,74.4,20.72,5,74.4,,unknown,29,2.125,burned,,
hr,Talucci_2024,2019-09-09,68.74855,161.5326,1,94.2,21.25,5,94.2,,unknown,29,2.375,burned,,
hr,Talucci_2024,2019-09-09,68.74856,161.5318,1,75.0,21.67,5,75.0,,unknown,29,2.875,burned,,
hr,Talucci_2024,2019-09-09,68.74859,161.531,1,83.6,27.2,5,83.6,,unknown,29,3.0,burned,,
hr,Talucci_2024,2019-09-09,68.74861,161.5304,1,75.8,22.1,5,75.8,,unknown,29,4.375,burned,,
hr,Talucci_2024,2019-09-09,68.74866,161.529,1,31.6,10.85,5,31.6,,unknown,,6.25,unburned,,
hr,Talucci_2024,2019-09-09,68.74868,161.5282,1,39.4,16.33,5,39.4,,unknown,,10.275,unburned,,
hr,Talucci_2024,2019-09-09,68.75087,161.538,1,73.2,15.01,5,73.2,,unknown,29,8.375,burned,,
hr,Talucci_2024,2019-09-09,68.75121,161.5376,1,68.4,23.1,5,68.4,,unknown,29,4.875,burned,,
hr,Talucci_2024,2019-09-09,68.75156,161.5373,1,77.0,16.78,5,77.0,,unknown,29,4.0,burned,,
hr,Talucci_2024,2019-09-09,68.75177,161.5371,1,75.2,20.25,5,75.2,,unknown,29,5.25,burned,,
hr,Talucci_2024,2019-09-09,68.752,161.5368,1,74.4,16.13,5,74.4,,unknown,29,3.375,burned,,
hr,Talucci_2024,2019-09-09,68.75219,161.5366,1,93.4,14.57,5,93.4,,unknown,29,3.25,burned,,
hr,Talucci_2024,2019-09-09,68.75256,161.5361,1,57.8,17.28,5,57.8,,unknown,,7.25,unburned,,
hr,Talucci_2024,2019-09-09,68.75287,161.5359,1,49.0,18.1,5,49.0,,unknown,,5.75,unburned,,
cn,Talucci_2024,2018-09-24,68.78183,161.4741,1,40.2,3.49,5,40.2,,unknown,,8.625,unburned,,
cn,Talucci_2024,2018-09-24,68.782,161.4744,1,36.6,9.24,5,36.6,,unknown,,7.75,unburned,,
cn,Talucci_2024,2018-09-24,68.78263,161.4748,1,88.6,36.47,5,88.6,,unknown,17,4.55,burned,,
cn,Talucci_2024,2018-09-24,68.78283,161.475,1,76.0,21.69,5,76.0,,unknown,17,5.5,burned,,
cn,Talucci_2024,2018-09-24,68.78304,161.4752,1,73.8,16.32,5,73.8,,unknown,17,2.675,burned,,
cn,Talucci_2024,2018-09-24,68.78347,161.4757,1,56.2,15.69,5,56.2,,unknown,17,6.85,burned,,
cn,Talucci_2024,2018-09-24,68.78391,161.4761,1,89.8,19.52,5,89.8,,unknown,17,8.875,burned,,
cn,Talucci_2024,2018-09-24,68.78666,161.4983,1,46.8,9.88,5,46.8,,unknown,,6.775,unburned,,
cn,Talucci_2024,2018-09-24,68.78674,161.4978,1,29.2,4.66,5,29.2,,unknown,,9.525,unburned,,
cn,Talucci_2024,2018-09-24,68.78695,161.497,1,108.2,35.5,5,108.2,,unknown,17,2.85,burned,,
cn,Talucci_2024,2018-09-24,68.7871,161.4964,1,129.0,51.94,5,129.0,,unknown,17,2.7,burned,,
cn,Talucci_2024,2018-09-24,68.78722,161.4959,1,101.6,38.86,5,101.6,,unknown,17,5.525,burned,,
cn,Talucci_2024,2018-09-24,68.78739,161.4953,1,130.0,59.19,5,130.0,,unknown,17,3.375,burned,,
cn,Talucci_2024,2018-09-24,68.78763,161.4838,1,122.2,19.61,5,122.2,,unknown,17,5.4,burned,,
cn,Talucci_2024,2018-09-24,68.78768,161.4943,1,157.0,34.52,5,157.0,,unknown,17,2.2,burned,,
cn,Talucci_2024,2018-09-24,68.78773,161.4824,1,130.0,74.58,5,130.0,,unknown,17,3.425,burned,,
cn,Talucci_2024,2018-09-24,68.7878,161.481,1,121.4,46.04,5,121.4,,unknown,17,3.425,burned,,
cn,Talucci_2024,2018-09-24,68.78784,161.4803,1,138.4,49.49,5,138.4,,unknown,17,3.525,burned,,
cn,Talucci_2024,2018-09-24,68.78792,161.4796,1,174.0,40.35,5,174.0,,unknown,17,4.5,burned,,
cn,Talucci_2024,2018-09-24,68.78793,161.4932,1,163.0,,1,163.0,,unknown,17,4.025,burned,102.0,2018-07-08
cn,Talucci_2024,2018-09-24,68.78795,161.4789,1,189.8,54.63,5,189.8,,unknown,17,3.3,burned,,
cn,Talucci_2024,2018-09-24,68.7881,161.4773,1,59.6,24.84,5,59.6,,unknown,,4.925,unburned,,
cn,Talucci_2024,2018-09-24,68.78813,161.4767,1,61.0,24.88,5,61.0,,unknown,,5.95,unburned,,
Anaktuvuk River fire,Talucci_2024,2019-09-04,68.87772,-150.4853,1,78.25,11.41,20,78.25,,unknown,12,,burned,,
Anaktuvuk River fire,Talucci_2024,2014-08-19,68.877721,-150.485307,1,53.4,9.31,20,53.4,,unknown,7,,burned,,
Anaktuvuk River fire,Talucci_2024,2019-09-04,68.88115,-150.731,1,67.65,13.24,20,67.65,,unknown,12,,burned,,
Anaktuvuk River fire,Talucci_2024,2014-08-19,68.881152,-150.730976,1,42.55,9.96,20,42.55,,unknown,7,,burned,,
Anaktuvuk River fire,Talucci_2024,2019-09-04,68.90116,-150.5791,1,78.4,19.1,20,78.4,,unknown,12,,burned,,
Anaktuvuk River fire,Talucci_2024,2014-08-19,68.901161,-150.579065,1,50.0,10.67,20,50.0,,unknown,7,,burned,,
Anaktuvuk River fire,Talucci_2024,2014-08-19,68.906329,-150.233182,1,50.9,7.48,20,50.9,,unknown,7,,burned,,
Anaktuvuk River fire,Talucci_2024,2019-09-04,68.90633,-150.2332,1,80.8,9.44,20,80.8,,unknown,12,,burned,,
Anaktuvuk River fire,Talucci_2024,2019-09-04,68.92077,-150.0369,1,52.2,15.54,20,52.2,,unknown,,,unburned,,
Anaktuvuk River fire,Talucci_2024,2014-08-18,68.920772,-150.036893,1,49.9,8.61,20,49.9,,unknown,,,unburned,,
ANKU,Talucci_2024,2018-09-09,68.9298,-150.2798,1,40.93,8.87,15,40.93,,unknown,,,unburned,,
ANKU,Talucci_2024,2018-09-09,68.92988,-150.2805,1,45.25,8.3,16,45.25,,unknown,,,unburned,,
ANKU,Talucci_2024,2018-09-09,68.92988,-150.2795,1,45.87,12.97,15,45.87,,unknown,,,unburned,,
ARF Unburned,Talucci_2024,2008-08-27,68.93,-150.27,1,44.07,15.49,6485,44.07,,unknown,,,unburned,,
ANKU,Talucci_2024,2018-09-09,68.93004,-150.28,1,42.56,10.87,16,42.56,,unknown,,,unburned,,
Anaktuvuk River fire,Talucci_2024,2014-08-19,68.947777,-150.671791,1,39.5,10.09,20,39.5,,unknown,7,,burned,,
Anaktuvuk River fire,Talucci_2024,2019-09-04,68.94778,-150.6718,1,65.25,10.09,20,65.25,,unknown,12,,burned,,
Anaktuvuk River fire,Talucci_2024,2019-09-04,68.9489,-150.4397,1,78.65,10.09,20,78.65,,unknown,12,,burned,,
Anaktuvuk River fire,Talucci_2024,2014-08-19,68.948905,-150.439662,1,51.1,7.15,20,51.1,,unknown,7,,burned,,
ARF Moderate,Talucci_2024,2008-08-27,68.95,-150.21,1,50.81,13.6,6360,50.81,,unknown,1,,burned,,
ARF Moderate,Talucci_2024,2017-08-16,68.95,-150.21,1,42.56,16.36,6360,42.56,,unknown,10,,burned,,
ARF Moderate,Talucci_2024,2018-09-09,68.95,-150.21,1,50.69,18.61,6360,50.69,,unknown,11,,burned,,
ARF Moderate,Talucci_2024,2019-09-04,68.95,-150.21,1,56.9,18.44,6360,56.9,,unknown,12,,burned,,
ARF Moderate,Talucci_2024,2020-09-09,68.95,-150.21,1,59.33,10.67,6360,59.33,,unknown,13,,burned,,
ARF Moderate,Talucci_2024,2009-09-06,68.95,-150.21,1,55.69,17.79,6360,55.69,,unknown,2,,burned,,
ARF Moderate,Talucci_2024,2010-09-09,68.95,-150.21,1,60.18,14.32,6360,60.18,,unknown,3,,burned,,
ARF Moderate,Talucci_2024,2011-09-10,68.95,-150.21,1,48.42,18.3,6360,48.42,,unknown,4,,burned,,
ARF Moderate,Talucci_2024,2012-08-27,68.95,-150.21,1,52.09,13.17,6360,52.09,,unknown,5,,burned,,
ARF Moderate,Talucci_2024,2013-08-09,68.95,-150.21,1,51.84,13.53,6360,51.84,,unknown,6,,burned,,
ARF Moderate,Talucci_2024,2014-08-21,68.95,-150.21,1,49.44,15.7,6360,49.44,,unknown,7,,burned,,
ARF Moderate,Talucci_2024,2015-08-27,68.95,-150.21,1,57.04,17.63,6360,57.04,,unknown,8,,burned,,
ARF Moderate,Talucci_2024,2016-08-31,68.95,-150.21,1,51.15,17.01,6360,51.15,,unknown,9,,burned,,
Anaktuvuk River fire,Talucci_2024,2014-08-18,68.950556,-150.835485,1,36.05,4.86,20,36.05,,unknown,,,unburned,,
Anaktuvuk River fire,Talucci_2024,2019-09-04,68.95056,-150.8355,1,56.5,5.21,20,56.5,,unknown,,,unburned,,
Anaktuvuk River fire,Talucci_2024,2014-08-19,68.985278,-150.521837,1,64.1,9.31,20,64.1,,unknown,7,,burned,,
ARF Severe,Talucci_2024,2008-08-27,68.99,-150.28,1,58.15,13.91,6607,58.15,,unknown,1,,burned,,
ARF Severe,Talucci_2024,2017-08-16,68.99,-150.28,1,49.7,15.66,6607,49.7,,unknown,10,,burned,,
ARF Severe,Talucci_2024,2018-09-10,68.99,-150.28,1,58.18,19.06,6607,58.18,,unknown,11,,burned,,
ARF Severe,Talucci_2024,2019-09-04,68.99,-150.28,1,59.58,20.29,6607,59.58,,unknown,12,,burned,,
ARF Severe,Talucci_2024,2020-09-09,68.99,-150.28,1,63.98,15.27,6607,63.98,,unknown,13,,burned,,
ARF Severe,Talucci_2024,2009-09-06,68.99,-150.28,1,63.07,17.21,6607,63.07,,unknown,2,,burned,,
ARF Severe,Talucci_2024,2010-09-09,68.99,-150.28,1,66.38,14.39,6607,66.38,,unknown,3,,burned,,
ARF Severe,Talucci_2024,2011-09-10,68.99,-150.28,1,58.06,21.66,6607,58.06,,unknown,4,,burned,,
ARF Severe,Talucci_2024,2012-08-27,68.99,-150.28,1,63.33,14.69,6607,63.33,,unknown,5,,burned,,
ARF Severe,Talucci_2024,2013-09-03,68.99,-150.28,1,62.69,14.86,6607,62.69,,unknown,6,,burned,,
ARF Severe,Talucci_2024,2014-08-21,68.99,-150.28,1,53.32,17.05,6607,53.32,,unknown,7,,burned,,
ARF Severe,Talucci_2024,2015-08-27,68.99,-150.28,1,64.14,17.66,6607,64.14,,unknown,8,,burned,,
ARF Severe,Talucci_2024,2016-08-31,68.99,-150.28,1,57.48,19.16,6607,57.48,,unknown,9,,burned,,
ANKB,Talucci_2024,2018-09-10,68.9909,-150.2705,1,57.27,21.24,15,57.27,,unknown,11,,burned,,
ANKB,Talucci_2024,2018-09-10,68.99109,-150.2711,1,62.69,26.7,16,62.69,,unknown,11,,burned,,
Anaktuvuk River fire,Talucci_2024,2019-09-04,68.99113,-150.626,1,75.4,8.6,20,75.4,,unknown,12,,burned,,
Anaktuvuk River fire,Talucci_2024,2014-08-19,68.99113,-150.625969,1,52.7,8.96,20,52.7,,unknown,7,,burned,,
Anaktuvuk River fire,Talucci_2024,2014-08-19,69.003587,-150.734651,1,42.55,7.88,20,42.55,,unknown,7,,burned,,
Anaktuvuk River fire,Talucci_2024,2019-09-04,69.00359,-150.7347,1,83.25,12.96,20,83.25,,unknown,12,,burned,,
Anaktuvuk River fire,Talucci_2024,2019-09-04,69.00557,-150.3924,1,66.6,8.86,20,66.6,,unknown,12,,burned,,
Anaktuvuk River fire,Talucci_2024,2014-08-19,69.005575,-150.392413,1,46.15,8.31,20,46.15,,unknown,7,,burned,,
Anaktuvuk River fire,Talucci_2024,2014-08-18,69.017626,-150.915936,1,41.05,12.05,20,41.05,,unknown,,,unburned,,
Anaktuvuk River fire,Talucci_2024,2019-09-04,69.01763,-150.9159,1,54.55,7.23,20,54.55,,unknown,,,unburned,,
Anaktuvuk River fire,Talucci_2024,2014-08-19,69.021547,-150.549971,1,53.95,6.98,20,53.95,,unknown,7,,burned,,
Anaktuvuk River fire,Talucci_2024,2019-09-04,69.02155,-150.55,1,68.55,6.75,20,68.55,,unknown,12,,burned,,
Anaktuvuk River fire,Talucci_2024,2019-09-04,69.0257,-150.1229,1,52.3,11.14,20,52.3,,unknown,,,unburned,,
Anaktuvuk River fire,Talucci_2024,2014-08-18,69.025704,-150.122863,1,32.8,3.24,20,32.8,,unknown,,,unburned,,
Anaktuvuk River fire,Talucci_2024,2014-08-19,69.032527,-150.796653,1,37.95,3.44,20,37.95,,unknown,7,,burned,,
Anaktuvuk River fire,Talucci_2024,2019-09-04,69.03253,-150.7967,1,52.1,4.46,20,52.1,,unknown,12,,burned,,
Anaktuvuk River fire,Talucci_2024,2019-09-04,69.03642,-150.6785,1,68.05,7.42,20,68.05,,unknown,12,,burned,,
Anaktuvuk River fire,Talucci_2024,2014-08-19,69.036425,-150.678506,1,46.05,6.08,20,46.05,,unknown,7,,burned,,
Kuparuk Burned,Talucci_2024,2011-09-09,69.037611,-149.513,1,48.87,10.05,60,48.87,,unknown,10,,burned,,
Kuparuk Unburned,Talucci_2024,2011-09-09,69.037611,-149.513,1,41.2,11.09,60,41.2,,unknown,,,unburned,,
Anaktuvuk River fire,Talucci_2024,2014-08-19,69.040767,-150.384684,1,54.25,15.6,20,54.25,,unknown,7,,burned,,
Anaktuvuk River fire,Talucci_2024,2019-09-04,69.04077,-150.3847,1,66.05,6.98,20,66.05,,unknown,12,,burned,,
Anaktuvuk River fire,Talucci_2024,2014-08-19,69.052827,-150.609415,1,39.95,4.48,20,39.95,,unknown,7,,burned,,
Anaktuvuk River fire,Talucci_2024,2019-09-04,69.05283,-150.6094,1,57.4,9.56,20,57.4,,unknown,12,,burned,,
Anaktuvuk River fire,Talucci_2024,2014-08-19,69.073889,-150.414931,1,56.35,7.25,20,56.35,,unknown,7,,burned,,
Anaktuvuk River fire,Talucci_2024,2019-09-04,69.07389,-150.4149,1,73.25,9.19,20,73.25,,unknown,12,,burned,,
Anaktuvuk River fire,Talucci_2024,2014-08-19,69.075018,-150.739097,1,52.05,9.44,20,52.05,,unknown,7,,burned,,
Anaktuvuk River fire,Talucci_2024,2019-09-04,69.07502,-150.7391,1,63.8,9.41,20,63.8,,unknown,12,,burned,,
Anaktuvuk River fire,Talucci_2024,2019-09-04,69.08307,-150.1924,1,56.5,2.61,20,56.5,,unknown,,,unburned,,
Anaktuvuk River fire,Talucci_2024,2014-08-18,69.083073,-150.192424,1,51.5,14.21,20,51.5,,unknown,,,unburned,,
Anaktuvuk River fire,Talucci_2024,2014-08-19,69.097619,-150.605476,1,51.6,12.56,20,51.6,,unknown,7,,burned,,
Anaktuvuk River fire,Talucci_2024,2019-09-04,69.09762,-150.6055,1,62.05,5.3,20,62.05,,unknown,12,,burned,,
Anaktuvuk River fire,Talucci_2024,2019-09-04,69.11795,-150.5221,1,68.95,6.35,20,68.95,,unknown,,,unburned,,
Anaktuvuk River fire,Talucci_2024,2014-08-18,69.117951,-150.522133,1,59.35,9.13,20,59.35,,unknown,,,unburned,,
Anaktuvuk River fire,Talucci_2024,2019-09-04,69.13116,-150.7763,1,62.45,13.54,20,62.45,,unknown,12,,burned,,
Anaktuvuk River fire,Talucci_2024,2014-08-19,69.131161,-150.776315,1,54.9,7.25,20,54.9,,unknown,7,,burned,,
Anaktuvuk River fire,Talucci_2024,2014-08-19,69.142566,-150.920629,1,37.6,10.73,20,37.6,,unknown,7,,burned,,
Anaktuvuk River fire,Talucci_2024,2019-09-04,69.14257,-150.9206,1,46.35,7.25,20,46.35,,unknown,12,,burned,,
Anaktuvuk River fire,Talucci_2024,2014-08-19,69.14942,-150.669112,1,50.65,4.78,20,50.65,,unknown,7,,burned,,
Anaktuvuk River fire,Talucci_2024,2019-09-04,69.14942,-150.6691,1,64.9,10.48,20,64.9,,unknown,12,,burned,,
Anaktuvuk River fire,Talucci_2024,2019-09-04,69.15909,-150.3721,1,45.3,5.37,20,45.3,,unknown,,,unburned,,
Anaktuvuk River fire,Talucci_2024,2014-08-18,69.15909,-150.372051,1,30.6,4.03,20,30.6,,unknown,,,unburned,,
Anaktuvuk River fire,Talucci_2024,2019-09-04,69.17313,-150.8322,1,60.1,10.64,20,60.1,,unknown,,,unburned,,
Anaktuvuk River fire,Talucci_2024,2014-08-18,69.173131,-150.832241,1,53.3,12.52,20,53.3,,unknown,,,unburned,,
Anaktuvuk River fire,Talucci_2024,2014-08-19,69.182426,-150.528724,1,57.65,7.43,20,57.65,,unknown,7,,burned,,
Anaktuvuk River fire,Talucci_2024,2019-09-04,69.18243,-150.5287,1,59.15,8.7,20,59.15,,unknown,12,,burned,,
Anaktuvuk River fire,Talucci_2024,2014-08-19,69.214349,-150.955404,1,64.25,5.62,20,64.25,,unknown,7,,burned,,
Anaktuvuk River fire,Talucci_2024,2019-09-04,69.21435,-150.9554,1,70.25,8.33,20,70.25,,unknown,12,,burned,,
Anaktuvuk River fire,Talucci_2024,2019-09-04,69.21531,-150.8794,1,54.75,7.75,20,54.75,,unknown,12,,burned,,
Anaktuvuk River fire,Talucci_2024,2014-08-19,69.215311,-150.879409,1,60.05,9.28,20,60.05,,unknown,7,,burned,,
Anaktuvuk River fire,Talucci_2024,2014-08-19,69.228117,-150.748094,1,45.85,7.44,20,45.85,,unknown,7,,burned,,
Anaktuvuk River fire,Talucci_2024,2019-09-04,69.22812,-150.7481,1,58.0,10.87,20,58.0,,unknown,12,,burned,,
Anaktuvuk River fire,Talucci_2024,2019-09-04,69.23369,-150.6013,1,62.4,6.78,20,62.4,,unknown,12,,burned,,
Anaktuvuk River fire,Talucci_2024,2014-08-19,69.233693,-150.601337,1,49.1,8.58,20,49.1,,unknown,7,,burned,,
Anaktuvuk River fire,Talucci_2024,2014-08-18,69.261326,-150.891772,1,46.65,6.64,20,46.65,,unknown,,,unburned,,
Anaktuvuk River fire,Talucci_2024,2019-09-04,69.26133,-150.8918,1,59.8,7.74,20,59.8,,unknown,,,unburned,,
Anaktuvuk River fire,Talucci_2024,2014-08-18,69.2796,-150.662435,1,51.3,5.03,20,51.3,,unknown,,,unburned,,
Anaktuvuk River fire,Talucci_2024,2019-09-04,69.2796,-150.6624,1,59.65,7.54,20,59.65,,unknown,,,unburned,,
Anaktuvuk River fire,Talucci_2024,2014-08-19,69.281249,-150.478394,1,37.75,9.52,20,37.75,,unknown,7,,burned,,
Anaktuvuk River fire,Talucci_2024,2019-09-04,69.28125,-150.4784,1,55.2,7.35,20,55.2,,unknown,12,,burned,,
Anaktuvuk River fire,Talucci_2024,2014-08-19,69.290306,-150.783888,1,56.45,11.71,20,56.45,,unknown,7,,burned,,
Anaktuvuk River fire,Talucci_2024,2019-09-04,69.29031,-150.7839,1,59.55,8.02,20,59.55,,unknown,12,,burned,,
Anaktuvuk River fire,Talucci_2024,2019-09-04,69.30273,-150.9033,1,59.7,9.34,20,59.7,,unknown,12,,burned,,
Anaktuvuk River fire,Talucci_2024,2014-08-19,69.302733,-150.903301,1,52.15,9.91,20,52.15,,unknown,7,,burned,,
Anaktuvuk River fire,Talucci_2024,2014-08-19,69.312696,-150.701603,1,39.3,6.63,20,39.3,,unknown,7,,burned,,
Anaktuvuk River fire,Talucci_2024,2019-09-04,69.3127,-150.7016,1,53.85,7.67,20,53.85,,unknown,12,,burned,,
Anaktuvuk River fire,Talucci_2024,2014-08-19,69.321175,-151.064796,1,43.0,4.87,20,43.0,,unknown,7,,burned,,
Anaktuvuk River fire,Talucci_2024,2019-09-04,69.34187,-150.9213,1,58.55,7.47,20,58.55,,unknown,12,,burned,,
Anaktuvuk River fire,Talucci_2024,2014-08-19,69.341872,-150.921334,1,53.5,5.85,20,53.5,,unknown,7,,burned,,
Anaktuvuk River fire,Talucci_2024,2014-08-19,69.358039,-150.68531,1,49.5,7.13,20,49.5,,unknown,7,,burned,,
Anaktuvuk River fire,Talucci_2024,2019-09-04,69.35804,-150.6853,1,74.25,11.16,20,74.25,,unknown,12,,burned,,
Anaktuvuk River fire,Talucci_2024,2014-08-19,69.364545,-150.596434,1,50.15,14.01,20,50.15,,unknown,7,,burned,,
Anaktuvuk River fire,Talucci_2024,2019-09-04,69.36455,-150.5964,1,51.85,8.73,20,51.85,,unknown,12,,burned,,
Anaktuvuk River fire,Talucci_2024,2014-08-18,69.384466,-150.928384,1,49.3,3.93,20,49.3,,unknown,,,unburned,,
Anaktuvuk River fire,Talucci_2024,2019-09-04,69.38447,-150.9284,1,62.75,6.8,20,62.75,,unknown,,,unburned,,
Anaktuvuk River fire,Talucci_2024,2019-09-04,69.39745,-150.7002,1,67.6,5.51,20,67.6,,unknown,,,unburned,,
Anaktuvuk River fire,Talucci_2024,2014-08-18,69.397455,-150.700217,1,55.65,5.89,20,55.65,,unknown,,,unburned,,
Anaktuvuk River fire,Talucci_2024,2019-09-04,69.42972,-150.8732,1,56.35,9.48,20,56.35,,unknown,12,,burned,,
Anaktuvuk River fire,Talucci_2024,2014-08-19,69.429722,-150.873225,1,47.8,9.08,20,47.8,,unknown,7,,burned,,
B2,Talucci_2024,2012-09-02,69.469,162.179,1,42.46,10.45,63,42.46,,unknown,40,6.6,burned,,
U2,Talucci_2024,2013-08-30,69.471,162.214,1,48.14,12.94,63,48.14,,unknown,,6.8,unburned,,
B4,Talucci_2024,2013-08-30,69.474,162.207,1,43.76,8.33,54,43.76,,unknown,41,6.3,burned,,
B1,Talucci_2024,2012-09-03,69.476,162.149,1,44.29,10.69,63,44.29,,unknown,40,8.9,burned,,
B3,Talucci_2024,2013-09-07,69.487,162.138,1,42.92,11.9,63,42.92,,unknown,41,8.5,burned,,
U1,Talucci_2024,2012-09-02,69.487,162.157,1,37.6,11.35,63,37.6,,unknown,,7.4,unburned,,
U3,Talucci_2024,2013-09-07,69.506,162.125,1,56.05,15.05,63,56.05,,unknown,,3.7,unburned,,
U4,Talucci_2024,2013-09-07,69.514,162.109,1,58.3,15.87,63,58.3,,unknown,,4.5,unburned,,
Kokolik Unburned,Talucci_2024,2013-09-03,69.5304,-161.753,1,55.74,14.69,80,55.74,,unknown,,,unburned,,
Kokolik Burned,Talucci_2024,2013-09-03,69.53107,-161.826,1,42.3,8.44,80,42.3,,unknown,36,,burned,,
Jones Old Burn,Talucci_2024,2014-09-08,69.91481,-159.532,1,40.87,9.01,200,40.87,,unknown,114,,burned,,
Jones Old Burn,Talucci_2024,2014-09-08,69.92933,-157.419,1,43.12,7.01,40,43.12,,unknown,114,,burned,,
DCKUN Unburned,Talucci_2024,2012-09-14,69.94583,-158.858,1,42.94,8.09,80,42.94,,unknown,,,unburned,,
Jones Old Burn,Talucci_2024,2014-09-08,69.94794,-158.906,1,42.4,7.65,120,42.4,,unknown,,,unburned,,
DCKN Burned,Talucci_2024,2012-09-14,69.95472,-159.049,1,42.38,7.49,80,42.38,,unknown,19,,burned,,
