Site,Date,Sample_ID,Latitude,Longitude,Elevation,Thaw_Depth,Soil_Moisture,Veg_Height,,,,,,,,,,,,,,,,
Teller_MM27,20220719,TTHAW0001,64.72073997,-165.9488943,57.223,79,55.5,20,,,,,,,,,,,,,,,,
Teller_MM27,20220719,TTHAW0002,64.72082524,-165.9490274,57.731,72,40.2,10,,,,,,,,,,,,,,,,
Teller_MM27,20220719,TTHAW0003,64.72095551,-165.9491823,58.031,35,52.5,25,,,,,,,,,,,,,,,,
Teller_MM27,20220719,TTHAW0004,64.72109337,-165.9492937,58.247,83,48.9,5,,,,,,,,,,,,,,,,
Teller_MM27,20220719,TTHAW0005,64.72119984,-165.9493877,58.711,120,44.3,2,,,,,,,,,,,,,,,,
Teller_MM27,20220719,TTHAW0006,64.72129124,-165.9494337,59.278,32,46.9,10,,,,,,,,,,,,,,,,
Teller_MM27,20220719,TTHAW0007,64.72142443,-165.9495698,59.086,69,55.3,20,,,,,,,,,,,,,,,,
Teller_MM27,20220719,TTHAW0008,64.72149657,-165.9496311,59.807,31,51.7,30,,,,,,,,,,,,,,,,
Teller_MM27,20220719,TTHAW0009,64.72162301,-165.9497858,59.659,57,54.5,10,,,,,,,,,,,,,,,,
Teller_MM27,20220719,TTHAW0010,64.72173212,-165.9500252,60.409,33,51,40,,,,,,,,,,,,,,,,
Teller_MM27,20220719,TTHAW0011,64.72182619,-165.9501813,59.908,105,62.6,45,,,,,,,,,,,,,,,,
Teller_MM27,20220719,TTHAW0012,64.72193832,-165.9503583,60.319,82,54.2,90,,,,,,,,,,,,,,,,
Teller_MM27,20220719,TTHAW0013,64.722031,-165.9505489,61.308,95,56.9,35,,,,,,,,,,,,,,,,
Teller_MM27,20220719,TTHAW0014,64.72214937,-165.9507267,62.089,67,51.6,130,,,,,,,,,,,,,,,,
Teller_MM27,20220719,TTHAW0015,64.72225988,-165.9507751,62.164,55,52.8,140,,,,,,,,,,,,,,,,
Teller_MM27,20220719,TTHAW0016,64.72235494,-165.9509064,63.095,70,50.1,30,,,,,,,,,,,,,,,,
Teller_MM27,20220719,TTHAW0017,64.72247083,-165.9510788,63.675,57,61.7,240,,,,,,,,,,,,,,,,
Teller_MM27,20220719,TTHAW0018,64.72261403,-165.9511546,65.345,62,46.6,10,,,,,,,,,,,,,,,,
Teller_MM27,20220719,TTHAW0019,64.72276145,-165.9512371,67.048,35,50.7,30,,,,,,,,,,,,,,,,
Teller_MM27,20220719,TTHAW0020,64.72290029,-165.9514077,68.31,28,51.5,25,,,,,,,,,,,,,,,,
Teller_MM27,20220719,TTHAW0021,64.72303964,-165.9515916,70.37,38,50.3,10,,,,,,,,,,,,,,,,
Teller_MM27,20220719,TTHAW0022,64.72316977,-165.9517851,71.574,25,55.6,30,,,,,,,,,,,,,,,,
Teller_MM27,20220719,TTHAW0023,64.72330116,-165.9519965,72.688,33,52.9,10,,,,,,,,,,,,,,,,
Teller_MM27,20220719,TTHAW0024,64.72346004,-165.9522676,73.879,25,58.9,10,,,,,,,,,,,,,,,,
Teller_MM27,20220719,TTHAW0025,64.72360567,-165.9525458,74.723,22,56.4,30,,,,,,,,,,,,,,,,
Teller_MM27,20220719,TTHAW0026,64.72377441,-165.9528694,76.299,25,52.9,20,,,,,,,,,,,,,,,,
Teller_MM27,20220719,TTHAW0027,64.72396363,-165.9531174,76.919,25,53.3,40,,,,,,,,,,,,,,,,
Teller_MM27,20220719,TTHAW0028,64.72416416,-165.9530071,77.257,88,76.2,50,,,,,,,,,,,,,,,,
Teller_MM27,20220719,TTHAW0029,64.72443279,-165.9533695,78.743,80,70.9,60,,,,,,,,,,,,,,,,
Teller_MM27,20220719,TTHAW0030,64.72439976,-165.9538137,80.494,25,50.9,30,,,,,,,,,,,,,,,,
Teller_MM27,20220719,TTHAW0031,64.72452594,-165.9541327,80.832,77,78.3,40,,,,,,,,,,,,,,,,
Teller_MM27,20220719,TTHAW0032,64.72471414,-165.9542636,82.623,22,44.9,20,,,,,,,,,,,,,,,,
Teller_MM27,20220719,TTHAW0033,64.7249114,-165.9544171,83.329,83,65.6,45,,,,,,,,,,,,,,,,
Teller_MM27,20220719,TTHAW0034,64.72505592,-165.954842,85.455,30,57.1,40,,,,,,,,,,,,,,,,
Teller_MM27,20220719,TTHAW0035,64.72524286,-165.9553365,86.739,90,69.7,40,,,,,,,,,,,,,,,,
Teller_MM27,20220719,TTHAW0036,64.72542379,-165.9558245,88.608,33,76.6,40,,,,,,,,,,,,,,,,
Teller_MM27,20220719,TTHAW0037,64.72550406,-165.9558598,90.08,32,42.8,5,,,,,,,,,,,,,,,,
Teller_MM27,20220719,TTHAW0038,64.72571637,-165.9559003,90.539,72,58.3,50,,,,,,,,,,,,,,,,
Teller_MM27,20220719,TTHAW0039,64.72589491,-165.956031,92.302,79,59.4,50,,,,,,,,,,,,,,,,
Teller_MM27,20220719,TTHAW0040,64.72618026,-165.9563281,94.901,53,59.7,50,,,,,,,,,,,,,,,,
Teller_MM27,20220719,TTHAW0041,64.72640954,-165.9565362,96.438,50,52.8,50,,,,,,,,,,,,,,,,
Teller_MM27,20220719,TTHAW0042,64.72670235,-165.9568886,97.851,85,54.1,140,,,,,,,,,,,,,,,,
Teller_MM27,20220719,TTHAW0043,64.72691082,-165.957163,100.642,23,55.7,20,,,,,,,,,,,,,,,,
Teller_MM27,20220719,TTHAW0044,64.72717627,-165.9576037,103.303,22,52.1,10,,,,,,,,,,,,,,,,
Teller_MM27,20220719,TTHAW0045,64.7275985,-165.9582535,107.694,28,50.5,10,,,,,,,,,,,,,,,,
Teller_MM27,20220719,TTHAW0046,64.7279647,-165.9588196,111.41,32,65,20,,,,,,,,,,,,,,,,
Teller_MM27,20220719,TTHAW0047,64.72830514,-165.9596084,116.005,30,69.3,15,,,,,,,,,,,,,,,,
Teller_MM27,20220719,TTHAW0048,64.72851058,-165.959894,117.369,82,55.2,50,,,,,,,,,,,,,,,,
Teller_MM27,20220719,TTHAW0049,64.72860828,-165.9599812,117.803,95,52.6,220,,,,,,,,,,,,,,,,
Teller_MM27,20220719,TTHAW0050,64.72860429,-165.9604623,119.958,33,54.5,30,,,,,,,,,,,,,,,,
Teller_MM27,20220719,TTHAW0051,64.72872615,-165.9602487,119.75,60,49.7,250,,,,,,,,,,,,,,,,
Teller_MM27,20220719,TTHAW0052,64.72893313,-165.960674,123.305,88,52.2,200,,,,,,,,,,,,,,,,
Teller_MM27,20220719,TTHAW0053,64.729446,-165.9614999,131.215,27,59.4,20,,,,,,,,,,,,,,,,
Teller_MM27,20220719,TTHAW0054,64.72973296,-165.9617345,133.45,65,50.3,130,,,,,,,,,,,,,,,,
Teller_MM27,20220719,TTHAW0055,64.73021099,-165.9621551,139.514,20,47.5,5,,,,,,,,,,,,,,,,
Teller_MM27,20220719,TTHAW0056,64.73040286,-165.9622673,140.709,72,57.9,100,,,,,,,,,,,,,,,,
Teller_MM27,20220719,TTHAW0057,64.73076228,-165.9627117,145.167,36,54.2,40,,,,,,,,,,,,,,,,
Teller_MM27,20220719,TTHAW0058,64.73095313,-165.9634386,148.45,38,43.6,100,,,,,,,,,,,,,,,,
Teller_MM27,20220719,TTHAW0059,64.73112344,-165.963539,149.572,38,48.8,230,,,,,,,,,,,,,,,,
Teller_MM27,20220719,TTHAW0060,64.73145553,-165.9645387,158.092,60,46.8,10,,,,,,,,,,,,,,,,
Teller_MM27,20220719,TTHAW0061,64.73179704,-165.9653559,164.801,85,38.1,5,,,,,,,,,,,,,,,,
Teller_MM27,20220719,TTHAW0062,64.73212176,-165.9660419,171.767,64,43.8,30,,,,,,,,,,,,,,,,
Teller_MM27,20220719,TTHAW0063,64.73234713,-165.9665193,176.151,54,50.2,40,,,,,,,,,,,,,,,,
Teller_MM27,20220719,TTHAW0064,64.73245066,-165.966654,178.814,50,51.5,20,,,,,,,,,,,,,,,,
Teller_MM27,20220719,TTHAW0065,64.73307132,-165.9670375,186.163,35,60.6,25,,,,,,,,,,,,,,,,
Teller_MM27,20220719,TTHAW0066,64.73351643,-165.9673313,192.05,20,50.7,10,,,,,,,,,,,,,,,,
Teller_MM27,20220719,TTHAW0067,64.73377991,-165.9677234,195.239,25,69.4,50,,,,,,,,,,,,,,,,
Teller_MM27,20220719,TTHAW0068,64.73411902,-165.9680976,200.499,20,55.5,5,,,,,,,,,,,,,,,,
Teller_MM27,20220719,TTHAW0069,64.73465796,-165.9687716,206.819,58,42.8,10,,,,,,,,,,,,,,,,
Teller_MM27,20220719,TTHAW0070,64.73504423,-165.9692551,212.085,53,39.9,5,,,,,,,,,,,,,,,,
Teller_MM27,20220719,TTHAW0071,64.73527248,-165.9695747,214.812,32,57.6,60,,,,,,,,,,,,,,,,
Teller_MM27,20220719,TTHAW0072,64.73559325,-165.9698098,217.871,30,55.9,40,,,,,,,,,,,,,,,,
Teller_MM27,20220719,TTHAW0073,64.73589459,-165.9705112,223.261,73,40.1,5,,,,,,,,,,,,,,,,
Teller_MM27,20220719,TTHAW0074,64.73626734,-165.9710592,228.192,51,52.1,5,,,,,,,,,,,,,,,,
Teller_MM27,20220719,TTHAW0075,64.73671233,-165.9715621,234.115,29,54.1,20,,,,,,,,,,,,,,,,
Teller_MM27,20220719,TTHAW0076,64.73705678,-165.9719865,238.033,50,57.4,20,,,,,,,,,,,,,,,,
Teller_MM27,20220719,TTHAW0077,64.7374102,-165.9722904,241.954,31,55.7,10,,,,,,,,,,,,,,,,
Teller_MM27,20220719,TTHAW0078,64.73780951,-165.9727166,245.812,21,65.2,5,,,,,,,,,,,,,,,,
Teller_MM27,20220719,TTHAW0079,64.73857941,-165.9732508,251.414,27,82.2,20,,,,,,,,,,,,,,,,
Teller_MM27,20220719,TTHAW0080,64.73908802,-165.973953,255.414,30,76.9,20,,,,,,,,,,,,,,,,
Teller_MM27,20220719,TTHAW0081,64.73953417,-165.9741848,256.792,31,85,40,,,,,,,,,,,,,,,,
Teller_MM27,20220719,TTHAW0082,64.73993343,-165.9740437,257.848,31,64.1,10,,,,,,,,,,,,,,,,
Teller_MM27,20220719,TTHAW0083,64.7402097,-165.9740848,258.071,105,69.9,30,,,,,,,,,,,,,,,,
Teller_MM27,20220719,TTHAW0084,64.74064192,-165.9739278,259.224,55,61,10,,,,,,,,,,,,,,,,
Teller_MM27,20220719,TTHAW0085,64.7411839,-165.9738296,260.138,57,69.9,30,,,,,,,,,,,,,,,,
Teller_MM27,20220719,TTHAW0086,64.74078157,-165.9736329,259.485,60,58.4,10,,,,,,,,,,,,,,,,
Teller_MM27,20220719,TTHAW0087,64.74034556,-165.973177,257.751,70,56.5,40,,,,,,,,,,,,,,,,
Teller_MM27,20220719,TTHAW0088,64.74001604,-165.9727372,255.934,78,83.2,40,,,,,,,,,,,,,,,,
Teller_MM27,20220719,TTHAW0089,64.73968807,-165.9721388,253.941,50,56.3,40,,,,,,,,,,,,,,,,
Teller_MM27,20220719,TTHAW0090,64.73932951,-165.9717613,251.937,36,51.1,45,,,,,,,,,,,,,,,,
Teller_MM27,20220719,TTHAW0091,64.73926457,-165.9711514,251.031,29,54.9,10,,,,,,,,,,,,,,,,
Teller_MM27,20220719,TTHAW0092,64.73861894,-165.97041,245.062,51,49.2,60,,,,,,,,,,,,,,,,
Teller_MM27,20220719,TTHAW0093,64.73832835,-165.9696775,241.165,54,36.8,20,,,,,,,,,,,,,,,,
Teller_MM27,20220719,TTHAW0094,64.73811823,-165.9693133,238.406,44,49.2,10,,,,,,,,,,,,,,,,
Teller_MM27,20220719,TTHAW0095,64.73786769,-165.9689918,235.401,41,43.8,10,,,,,,,,,,,,,,,,
Teller_MM27,20220719,TTHAW0096,64.73761473,-165.9686246,231.585,60,45.6,10,,,,,,,,,,,,,,,,
Teller_MM27,20220719,TTHAW0097,64.7373717,-165.9682315,228.198,61,40.3,5,,,,,,,,,,,,,,,,
Teller_MM27,20220719,TTHAW0098,64.73716635,-165.9678431,224.289,58,51.3,10,,,,,,,,,,,,,,,,
Teller_MM27,20220719,TTHAW0099,64.73695201,-165.9675273,221.757,67,50.2,10,,,,,,,,,,,,,,,,
Teller_MM27,20220719,TTHAW0100,64.73670251,-165.9672768,218.957,55,58.9,30,,,,,,,,,,,,,,,,
Teller_MM27,20220719,TTHAW0101,64.73646379,-165.9670272,216.994,29,54.6,10,,,,,,,,,,,,,,,,
Teller_MM27,20220719,TTHAW0102,64.73626579,-165.9667438,213.836,36,50.4,10,,,,,,,,,,,,,,,,
Teller_MM27,20220719,TTHAW0103,64.73619156,-165.9666234,212.468,29,52.5,50,,,,,,,,,,,,,,,,
Teller_MM27,20220719,TTHAW0104,64.73594376,-165.9663186,207.703,78,42.3,10,,,,,,,,,,,,,,,,
Teller_MM27,20220719,TTHAW0105,64.73572105,-165.9659562,205.797,80,37.3,5,,,,,,,,,,,,,,,,
Teller_MM27,20220719,TTHAW0106,64.73552053,-165.9655848,200.842,52,39.6,10,,,,,,,,,,,,,,,,
Teller_MM27,20220719,TTHAW0107,64.73527623,-165.9652184,196.874,56,34.1,10,,,,,,,,,,,,,,,,
Teller_MM27,20220719,TTHAW0108,64.73501409,-165.9648649,194.099,71,38.1,5,,,,,,,,,,,,,,,,
Teller_MM27,20220719,TTHAW0109,64.73474278,-165.9644848,190.473,41,58.4,20,,,,,,,,,,,,,,,,
Teller_MM27,20220719,TTHAW0110,64.73449987,-165.964138,187.454,35,52.9,10,,,,,,,,,,,,,,,,
Teller_MM27,20220719,TTHAW0111,64.73427929,-165.9638183,184.495,36,55.5,40,,,,,,,,,,,,,,,,
Teller_MM27,20220719,TTHAW0112,64.73404291,-165.9635126,180.959,57,50.1,20,,,,,,,,,,,,,,,,
Teller_MM27,20220719,TTHAW0113,64.73381654,-165.9631116,177.367,34,53.9,15,,,,,,,,,,,,,,,,
Teller_MM27,20220719,TTHAW0114,64.73354922,-165.9626702,172.156,46,40.3,25,,,,,,,,,,,,,,,,
Teller_MM27,20220719,TTHAW0115,64.73345351,-165.9624021,167.901,65,38.6,30,,,,,,,,,,,,,,,,
Teller_MM27,20220719,TTHAW0116,64.73325059,-165.9619731,163.637,51,48.6,15,,,,,,,,,,,,,,,,
Teller_MM27,20220719,TTHAW0117,64.73289558,-165.9615714,159.257,56,32.5,0,,,,,,,,,,,,,,,,
Teller_MM27,20220719,TTHAW0118,64.73291857,-165.961273,158.359,90,34.5,10,,,,,,,,,,,,,,,,
Teller_MM27,20220719,TTHAW0119,64.73274426,-165.9609738,156.208,74,39.1,20,,,,,,,,,,,,,,,,
Teller_MM27,20220719,TTHAW0120,64.73269492,-165.9607513,153.224,84,39.9,15,,,,,,,,,,,,,,,,
Teller_MM27,20220719,TTHAW0121,64.73244575,-165.9604188,149.759,65,50.3,10,,,,,,,,,,,,,,,,
Teller_MM27,20220719,TTHAW0122,64.73227119,-165.9601738,148.103,90,41.1,0,,,,,,,,,,,,,,,,
Teller_MM27,20220719,TTHAW0123,64.73200905,-165.9597426,144.859,90,33.9,2,,,,,,,,,,,,,,,,
Teller_MM27,20220719,TTHAW0124,64.73178122,-165.9593639,141.779,60,43.3,10,,,,,,,,,,,,,,,,
Teller_MM27,20220719,TTHAW0125,64.73154909,-165.9590359,139.349,75,45.7,5,,,,,,,,,,,,,,,,
Teller_MM27,20220719,TTHAW0126,64.73132644,-165.958677,136.473,60,46.2,5,,,,,,,,,,,,,,,,
Teller_MM27,20220719,TTHAW0127,64.73108984,-165.9583077,133.219,59,49.3,5,,,,,,,,,,,,,,,,
Teller_MM27,20220719,TTHAW0128,64.73080564,-165.9580388,129.065,62,43.5,10,,,,,,,,,,,,,,,,
Teller_MM27,20220719,TTHAW0129,64.73057347,-165.9577211,131.742,53,44.7,5,,,,,,,,,,,,,,,,
Teller_MM27,20220719,TTHAW0130,64.73045409,-165.9572237,121.41,84,41.6,120,,,,,,,,,,,,,,,,
Teller_MM27,20220719,TTHAW0131,64.730137,-165.9567347,117.837,70,39.4,50,,,,,,,,,,,,,,,,
Teller_MM27,20220719,TTHAW0132,64.72982878,-165.9563823,114.929,83,59.9,50,,,,,,,,,,,,,,,,
Teller_MM27,20220719,TTHAW0133,64.72945772,-165.9559088,111.989,102,67.6,50,,,,,,,,,,,,,,,,
Teller_MM27,20220719,TTHAW0134,64.72894761,-165.955391,107.723,98,51.7,30,,,,,,,,,,,,,,,,
Teller_MM27,20220719,TTHAW0135,64.72873696,-165.9552076,106.392,57,47.2,60,,,,,,,,,,,,,,,,
Teller_MM27,20220719,TTHAW0136,64.72845407,-165.9549024,103.484,73,61.2,40,,,,,,,,,,,,,,,,
Teller_MM27,20220719,TTHAW0137,64.72822375,-165.9545241,101.39,37,60.7,20,,,,,,,,,,,,,,,,
Teller_MM27,20220719,TTHAW0138,64.72794867,-165.9543096,98.508,82,68.3,50,,,,,,,,,,,,,,,,
Teller_MM27,20220719,TTHAW0139,64.72772453,-165.9540371,97.092,31,59.8,20,,,,,,,,,,,,,,,,
Teller_MM27,20220719,TTHAW0140,64.72747038,-165.9537481,94.688,33,58.1,15,,,,,,,,,,,,,,,,
Teller_MM27,20220719,TTHAW0141,64.72724238,-165.9535056,92.603,44,54.1,20,,,,,,,,,,,,,,,,
Teller_MM27,20220719,TTHAW0142,64.72690532,-165.9536592,90.442,72,62.4,120,,,,,,,,,,,,,,,,
Teller_MM27,20220719,TTHAW0143,64.72665868,-165.9528772,88.071,56,58.3,30,,,,,,,,,,,,,,,,
Teller_MM27,20220719,TTHAW0144,64.72647432,-165.9529906,87.678,43,52,35,,,,,,,,,,,,,,,,
Teller_MM27,20220719,TTHAW0145,64.72636706,-165.9531091,86.542,92,30.3,50,,,,,,,,,,,,,,,,
Teller_MM27,20220719,TTHAW0146,64.72618301,-165.9531828,86.112,76,62.3,110,,,,,,,,,,,,,,,,
Teller_MM27,20220719,TTHAW0147,64.72598785,-165.9521354,84.284,31,51.5,20,,,,,,,,,,,,,,,,
Teller_MM27,20220719,TTHAW0148,64.72578321,-165.9515564,81.862,45,57.8,15,,,,,,,,,,,,,,,,
Teller_MM27,20220719,TTHAW0149,64.7256377,-165.9513629,81.06,31,53.8,15,,,,,,,,,,,,,,,,
Teller_MM27,20220719,TTHAW0150,64.72548229,-165.9508707,78.779,56,74.7,30,,,,,,,,,,,,,,,,
Teller_MM27,20220719,TTHAW0151,64.72519831,-165.9507083,77.849,32,52.6,40,,,,,,,,,,,,,,,,
Teller_MM27,20220719,TTHAW0152,64.72494631,-165.9507465,76.395,100,76.4,110,,,,,,,,,,,,,,,,
Teller_MM27,20220719,TTHAW0153,64.72467799,-165.9503462,75.46,44,58.3,40,,,,,,,,,,,,,,,,
Teller_MM27,20220719,TTHAW0154,64.72440836,-165.9501349,73.8,58,60.7,20,,,,,,,,,,,,,,,,
Teller_MM27,20220719,TTHAW0155,64.72405909,-165.9495754,72.096,35,45.8,15,,,,,,,,,,,,,,,,
Teller_MM27,20220719,TTHAW0156,64.72374714,-165.9494712,69.757,72,72.6,25,,,,,,,,,,,,,,,,
Teller_MM27,20220719,TTHAW0157,64.72328931,-165.9489141,67.24,34,42.5,30,,,,,,,,,,,,,,,,
Teller_MM27,20220719,TTHAW0158,64.72304176,-165.9490193,65.742,35,80,25,,,,,,,,,,,,,,,,
Teller_MM27,20220719,TTHAW0159,64.72273441,-165.9488915,63.901,38,78.9,25,,,,,,,,,,,,,,,,
Teller_MM27,20220719,TTHAW0160,64.72252651,-165.9483297,62.418,31,50.4,30,,,,,,,,,,,,,,,,
Teller_MM27,20220719,TTHAW0161,64.72227287,-165.948248,60.723,54,77.6,30,,,,,,,,,,,,,,,,
Teller_MM27,20220719,TTHAW0162,64.72207974,-165.9480777,58.46,75,55.8,160,,,,,,,,,,,,,,,,
Teller_MM27,20220719,TTHAW0163,64.72179947,-165.9469188,55.63,67,27.4,15,,,,,,,,,,,,,,,,
Teller_MM27,20220719,TTHAW0164,64.72257991,-165.9419372,59.524,83,44.8,10,,,,,,,,,,,,,,,,
Teller_MM27,20220719,TTHAW0165,64.72268683,-165.9422273,59.964,80,47.4,80,,,,,,,,,,,,,,,,
Teller_MM27,20220719,TTHAW0166,64.72278595,-165.9425609,60.058,62,50.4,80,,,,,,,,,,,,,,,,
Teller_MM27,20220719,TTHAW0167,64.72282973,-165.9428512,59.9,68,44.6,120,,,,,,,,,,,,,,,,
Teller_MM27,20220719,TTHAW0168,64.72290196,-165.9432104,59.644,60,48.7,70,,,,,,,,,,,,,,,,
Teller_MM27,20220719,TTHAW0169,64.72304236,-165.9434664,59.711,58,42.9,30,,,,,,,,,,,,,,,,
Teller_MM27,20220719,TTHAW0170,64.72321917,-165.9436627,60.224,88,43.8,40,,,,,,,,,,,,,,,,
Teller_MM27,20220719,TTHAW0171,64.72341726,-165.9438461,60.809,77,47.2,30,,,,,,,,,,,,,,,,
Teller_MM27,20220719,TTHAW0172,64.7235824,-165.9440145,61.123,65,51.6,10,,,,,,,,,,,,,,,,
Teller_MM27,20220719,TTHAW0173,64.72375406,-165.944211,61.393,60,50.2,20,,,,,,,,,,,,,,,,
Teller_MM27,20220719,TTHAW0174,64.72391964,-165.944378,61.832,63,46.4,5,,,,,,,,,,,,,,,,
Teller_MM27,20220719,TTHAW0175,64.72407901,-165.9445321,61.793,75,49,10,,,,,,,,,,,,,,,,
Teller_MM27,20220719,TTHAW0176,64.72424524,-165.9447952,59.155,75,32.9,70,,,,,,,,,,,,,,,,
Teller_MM27,20220719,TTHAW0177,64.72440431,-165.9449964,59.148,103,34.7,70,,,,,,,,,,,,,,,,
Teller_MM27,20220719,TTHAW0178,64.72455509,-165.9451922,59.404,90,43,40,,,,,,,,,,,,,,,,
Teller_MM27,20220719,TTHAW0179,64.72474905,-165.9453356,60.162,97,51.4,160,,,,,,,,,,,,,,,,
Teller_MM27,20220719,TTHAW0180,64.72490489,-165.9456214,60.763,62,43.9,50,,,,,,,,,,,,,,,,
Teller_MM27,20220719,TTHAW0181,64.72507038,-165.9458187,61.594,68,30.1,160,,,,,,,,,,,,,,,,
Teller_MM27,20220719,TTHAW0182,64.72539475,-165.9458934,63.437,77,47.4,50,,,,,,,,,,,,,,,,
Teller_MM27,20220719,TTHAW0183,64.72562406,-165.9463629,64.729,90,51.4,20,,,,,,,,,,,,,,,,
Teller_MM27,20220719,TTHAW0184,64.72596268,-165.9471426,70.345,58,50,30,,,,,,,,,,,,,,,,
Teller_MM27,20220719,TTHAW0185,64.72613153,-165.9474633,71.847,100,35.5,30,,,,,,,,,,,,,,,,
Teller_MM27,20220719,TTHAW0186,64.72638327,-165.9477847,74.42,62,31.8,20,,,,,,,,,,,,,,,,
Teller_MM27,20220721,TTHAW0187,64.72669918,-165.948287,77.952,47,50.6,35,,,,,,,,,,,,,,,,
Teller_MM27,20220721,TTHAW0188,64.72684589,-165.9487191,79.624,120,73.3,40,,,,,,,,,,,,,,,,
Teller_MM27,20220721,TTHAW0189,64.72715096,-165.9493117,82.542,56,61.3,100,,,,,,,,,,,,,,,,
Teller_MM27,20220721,TTHAW0190,64.72737216,-165.9490185,83.516,74,84.8,50,,,,,,,,,,,,,,,,
Teller_MM27,20220721,TTHAW0191,64.72748458,-165.9486365,83.434,52,56.9,15,,,,,,,,,,,,,,,,
Teller_MM27,20220721,TTHAW0192,64.72785257,-165.9492615,85.798,87,52.6,200,,,,,,,,,,,,,,,,
Teller_MM27,20220721,TTHAW0193,64.72801376,-165.9504222,89.217,86,68.9,110,,,,,,,,,,,,,,,,
Teller_MM27,20220721,TTHAW0194,64.72825858,-165.9509958,93.284,84,53.1,120,,,,,,,,,,,,,,,,
Teller_MM27,20220721,TTHAW0195,64.72858587,-165.9514631,96.816,41,68,20,,,,,,,,,,,,,,,,
Teller_MM27,20220721,TTHAW0196,64.72882956,-165.9517779,98.978,56,50.1,15,,,,,,,,,,,,,,,,
Teller_MM27,20220721,TTHAW0197,64.72904666,-165.9522,101.334,35,53.4,30,,,,,,,,,,,,,,,,
Teller_MM27,20220721,TTHAW0198,64.72924203,-165.9524724,103.426,39,49.2,10,,,,,,,,,,,,,,,,
Teller_MM27,20220721,TTHAW0199,64.72945624,-165.9528237,105.536,31,53.2,20,,,,,,,,,,,,,,,,
Teller_MM27,20220721,TTHAW0200,64.72974987,-165.9531926,108.617,49,50.3,10,,,,,,,,,,,,,,,,
Teller_MM27,20220721,TTHAW0201,64.72995533,-165.9535575,110.803,49,50.3,20,,,,,,,,,,,,,,,,
Teller_MM27,20220721,TTHAW0202,64.73015473,-165.9538859,112.777,64,49.5,15,,,,,,,,,,,,,,,,
Teller_MM27,20220721,TTHAW0203,64.73038522,-165.9541476,114.326,59,35.1,5,,,,,,,,,,,,,,,,
Teller_MM27,20220721,TTHAW0204,64.73061549,-165.9543852,116.936,46,38.9,10,,,,,,,,,,,,,,,,
Teller_MM27,20220721,TTHAW0205,64.73077636,-165.9546103,118.378,55,24.9,10,,,,,,,,,,,,,,,,
Teller_MM27,20220721,TTHAW0206,64.73102341,-165.9548671,120.215,48,22.3,5,,,,,,,,,,,,,,,,
Teller_MM27,20220721,TTHAW0207,64.73129487,-165.9549177,124.358,84,37.2,10,,,,,,,,,,,,,,,,
Teller_MM27,20220721,TTHAW0208,64.73157031,-165.9551572,126.514,62,38,5,,,,,,,,,,,,,,,,
Teller_MM27,20220721,TTHAW0209,64.73179645,-165.9554485,129.661,70,33.4,10,,,,,,,,,,,,,,,,
Teller_MM27,20220721,TTHAW0210,64.73200493,-165.9557064,131.789,66,50.7,20,,,,,,,,,,,,,,,,
Teller_MM27,20220721,TTHAW0211,64.73217627,-165.9558018,133.952,74,42.8,130,,,,,,,,,,,,,,,,
Teller_MM27,20220721,TTHAW0212,64.73247179,-165.9561563,137.033,57,55,35,,,,,,,,,,,,,,,,
Teller_MM27,20220721,TTHAW0213,64.73275838,-165.9563213,139.447,82,48.8,20,,,,,,,,,,,,,,,,
Teller_MM27,20220721,TTHAW0214,64.73310119,-165.9566443,143.919,75,28.9,5,,,,,,,,,,,,,,,,
Teller_MM27,20220721,TTHAW0215,64.73336814,-165.9569769,146.218,82,46.8,60,,,,,,,,,,,,,,,,
Teller_MM27,20220721,TTHAW0216,64.73372755,-165.9572993,148.798,69,46.7,50,,,,,,,,,,,,,,,,
Teller_MM27,20220721,TTHAW0217,64.73395224,-165.9578624,153.627,83,46.8,5,,,,,,,,,,,,,,,,
Teller_MM27,20220721,TTHAW0218,64.73419167,-165.9582734,157.519,95,36,5,,,,,,,,,,,,,,,,
Teller_MM27,20220721,TTHAW0219,64.73445696,-165.9586683,160.778,61,46.9,10,,,,,,,,,,,,,,,,
Teller_MM27,20220721,TTHAW0220,64.73507702,-165.9590819,166.566,61,48.8,170,,,,,,,,,,,,,,,,
Teller_MM27,20220721,TTHAW0221,64.73500493,-165.9597111,170.987,58,49.4,5,,,,,,,,,,,,,,,,
Teller_MM27,20220721,TTHAW0222,64.73523176,-165.9600663,173.989,70,48.1,10,,,,,,,,,,,,,,,,
Teller_MM27,20220721,TTHAW0223,64.73546826,-165.9605185,178.21,54,35.9,5,,,,,,,,,,,,,,,,
Teller_MM27,20220721,TTHAW0224,64.73583167,-165.9610554,184.689,39,47.7,30,,,,,,,,,,,,,,,,
Teller_MM27,20220721,TTHAW0225,64.73598214,-165.9613522,186.661,51,52.2,50,,,,,,,,,,,,,,,,
Teller_MM27,20220721,TTHAW0226,64.73617821,-165.9617134,189.544,64,48.9,10,,,,,,,,,,,,,,,,
Teller_MM27,20220721,TTHAW0227,64.73642505,-165.9623089,193.955,64,36.9,5,,,,,,,,,,,,,,,,
Teller_MM27,20220721,TTHAW0228,64.73661997,-165.962758,197.309,65,46.8,10,,,,,,,,,,,,,,,,
Teller_MM27,20220721,TTHAW0229,64.73685049,-165.963121,200.135,60,48.4,40,,,,,,,,,,,,,,,,
Teller_MM27,20220721,TTHAW0230,64.7370867,-165.9632937,204.933,70,51.3,10,,,,,,,,,,,,,,,,
Teller_MM27,20220721,TTHAW0231,64.73729859,-165.9636873,209.853,63,47.3,15,,,,,,,,,,,,,,,,
Teller_MM27,20220721,TTHAW0232,64.73750805,-165.9641358,214.788,62,47.7,10,,,,,,,,,,,,,,,,
Teller_MM27,20220721,TTHAW0233,64.7377167,-165.9644563,218.229,65,43.9,10,,,,,,,,,,,,,,,,
Teller_MM27,20220721,TTHAW0234,64.73811848,-165.9650985,224.146,75,45.9,10,,,,,,,,,,,,,,,,
Teller_MM27,20220721,TTHAW0235,64.73840647,-165.9655813,228.498,89,46.8,5,,,,,,,,,,,,,,,,
Teller_MM27,20220721,TTHAW0236,64.73872496,-165.9660142,232.631,95,50,10,,,,,,,,,,,,,,,,
Teller_MM27,20220721,TTHAW0237,64.73901526,-165.9662461,235.315,84,43.6,40,,,,,,,,,,,,,,,,
Teller_MM27,20220721,TTHAW0238,64.73937523,-165.9664286,238.988,64,47.1,5,,,,,,,,,,,,,,,,
Teller_MM27,20220721,TTHAW0239,64.73972798,-165.9667137,242.391,65,51.9,10,,,,,,,,,,,,,,,,
Teller_MM27,20220721,TTHAW0240,64.74011913,-165.967221,246.098,59,53.1,15,,,,,,,,,,,,,,,,
Teller_MM27,20220721,TTHAW0241,64.74039209,-165.967951,249.096,58,52.1,15,,,,,,,,,,,,,,,,
Teller_MM27,20220721,TTHAW0242,64.74087229,-165.9687347,252.993,65,54.1,15,,,,,,,,,,,,,,,,
Teller_MM27,20220721,TTHAW0243,64.74118158,-165.969436,255.956,100,54.9,20,,,,,,,,,,,,,,,,
Teller_MM27,20220721,TTHAW0244,64.74147097,-165.9699317,258.252,36,54.7,10,,,,,,,,,,,,,,,,
Teller_MM27,20220721,TTHAW0245,64.74182012,-165.9701694,259.24,65,71.3,20,,,,,,,,,,,,,,,,
Teller_MM27,20220721,TTHAW0246,64.7421798,-165.9705045,261.276,30,58.7,10,,,,,,,,,,,,,,,,
Teller_MM27,20220721,TTHAW0247,64.74248894,-165.9711155,261.832,74,62.5,15,,,,,,,,,,,,,,,,
Teller_MM27,20220721,TTHAW0248,64.74274772,-165.9715719,263.62,30,58.7,10,,,,,,,,,,,,,,,,
Teller_MM27,20220721,TTHAW0249,64.74290399,-165.9716757,263.228,85,86.3,40,,,,,,,,,,,,,,,,
Teller_MM27,20220721,TTHAW0250,64.74337025,-165.9721711,264.512,35,55.6,20,,,,,,,,,,,,,,,,
Teller_MM27,20220721,TTHAW0251,64.74365244,-165.972507,264.929,80,67.9,30,,,,,,,,,,,,,,,,
Teller_MM27,20220721,TTHAW0252,64.7454589,-165.9699714,270.43,74,45.6,5,,,,,,,,,,,,,,,,
Teller_MM27,20220721,TTHAW0253,64.74545055,-165.9692856,269.762,69,85.5,20,,,,,,,,,,,,,,,,
Teller_MM27,20220721,TTHAW0254,64.7452953,-165.9684605,269.417,71,62.2,30,,,,,,,,,,,,,,,,
Teller_MM27,20220721,TTHAW0255,64.74519762,-165.967844,269.549,37,54.8,10,,,,,,,,,,,,,,,,
Teller_MM27,20220721,TTHAW0256,64.74487667,-165.9672966,266.823,90,91.9,40,,,,,,,,,,,,,,,,
Teller_MM27,20220721,TTHAW0257,64.74426571,-165.967377,265.897,20,57.1,5,,,,,,,,,,,,,,,,
Teller_MM27,20220721,TTHAW0258,64.74380415,-165.9675789,263.843,44,62.5,10,,,,,,,,,,,,,,,,
Teller_MM27,20220721,TTHAW0259,64.7433488,-165.9672467,261.002,100,80.9,30,,,,,,,,,,,,,,,,
Teller_MM27,20220721,TTHAW0260,64.74309605,-165.9674103,260.949,37,53.3,10,,,,,,,,,,,,,,,,
Teller_MM27,20220721,TTHAW0261,64.7428295,-165.9673145,259.751,42,66.1,10,,,,,,,,,,,,,,,,
Teller_MM27,20220721,TTHAW0262,64.74242871,-165.9671147,257.088,72,70.1,30,,,,,,,,,,,,,,,,
Teller_MM27,20220721,TTHAW0263,64.74210358,-165.9670555,255.605,72,66.9,15,,,,,,,,,,,,,,,,
Teller_MM27,20220721,TTHAW0264,64.74172945,-165.9668876,253.849,78,52.4,15,,,,,,,,,,,,,,,,
Teller_MM27,20220721,TTHAW0265,64.74128464,-165.9662515,250.801,49,51.7,15,,,,,,,,,,,,,,,,
Teller_MM27,20220721,TTHAW0266,64.74116492,-165.9655573,248.52,80,51.9,50,,,,,,,,,,,,,,,,
Teller_MM27,20220721,TTHAW0267,64.74087916,-165.9653179,246.153,69,50.5,40,,,,,,,,,,,,,,,,
Teller_MM27,20220721,TTHAW0268,64.74053036,-165.9644921,242.507,71,49.8,15,,,,,,,,,,,,,,,,
Teller_MM27,20220721,TTHAW0269,64.74014792,-165.9637573,237.507,79,54.4,80,,,,,,,,,,,,,,,,
Teller_MM27,20220721,TTHAW0270,64.73973583,-165.9635381,234.694,72,45.5,90,,,,,,,,,,,,,,,,
Teller_MM27,20220721,TTHAW0271,64.7395016,-165.96235,229.365,60,56.7,60,,,,,,,,,,,,,,,,
Teller_MM27,20220721,TTHAW0272,64.73938702,-165.9617721,227.128,72,47.6,60,,,,,,,,,,,,,,,,
Teller_MM27,20220721,TTHAW0273,64.73883854,-165.9605467,218.052,60,42.9,5,,,,,,,,,,,,,,,,
Teller_MM27,20220721,TTHAW0274,64.73814538,-165.9600136,209.821,87,48.1,10,,,,,,,,,,,,,,,,
Teller_MM27,20220721,TTHAW0275,64.73743712,-165.959382,199.087,65,44,10,,,,,,,,,,,,,,,,
Teller_MM27,20220721,TTHAW0276,64.7367514,-165.9585562,186.952,81,51.9,15,,,,,,,,,,,,,,,,
Teller_MM27,20220721,TTHAW0277,64.73617192,-165.9580321,179.432,67,30.3,5,,,,,,,,,,,,,,,,
Teller_MM27,20220721,TTHAW0278,64.73591382,-165.9577503,175.576,74,50,30,,,,,,,,,,,,,,,,
Teller_MM27,20220721,TTHAW0279,64.7352951,-165.9569964,166.365,75,47.3,5,,,,,,,,,,,,,,,,
Teller_MM27,20220721,TTHAW0280,64.73507335,-165.9565212,161.861,120,62,30,,,,,,,,,,,,,,,,
Teller_MM27,20220721,TTHAW0281,64.73488698,-165.9562864,160.525,64,40.6,10,,,,,,,,,,,,,,,,
Teller_MM27,20220721,TTHAW0282,64.73429906,-165.9562145,151.289,95,43.4,150,,,,,,,,,,,,,,,,
Teller_MM27,20220721,TTHAW0283,64.73412004,-165.955199,150.522,66,51,150,,,,,,,,,,,,,,,,
Teller_MM27,20220721,TTHAW0284,64.73366576,-165.9546061,145.027,88,52.5,200,,,,,,,,,,,,,,,,
Teller_MM27,20220721,TTHAW0285,64.73335682,-165.9539177,141.363,78,52.4,50,,,,,,,,,,,,,,,,
Teller_MM27,20220721,TTHAW0286,64.7327986,-165.9529364,133.629,81,43.9,5,,,,,,,,,,,,,,,,
Teller_MM27,20220721,TTHAW0287,64.73211942,-165.9522656,123.098,90,46.7,15,,,,,,,,,,,,,,,,
Teller_MM27,20220721,TTHAW0288,64.73170107,-165.9510693,119.726,100,49.9,10,,,,,,,,,,,,,,,,
Teller_MM27,20220721,TTHAW0289,64.73096019,-165.950126,110.956,79,51.2,70,,,,,,,,,,,,,,,,
Teller_MM27,20220721,TTHAW0290,64.73078133,-165.9495897,107.611,120,60.5,90,,,,,,,,,,,,,,,,
Teller_MM27,20220721,TTHAW0291,64.7298635,-165.9493815,98.93,83,35.9,5,,,,,,,,,,,,,,,,
Teller_MM27,20220721,TTHAW0292,64.72939355,-165.9485879,94.198,83,44,5,,,,,,,,,,,,,,,,
Teller_MM27,20220721,TTHAW0293,64.72870005,-165.9477427,88.356,120,30,5,,,,,,,,,,,,,,,,
Teller_MM27,20220721,TTHAW0294,64.72816653,-165.9472738,83.339,78,45,15,,,,,,,,,,,,,,,,
Teller_MM27,20220722,TTHAW0295,64.72709377,-165.9450021,75.531,110,47.8,170,,,,,,,,,,,,,,,,
Teller_MM27,20220722,TTHAW0296,64.72681015,-165.9441898,77.668,85,58.7,35,,,,,,,,,,,,,,,,
Teller_MM27,20220722,TTHAW0297,64.72643134,-165.9433039,76.974,64,51.6,120,,,,,,,,,,,,,,,,
Teller_MM27,20220722,TTHAW0298,64.72645381,-165.9425493,77.216,90,75.5,20,,,,,,,,,,,,,,,,
Teller_MM27,20220722,TTHAW0299,64.7257648,-165.9423049,73.918,78,47.1,40,,,,,,,,,,,,,,,,
Teller_MM27,20220722,TTHAW0300,64.72566854,-165.9415894,73.853,37,70.3,25,,,,,,,,,,,,,,,,
Teller_MM27,20220722,TTHAW0301,64.72525963,-165.9415441,72.015,44,52.4,10,,,,,,,,,,,,,,,,
Teller_MM27,20220722,TTHAW0302,64.72741084,-165.9408701,81.04,40,63.1,20,,,,,,,,,,,,,,,,
Teller_MM27,20220722,TTHAW0303,64.72758358,-165.9411246,81.872,32,62,10,,,,,,,,,,,,,,,,
Teller_MM27,20220722,TTHAW0304,64.72777657,-165.9414168,82.855,33,69.5,20,,,,,,,,,,,,,,,,
Teller_MM27,20220722,TTHAW0305,64.72799757,-165.9418631,83.017,84,60.2,20,,,,,,,,,,,,,,,,
Teller_MM27,20220722,TTHAW0306,64.72811961,-165.9421301,83.43,41,54.3,30,,,,,,,,,,,,,,,,
Teller_MM27,20220722,TTHAW0307,64.72831304,-165.942353,83.211,51,63.3,35,,,,,,,,,,,,,,,,
Teller_MM27,20220722,TTHAW0308,64.72862169,-165.9426223,85.856,45,63.1,35,,,,,,,,,,,,,,,,
Teller_MM27,20220722,TTHAW0309,64.72880183,-165.9429836,88.507,31,42.6,20,,,,,,,,,,,,,,,,
Teller_MM27,20220722,TTHAW0310,64.72895324,-165.9432859,89.634,55,75.9,40,,,,,,,,,,,,,,,,
Teller_MM27,20220722,TTHAW0311,64.72912734,-165.9433191,91.035,24,52.5,30,,,,,,,,,,,,,,,,
Teller_MM27,20220722,TTHAW0312,64.72941998,-165.9435204,92.029,85,82.7,30,,,,,,,,,,,,,,,,
Teller_MM27,20220722,TTHAW0313,64.72970861,-165.9441725,93.922,40,77,30,,,,,,,,,,,,,,,,
Teller_MM27,20220722,TTHAW0314,64.7298662,-165.9443316,95.565,28,53.9,15,,,,,,,,,,,,,,,,
Teller_MM27,20220722,TTHAW0315,64.73013086,-165.9447191,96.419,86,65.3,30,,,,,,,,,,,,,,,,
Teller_MM27,20220722,TTHAW0316,64.73042592,-165.9455897,98.841,64,75.5,100,,,,,,,,,,,,,,,,
Teller_MM27,20220722,TTHAW0317,64.73060487,-165.9460398,100.631,120,86.6,110,,,,,,,,,,,,,,,,
Teller_MM27,20220722,TTHAW0318,64.73083556,-165.9459792,101.762,95,82,150,,,,,,,,,,,,,,,,
Teller_MM27,20220722,TTHAW0319,64.73110601,-165.9464087,104.57,110,81,80,,,,,,,,,,,,,,,,
Teller_MM27,20220722,TTHAW0320,64.73141939,-165.9473666,109.215,82,73,35,,,,,,,,,,,,,,,,
Teller_MM27,20220722,TTHAW0321,64.73173613,-165.9473569,112.355,81,67.1,60,,,,,,,,,,,,,,,,
Teller_MM27,20220722,TTHAW0322,64.73207712,-165.9482075,117.961,100,72,15,,,,,,,,,,,,,,,,
Teller_MM27,20220722,TTHAW0323,64.7326013,-165.9485289,123.592,67,50.9,70,,,,,,,,,,,,,,,,
Teller_MM27,20220722,TTHAW0324,64.73293977,-165.9494145,128.291,72,46.5,15,,,,,,,,,,,,,,,,
Teller_MM27,20220722,TTHAW0325,64.73323705,-165.9496607,132.211,76,52.6,25,,,,,,,,,,,,,,,,
Teller_MM27,20220722,TTHAW0326,64.73346092,-165.9492932,133.921,64,50.4,250,,,,,,,,,,,,,,,,
Teller_MM27,20220722,TTHAW0327,64.73365666,-165.9497467,137.089,71,50.9,200,,,,,,,,,,,,,,,,
Teller_MM27,20220722,TTHAW0328,64.73392359,-165.949765,140.699,88,46.7,35,,,,,,,,,,,,,,,,
Teller_MM27,20220722,TTHAW0329,64.73418552,-165.950118,144.063,89,52.8,40,,,,,,,,,,,,,,,,
Teller_MM27,20220722,TTHAW0330,64.7345421,-165.951246,149.595,68,49.4,30,,,,,,,,,,,,,,,,
Teller_MM27,20220722,TTHAW0331,64.73479763,-165.9509321,151.636,82,50.9,210,,,,,,,,,,,,,,,,
Teller_MM27,20220722,TTHAW0332,64.73496602,-165.9521394,155.854,60,45.3,20,,,,,,,,,,,,,,,,
Teller_MM27,20220722,TTHAW0333,64.7351863,-165.9517705,158.679,81,44.6,15,,,,,,,,,,,,,,,,
Teller_MM27,20220722,TTHAW0334,64.73564482,-165.9521989,164.536,95,50.3,20,,,,,,,,,,,,,,,,
Teller_MM27,20220722,TTHAW0335,64.73596109,-165.9526968,168.953,73,42.5,10,,,,,,,,,,,,,,,,
Teller_MM27,20220722,TTHAW0336,64.736222,-165.9529913,171.509,72,49.5,25,,,,,,,,,,,,,,,,
Teller_MM27,20220722,TTHAW0337,64.73653174,-165.9531418,175.906,89,40.7,10,,,,,,,,,,,,,,,,
Teller_MM27,20220722,TTHAW0338,64.73671243,-165.9547437,181.365,84,46.9,20,,,,,,,,,,,,,,,,
Teller_MM27,20220722,TTHAW0339,64.73692888,-165.9550323,184.416,70,49.6,10,,,,,,,,,,,,,,,,
Teller_MM27,20220722,TTHAW0340,64.73717023,-165.9552609,187.38,71,51.4,15,,,,,,,,,,,,,,,,
Teller_MM27,20220722,TTHAW0341,64.73741029,-165.9554032,190.575,85,51.3,5,,,,,,,,,,,,,,,,
Teller_MM27,20220722,TTHAW0342,64.73767924,-165.955597,194.221,86,49.5,15,,,,,,,,,,,,,,,,
Teller_MM27,20220722,TTHAW0343,64.7379283,-165.9557787,196.966,85,50.1,15,,,,,,,,,,,,,,,,
Teller_MM27,20220722,TTHAW0344,64.7381697,-165.9559996,200.022,87,51.4,20,,,,,,,,,,,,,,,,
Teller_MM27,20220722,TTHAW0345,64.7386772,-165.9567455,207.866,47,65.7,30,,,,,,,,,,,,,,,,
Teller_MM27,20220722,TTHAW0346,64.73890551,-165.9570772,210.606,58,57,40,,,,,,,,,,,,,,,,
Teller_MM27,20220722,TTHAW0347,64.73926064,-165.957489,213.887,75,52.9,15,,,,,,,,,,,,,,,,
Teller_MM27,20220722,TTHAW0348,64.73972224,-165.958259,220.917,45,51.9,15,,,,,,,,,,,,,,,,
Teller_MM27,20220722,TTHAW0349,64.74012009,-165.958565,223.776,82,35.2,15,,,,,,,,,,,,,,,,
Teller_MM27,20220722,TTHAW0350,64.7404843,-165.9589344,228.932,82,41.7,20,,,,,,,,,,,,,,,,
Teller_MM27,20220722,TTHAW0351,64.74073623,-165.9591826,230.553,79,50.2,10,,,,,,,,,,,,,,,,
Teller_MM27,20220722,TTHAW0352,64.74095249,-165.959313,233.124,120,52.5,55,,,,,,,,,,,,,,,,
Teller_MM27,20220722,TTHAW0353,64.74119786,-165.9599324,235.844,85,42.2,10,,,,,,,,,,,,,,,,
Teller_MM27,20220722,TTHAW0354,64.74140167,-165.9605328,238.175,120,65.9,55,,,,,,,,,,,,,,,,
Teller_MM27,20220722,TTHAW0355,64.74167714,-165.9616211,241.886,120,44.2,10,,,,,,,,,,,,,,,,
Teller_MM27,20220722,TTHAW0356,64.74210955,-165.9622594,244.865,52,42.5,10,,,,,,,,,,,,,,,,
Teller_MM27,20220722,TTHAW0357,64.74254901,-165.9627406,250.357,120,48.2,70,,,,,,,,,,,,,,,,
Teller_MM27,20220722,TTHAW0358,64.74290694,-165.9630474,253.174,40,50.5,10,,,,,,,,,,,,,,,,
Teller_MM27,20220722,TTHAW0359,64.74306036,-165.9631863,253.446,52,53.3,30,,,,,,,,,,,,,,,,
Teller_MM27,20220722,TTHAW0360,64.74331778,-165.9640358,257.044,35,50.8,10,,,,,,,,,,,,,,,,
Teller_MM27,20220722,TTHAW0361,64.74365711,-165.9645498,258.58,81,63.5,40,,,,,,,,,,,,,,,,
Teller_MM27,20220722,TTHAW0362,64.74397632,-165.9645448,260.831,50,51.4,15,,,,,,,,,,,,,,,,
Teller_MM27,20220722,TTHAW0363,64.74433828,-165.9650892,262.152,100,84.2,40,,,,,,,,,,,,,,,,
Teller_MM27,20220722,TTHAW0364,64.74474666,-165.9653571,265.3,30,50.9,10,,,,,,,,,,,,,,,,
Teller_MM27,20220722,TTHAW0365,64.74517822,-165.965948,268.002,28,38.4,10,,,,,,,,,,,,,,,,
Teller_MM27,20220722,TTHAW0366,64.74533138,-165.9662222,267.916,59,74.9,40,,,,,,,,,,,,,,,,
Teller_MM27,20220722,TTHAW0367,64.74604495,-165.9636562,269.305,26,56.7,10,,,,,,,,,,,,,,,,
Teller_MM27,20220722,TTHAW0368,64.74579334,-165.963151,266.942,63,61.2,15,,,,,,,,,,,,,,,,
Teller_MM27,20220722,TTHAW0369,64.745557,-165.9630191,266.175,40,50.7,15,,,,,,,,,,,,,,,,
Teller_MM27,20220722,TTHAW0370,64.74528562,-165.9627254,262.743,83,64.2,20,,,,,,,,,,,,,,,,
Teller_MM27,20220722,TTHAW0371,64.74487533,-165.9625131,261.004,86,50.9,15,,,,,,,,,,,,,,,,
Teller_MM27,20220722,TTHAW0372,64.74446681,-165.9618147,258.67,30,52.5,10,,,,,,,,,,,,,,,,
Teller_MM27,20220722,TTHAW0373,64.74434685,-165.9614364,256.375,71,80.9,30,,,,,,,,,,,,,,,,
Teller_MM27,20220722,TTHAW0374,64.74413981,-165.9613268,255.84,25,57.5,15,,,,,,,,,,,,,,,,
Teller_MM27,20220722,TTHAW0375,64.74378931,-165.9610426,253.471,45,65.6,15,,,,,,,,,,,,,,,,
Teller_MM27,20220722,TTHAW0376,64.74326234,-165.960623,249.381,58,70.1,20,,,,,,,,,,,,,,,,
Teller_MM27,20220722,TTHAW0377,64.74300147,-165.9601973,247.329,50,43.2,30,,,,,,,,,,,,,,,,
Teller_MM27,20220722,TTHAW0378,64.74265596,-165.9595126,241.879,59,43.6,10,,,,,,,,,,,,,,,,
Teller_MM27,20220722,TTHAW0379,64.74222378,-165.9585383,238.171,120,32.5,0,,,,,,,,,,,,,,,,
Teller_MM27,20220722,TTHAW0380,64.74195327,-165.9571623,233.096,94,40.9,15,,,,,,,,,,,,,,,,
Teller_MM27,20220722,TTHAW0381,64.74153259,-165.9560429,226.273,120,48.9,10,,,,,,,,,,,,,,,,
Teller_MM27,20220722,TTHAW0382,64.74112538,-165.9556477,223.46,95,52.6,25,,,,,,,,,,,,,,,,
Teller_MM27,20220722,TTHAW0383,64.7406863,-165.9551224,220.642,83,54.5,80,,,,,,,,,,,,,,,,
Teller_MM27,20220722,TTHAW0384,64.7404257,-165.954985,219.228,87,48.9,15,,,,,,,,,,,,,,,,
Teller_MM27,20220722,TTHAW0385,64.7402357,-165.9545048,215.587,60,50.4,10,,,,,,,,,,,,,,,,
Teller_MM27,20220722,TTHAW0386,64.73988565,-165.9536109,211.664,64,46.3,25,,,,,,,,,,,,,,,,
Teller_MM27,20220722,TTHAW0387,64.73952372,-165.9528939,207.172,61,55.2,15,,,,,,,,,,,,,,,,
Teller_MM27,20220722,TTHAW0388,64.73896149,-165.9524074,201.066,62,58.5,30,,,,,,,,,,,,,,,,
Teller_MM27,20220722,TTHAW0389,64.73866992,-165.9521144,197.693,95,62.1,25,,,,,,,,,,,,,,,,
Teller_MM27,20220722,TTHAW0390,64.73834274,-165.9522132,194.713,75,51.7,160,,,,,,,,,,,,,,,,
Teller_MM27,20220722,TTHAW0391,64.73798979,-165.9518039,190.559,120,50.4,90,,,,,,,,,,,,,,,,
Teller_MM27,20220722,TTHAW0392,64.73787596,-165.9514424,188.479,69,53.9,20,,,,,,,,,,,,,,,,
Teller_MM27,20220722,TTHAW0393,64.7376417,-165.9513784,185.484,59,55.8,25,,,,,,,,,,,,,,,,
Teller_MM27,20220722,TTHAW0394,64.73712525,-165.9509207,179.121,110,69.9,20,,,,,,,,,,,,,,,,
Teller_MM27,20220722,TTHAW0395,64.73680772,-165.9505,174.802,89,57.5,110,,,,,,,,,,,,,,,,
Teller_MM27,20220722,TTHAW0396,64.73634495,-165.9501581,169.232,48,62.2,30,,,,,,,,,,,,,,,,
Teller_MM27,20220722,TTHAW0397,64.73596681,-165.9499202,163.502,49,66.1,30,,,,,,,,,,,,,,,,
Teller_MM27,20220722,TTHAW0398,64.73535993,-165.9494343,154.68,77,74.6,130,,,,,,,,,,,,,,,,
Teller_MM27,20220722,TTHAW0399,64.7350412,-165.9478264,147.477,55,64.8,15,,,,,,,,,,,,,,,,
Teller_MM27,20220722,TTHAW0400,64.73439064,-165.9471707,140.177,39,60.3,25,,,,,,,,,,,,,,,,
Teller_MM27,20220722,TTHAW0401,64.73404935,-165.9469416,134.312,74,60.6,170,,,,,,,,,,,,,,,,
Teller_MM27,20220722,TTHAW0402,64.73377058,-165.9464844,131.008,60,70.8,25,,,,,,,,,,,,,,,,
Teller_MM27,20220722,TTHAW0403,64.73326929,-165.9449087,122.984,35,62.1,25,,,,,,,,,,,,,,,,
Teller_MM27,20220722,TTHAW0404,64.73312393,-165.9443914,118.469,75,68.8,200,,,,,,,,,,,,,,,,
Teller_MM27,20220722,TTHAW0405,64.73294707,-165.9442429,116.368,69,55.7,100,,,,,,,,,,,,,,,,
Teller_MM27,20220722,TTHAW0406,64.7327338,-165.9439415,114.253,71,60.4,130,,,,,,,,,,,,,,,,
Teller_MM27,20220722,TTHAW0407,64.73223884,-165.943599,109.503,79,53.7,200,,,,,,,,,,,,,,,,
Teller_MM27,20220722,TTHAW0408,64.73187422,-165.9432154,106.144,40,64.7,25,,,,,,,,,,,,,,,,
Teller_MM27,20220722,TTHAW0409,64.73170953,-165.9428639,104.33,30,72.7,30,,,,,,,,,,,,,,,,
Teller_MM27,20220722,TTHAW0410,64.73159098,-165.9427137,104.325,25,55.3,15,,,,,,,,,,,,,,,,
Teller_MM27,20220722,TTHAW0411,64.73112687,-165.9422125,100.004,95,76.4,15,,,,,,,,,,,,,,,,
Teller_MM27,20220722,TTHAW0412,64.73076686,-165.9419323,97.951,26,56.7,30,,,,,,,,,,,,,,,,
Teller_MM27,20220722,TTHAW0413,64.73030367,-165.9415094,94.282,39,76.1,40,,,,,,,,,,,,,,,,
Teller_MM27,20220722,TTHAW0414,64.7301252,-165.9413449,93.401,85,84.1,35,,,,,,,,,,,,,,,,
Teller_MM27,20220722,TTHAW0415,64.72989652,-165.9411191,92.78,35,49.8,5,,,,,,,,,,,,,,,,
Teller_MM27,20220722,TTHAW0416,64.72964852,-165.9409591,90.667,100,81.2,30,,,,,,,,,,,,,,,,
Teller_MM27,20220722,TTHAW0417,64.72940151,-165.9407339,89.878,30,54.4,15,,,,,,,,,,,,,,,,
Teller_MM27,20220722,TTHAW0418,64.72918674,-165.9403335,87.814,94,71.7,40,,,,,,,,,,,,,,,,
Teller_MM27,20220722,TTHAW0419,64.72911549,-165.9401823,88.145,31,50.1,10,,,,,,,,,,,,,,,,
Teller_MM27,20220722,TTHAW0420,64.72987615,-165.941112,92.616,30,-9999,-9999,,,,,,,,,,,,,,,,
Teller_MM27,20220722,TTHAW0421,64.72986959,-165.9411623,92.737,38,-9999,-9999,,,,,,,,,,,,,,,,
Teller_MM27,20220722,TTHAW0422,64.72986605,-165.941223,91.71,72,-9999,-9999,,,,,,,,,,,,,,,,
Teller_MM27,20220722,TTHAW0423,64.72986257,-165.941275,91.775,105,-9999,-9999,,,,,,,,,,,,,,,,
Teller_MM27,20220722,TTHAW0424,64.72985631,-165.9413279,91.794,68,-9999,-9999,,,,,,,,,,,,,,,,
Teller_MM27,20220722,TTHAW0425,64.72985456,-165.9413782,91.842,36,-9999,-9999,,,,,,,,,,,,,,,,
Teller_MM27,20220722,TTHAW0426,64.72985179,-165.941426,91.744,50,-9999,-9999,,,,,,,,,,,,,,,,
Teller_MM27,20220722,TTHAW0427,64.72984921,-165.9414804,91.829,91,-9999,-9999,,,,,,,,,,,,,,,,
Teller_MM27,20220722,TTHAW0428,64.72984321,-165.9415222,91.956,43,-9999,-9999,,,,,,,,,,,,,,,,
Teller_MM27,20220722,TTHAW0429,64.72983569,-165.941558,92.426,24,-9999,-9999,,,,,,,,,,,,,,,,
Teller_MM27,20220722,TTHAW0430,64.72982885,-165.9416053,92.273,36,-9999,-9999,,,,,,,,,,,,,,,,
Teller_MM27,20220722,TTHAW0431,64.72982331,-165.9416729,92.277,62,-9999,-9999,,,,,,,,,,,,,,,,
Teller_MM27,20220722,TTHAW0432,64.72981816,-165.9417241,92.27,65,-9999,-9999,,,,,,,,,,,,,,,,
Teller_MM27,20220722,TTHAW0433,64.72981146,-165.9417731,92.39,52,-9999,-9999,,,,,,,,,,,,,,,,
Teller_MM27,20220722,TTHAW0434,64.72980363,-165.9418319,92.515,28,-9999,-9999,,,,,,,,,,,,,,,,
Teller_MM27,20220722,TTHAW0435,64.72979655,-165.9418741,92.825,23,-9999,-9999,,,,,,,,,,,,,,,,
,,,,,,,,,,,,,,,,,,,,,,,,
,,,,,,,,,,,,,,,,,,,,,,,,
,,,,,,,,,,,,,,,,,,,,,,,,
,,,,,,,,,,,,,,,,,,,,,,,,
,,,,,,,,,,,,,,,,,,,,,,,,
,,,,,,,,,,,,,,,,,,,,,,,,
,,,,,,,,,,,,,,,,,,,,,,,,
,,,,,,,,,,,,,,,,,,,,,,,,
,,,,,,,,,,,,,,,,,,,,,,,,
,,,,,,,,,,,,,,,,,,,,,,,,
,,,,,,,,,,,,,,,,,,,,,,,,
,,,,,,,,,,,,,,,,,,,,,,,,
,,,,,,,,,,,,,,,,,,,,,,,,
,,,,,,,,,,,,,,,,,,,,,,,,
,,,,,,,,,,,,,,,,,,,,,,,,
,,,,,,,,,,,,,,,,,,,,,,,,
,,,,,,,,,,,,,,,,,,,,,,,,
,,,,,,,,,,,,,,,,,,,,,,,,
,,,,,,,,,,,,,,,,,,,,,,,,
,,,,,,,,,,,,,,,,,,,,,,,,
,,,,,,,,,,,,,,,,,,,,,,,,
,,,,,,,,,,,,,,,,,,,,,,,,
,,,,,,,,,,,,,,,,,,,,,,,,
,,,,,,,,,,,,,,,,,,,,,,,,
,,,,,,,,,,,,,,,,,,,,,,,,
,,,,,,,,,,,,,,,,,,,,,,,,
,,,,,,,,,,,,,,,,,,,,,,,,
,,,,,,,,,,,,,,,,,,,,,,,,
,,,,,,,,,,,,,,,,,,,,,,,,
,,,,,,,,,,,,,,,,,,,,,,,,
,,,,,,,,,,,,,,,,,,,,,,,,
,,,,,,,,,,,,,,,,,,,,,,,,
,,,,,,,,,,,,,,,,,,,,,,,,
,,,,,,,,,,,,,,,,,,,,,,,,
,,,,,,,,,,,,,,,,,,,,,,,,
,,,,,,,,,,,,,,,,,,,,,,,,
,,,,,,,,,,,,,,,,,,,,,,,,
,,,,,,,,,,,,,,,,,,,,,,,,
,,,,,,,,,,,,,,,,,,,,,,,,
,,,,,,,,,,,,,,,,,,,,,,,,
,,,,,,,,,,,,,,,,,,,,,,,,
,,,,,,,,,,,,,,,,,,,,,,,,
,,,,,,,,,,,,,,,,,,,,,,,,
,,,,,,,,,,,,,,,,,,,,,,,,
,,,,,,,,,,,,,,,,,,,,,,,,
,,,,,,,,,,,,,,,,,,,,,,,,
,,,,,,,,,,,,,,,,,,,,,,,,
,,,,,,,,,,,,,,,,,,,,,,,,
,,,,,,,,,,,,,,,,,,,,,,,,
,,,,,,,,,,,,,,,,,,,,,,,,
,,,,,,,,,,,,,,,,,,,,,,,,
,,,,,,,,,,,,,,,,,,,,,,,,
,,,,,,,,,,,,,,,,,,,,,,,,
,,,,,,,,,,,,,,,,,,,,,,,,
,,,,,,,,,,,,,,,,,,,,,,,,
,,,,,,,,,,,,,,,,,,,,,,,,
,,,,,,,,,,,,,,,,,,,,,,,,
,,,,,,,,,,,,,,,,,,,,,,,,
,,,,,,,,,,,,,,,,,,,,,,,,
,,,,,,,,,,,,,,,,,,,,,,,,
,,,,,,,,,,,,,,,,,,,,,,,,
,,,,,,,,,,,,,,,,,,,,,,,,
,,,,,,,,,,,,,,,,,,,,,,,,
,,,,,,,,,,,,,,,,,,,,,,,,
,,,,,,,,,,,,,,,,,,,,,,,,
,,,,,,,,,,,,,,,,,,,,,,,,
,,,,,,,,,,,,,,,,,,,,,,,,
,,,,,,,,,,,,,,,,,,,,,,,,
,,,,,,,,,,,,,,,,,,,,,,,,
,,,,,,,,,,,,,,,,,,,,,,,,
,,,,,,,,,,,,,,,,,,,,,,,,
,,,,,,,,,,,,,,,,,,,,,,,,
,,,,,,,,,,,,,,,,,,,,,,,,
,,,,,,,,,,,,,,,,,,,,,,,,
,,,,,,,,,,,,,,,,,,,,,,,,
,,,,,,,,,,,,,,,,,,,,,,,,
,,,,,,,,,,,,,,,,,,,,,,,,
,,,,,,,,,,,,,,,,,,,,,,,,
,,,,,,,,,,,,,,,,,,,,,,,,
,,,,,,,,,,,,,,,,,,,,,,,,
,,,,,,,,,,,,,,,,,,,,,,,,
,,,,,,,,,,,,,,,,,,,,,,,,
,,,,,,,,,,,,,,,,,,,,,,,,
,,,,,,,,,,,,,,,,,,,,,,,,
,,,,,,,,,,,,,,,,,,,,,,,,
,,,,,,,,,,,,,,,,,,,,,,,,
,,,,,,,,,,,,,,,,,,,,,,,,
,,,,,,,,,,,,,,,,,,,,,,,,
,,,,,,,,,,,,,,,,,,,,,,,,
,,,,,,,,,,,,,,,,,,,,,,,,
,,,,,,,,,,,,,,,,,,,,,,,,
,,,,,,,,,,,,,,,,,,,,,,,,
,,,,,,,,,,,,,,,,,,,,,,,,
,,,,,,,,,,,,,,,,,,,,,,,,
,,,,,,,,,,,,,,,,,,,,,,,,
,,,,,,,,,,,,,,,,,,,,,,,,
,,,,,,,,,,,,,,,,,,,,,,,,
,,,,,,,,,,,,,,,,,,,,,,,,
,,,,,,,,,,,,,,,,,,,,,,,,
,,,,,,,,,,,,,,,,,,,,,,,,
,,,,,,,,,,,,,,,,,,,,,,,,
,,,,,,,,,,,,,,,,,,,,,,,,
,,,,,,,,,,,,,,,,,,,,,,,,
,,,,,,,,,,,,,,,,,,,,,,,,
,,,,,,,,,,,,,,,,,,,,,,,,
,,,,,,,,,,,,,,,,,,,,,,,,
,,,,,,,,,,,,,,,,,,,,,,,,
,,,,,,,,,,,,,,,,,,,,,,,,
,,,,,,,,,,,,,,,,,,,,,,,,
,,,,,,,,,,,,,,,,,,,,,,,,
,,,,,,,,,,,,,,,,,,,,,,,,
,,,,,,,,,,,,,,,,,,,,,,,,
,,,,,,,,,,,,,,,,,,,,,,,,
,,,,,,,,,,,,,,,,,,,,,,,,
,,,,,,,,,,,,,,,,,,,,,,,,
,,,,,,,,,,,,,,,,,,,,,,,,
,,,,,,,,,,,,,,,,,,,,,,,,
,,,,,,,,,,,,,,,,,,,,,,,,
,,,,,,,,,,,,,,,,,,,,,,,,
,,,,,,,,,,,,,,,,,,,,,,,,
,,,,,,,,,,,,,,,,,,,,,,,,
,,,,,,,,,,,,,,,,,,,,,,,,
,,,,,,,,,,,,,,,,,,,,,,,,
,,,,,,,,,,,,,,,,,,,,,,,,
,,,,,,,,,,,,,,,,,,,,,,,,
,,,,,,,,,,,,,,,,,,,,,,,,
,,,,,,,,,,,,,,,,,,,,,,,,
,,,,,,,,,,,,,,,,,,,,,,,,
,,,,,,,,,,,,,,,,,,,,,,,,
,,,,,,,,,,,,,,,,,,,,,,,,
,,,,,,,,,,,,,,,,,,,,,,,,
,,,,,,,,,,,,,,,,,,,,,,,,
,,,,,,,,,,,,,,,,,,,,,,,,
,,,,,,,,,,,,,,,,,,,,,,,,
,,,,,,,,,,,,,,,,,,,,,,,,
,,,,,,,,,,,,,,,,,,,,,,,,
,,,,,,,,,,,,,,,,,,,,,,,,
,,,,,,,,,,,,,,,,,,,,,,,,
,,,,,,,,,,,,,,,,,,,,,,,,
,,,,,,,,,,,,,,,,,,,,,,,,
,,,,,,,,,,,,,,,,,,,,,,,,
,,,,,,,,,,,,,,,,,,,,,,,,
,,,,,,,,,,,,,,,,,,,,,,,,
,,,,,,,,,,,,,,,,,,,,,,,,
,,,,,,,,,,,,,,,,,,,,,,,,
,,,,,,,,,,,,,,,,,,,,,,,,
,,,,,,,,,,,,,,,,,,,,,,,,
,,,,,,,,,,,,,,,,,,,,,,,,
,,,,,,,,,,,,,,,,,,,,,,,,
,,,,,,,,,,,,,,,,,,,,,,,,
,,,,,,,,,,,,,,,,,,,,,,,,
,,,,,,,,,,,,,,,,,,,,,,,,
,,,,,,,,,,,,,,,,,,,,,,,,
,,,,,,,,,,,,,,,,,,,,,,,,
,,,,,,,,,,,,,,,,,,,,,,,,
,,,,,,,,,,,,,,,,,,,,,,,,
,,,,,,,,,,,,,,,,,,,,,,,,
,,,,,,,,,,,,,,,,,,,,,,,,
,,,,,,,,,,,,,,,,,,,,,,,,
,,,,,,,,,,,,,,,,,,,,,,,,
,,,,,,,,,,,,,,,,,,,,,,,,
,,,,,,,,,,,,,,,,,,,,,,,,
,,,,,,,,,,,,,,,,,,,,,,,,
,,,,,,,,,,,,,,,,,,,,,,,,
,,,,,,,,,,,,,,,,,,,,,,,,
,,,,,,,,,,,,,,,,,,,,,,,,
,,,,,,,,,,,,,,,,,,,,,,,,
,,,,,,,,,,,,,,,,,,,,,,,,
,,,,,,,,,,,,,,,,,,,,,,,,
,,,,,,,,,,,,,,,,,,,,,,,,
,,,,,,,,,,,,,,,,,,,,,,,,
,,,,,,,,,,,,,,,,,,,,,,,,
,,,,,,,,,,,,,,,,,,,,,,,,
,,,,,,,,,,,,,,,,,,,,,,,,
,,,,,,,,,,,,,,,,,,,,,,,,
,,,,,,,,,,,,,,,,,,,,,,,,
,,,,,,,,,,,,,,,,,,,,,,,,
,,,,,,,,,,,,,,,,,,,,,,,,
,,,,,,,,,,,,,,,,,,,,,,,,
,,,,,,,,,,,,,,,,,,,,,,,,
,,,,,,,,,,,,,,,,,,,,,,,,
,,,,,,,,,,,,,,,,,,,,,,,,
,,,,,,,,,,,,,,,,,,,,,,,,
,,,,,,,,,,,,,,,,,,,,,,,,
,,,,,,,,,,,,,,,,,,,,,,,,
,,,,,,,,,,,,,,,,,,,,,,,,
,,,,,,,,,,,,,,,,,,,,,,,,
,,,,,,,,,,,,,,,,,,,,,,,,
,,,,,,,,,,,,,,,,,,,,,,,,
,,,,,,,,,,,,,,,,,,,,,,,,
,,,,,,,,,,,,,,,,,,,,,,,,
,,,,,,,,,,,,,,,,,,,,,,,,
,,,,,,,,,,,,,,,,,,,,,,,,
,,,,,,,,,,,,,,,,,,,,,,,,
,,,,,,,,,,,,,,,,,,,,,,,,
,,,,,,,,,,,,,,,,,,,,,,,,
,,,,,,,,,,,,,,,,,,,,,,,,
,,,,,,,,,,,,,,,,,,,,,,,,
,,,,,,,,,,,,,,,,,,,,,,,,
,,,,,,,,,,,,,,,,,,,,,,,,
,,,,,,,,,,,,,,,,,,,,,,,,
,,,,,,,,,,,,,,,,,,,,,,,,
,,,,,,,,,,,,,,,,,,,,,,,,
,,,,,,,,,,,,,,,,,,,,,,,,
,,,,,,,,,,,,,,,,,,,,,,,,
,,,,,,,,,,,,,,,,,,,,,,,,
,,,,,,,,,,,,,,,,,,,,,,,,
,,,,,,,,,,,,,,,,,,,,,,,,
,,,,,,,,,,,,,,,,,,,,,,,,
,,,,,,,,,,,,,,,,,,,,,,,,
,,,,,,,,,,,,,,,,,,,,,,,,
,,,,,,,,,,,,,,,,,,,,,,,,
,,,,,,,,,,,,,,,,,,,,,,,,
,,,,,,,,,,,,,,,,,,,,,,,,
,,,,,,,,,,,,,,,,,,,,,,,,
,,,,,,,,,,,,,,,,,,,,,,,,
,,,,,,,,,,,,,,,,,,,,,,,,
,,,,,,,,,,,,,,,,,,,,,,,,
,,,,,,,,,,,,,,,,,,,,,,,,
,,,,,,,,,,,,,,,,,,,,,,,,
,,,,,,,,,,,,,,,,,,,,,,,,
,,,,,,,,,,,,,,,,,,,,,,,,
,,,,,,,,,,,,,,,,,,,,,,,,
,,,,,,,,,,,,,,,,,,,,,,,,
,,,,,,,,,,,,,,,,,,,,,,,,
,,,,,,,,,,,,,,,,,,,,,,,,
,,,,,,,,,,,,,,,,,,,,,,,,
,,,,,,,,,,,,,,,,,,,,,,,,
,,,,,,,,,,,,,,,,,,,,,,,,
,,,,,,,,,,,,,,,,,,,,,,,,
,,,,,,,,,,,,,,,,,,,,,,,,
,,,,,,,,,,,,,,,,,,,,,,,,
,,,,,,,,,,,,,,,,,,,,,,,,
,,,,,,,,,,,,,,,,,,,,,,,,
,,,,,,,,,,,,,,,,,,,,,,,,
,,,,,,,,,,,,,,,,,,,,,,,,
,,,,,,,,,,,,,,,,,,,,,,,,
,,,,,,,,,,,,,,,,,,,,,,,,
,,,,,,,,,,,,,,,,,,,,,,,,
,,,,,,,,,,,,,,,,,,,,,,,,
,,,,,,,,,,,,,,,,,,,,,,,,
,,,,,,,,,,,,,,,,,,,,,,,,
,,,,,,,,,,,,,,,,,,,,,,,,
,,,,,,,,,,,,,,,,,,,,,,,,
,,,,,,,,,,,,,,,,,,,,,,,,
,,,,,,,,,,,,,,,,,,,,,,,,
,,,,,,,,,,,,,,,,,,,,,,,,
,,,,,,,,,,,,,,,,,,,,,,,,
,,,,,,,,,,,,,,,,,,,,,,,,
,,,,,,,,,,,,,,,,,,,,,,,,
,,,,,,,,,,,,,,,,,,,,,,,,
,,,,,,,,,,,,,,,,,,,,,,,,
,,,,,,,,,,,,,,,,,,,,,,,,
,,,,,,,,,,,,,,,,,,,,,,,,
,,,,,,,,,,,,,,,,,,,,,,,,
,,,,,,,,,,,,,,,,,,,,,,,,
,,,,,,,,,,,,,,,,,,,,,,,,
,,,,,,,,,,,,,,,,,,,,,,,,
,,,,,,,,,,,,,,,,,,,,,,,,
,,,,,,,,,,,,,,,,,,,,,,,,
,,,,,,,,,,,,,,,,,,,,,,,,
,,,,,,,,,,,,,,,,,,,,,,,,
,,,,,,,,,,,,,,,,,,,,,,,,
,,,,,,,,,,,,,,,,,,,,,,,,
,,,,,,,,,,,,,,,,,,,,,,,,
,,,,,,,,,,,,,,,,,,,,,,,,
,,,,,,,,,,,,,,,,,,,,,,,,
,,,,,,,,,,,,,,,,,,,,,,,,
,,,,,,,,,,,,,,,,,,,,,,,,
,,,,,,,,,,,,,,,,,,,,,,,,
,,,,,,,,,,,,,,,,,,,,,,,,
,,,,,,,,,,,,,,,,,,,,,,,,
,,,,,,,,,,,,,,,,,,,,,,,,
,,,,,,,,,,,,,,,,,,,,,,,,
,,,,,,,,,,,,,,,,,,,,,,,,
,,,,,,,,,,,,,,,,,,,,,,,,
,,,,,,,,,,,,,,,,,,,,,,,,
,,,,,,,,,,,,,,,,,,,,,,,,
,,,,,,,,,,,,,,,,,,,,,,,,
,,,,,,,,,,,,,,,,,,,,,,,,
,,,,,,,,,,,,,,,,,,,,,,,,
,,,,,,,,,,,,,,,,,,,,,,,,
,,,,,,,,,,,,,,,,,,,,,,,,
,,,,,,,,,,,,,,,,,,,,,,,,
,,,,,,,,,,,,,,,,,,,,,,,,
,,,,,,,,,,,,,,,,,,,,,,,,
,,,,,,,,,,,,,,,,,,,,,,,,
,,,,,,,,,,,,,,,,,,,,,,,,
,,,,,,,,,,,,,,,,,,,,,,,,
,,,,,,,,,,,,,,,,,,,,,,,,
,,,,,,,,,,,,,,,,,,,,,,,,
,,,,,,,,,,,,,,,,,,,,,,,,
,,,,,,,,,,,,,,,,,,,,,,,,
,,,,,,,,,,,,,,,,,,,,,,,,
,,,,,,,,,,,,,,,,,,,,,,,,
,,,,,,,,,,,,,,,,,,,,,,,,
,,,,,,,,,,,,,,,,,,,,,,,,
,,,,,,,,,,,,,,,,,,,,,,,,
,,,,,,,,,,,,,,,,,,,,,,,,
,,,,,,,,,,,,,,,,,,,,,,,,
,,,,,,,,,,,,,,,,,,,,,,,,
,,,,,,,,,,,,,,,,,,,,,,,,
,,,,,,,,,,,,,,,,,,,,,,,,
,,,,,,,,,,,,,,,,,,,,,,,,
,,,,,,,,,,,,,,,,,,,,,,,,
,,,,,,,,,,,,,,,,,,,,,,,,
,,,,,,,,,,,,,,,,,,,,,,,,
,,,,,,,,,,,,,,,,,,,,,,,,
,,,,,,,,,,,,,,,,,,,,,,,,
,,,,,,,,,,,,,,,,,,,,,,,,
,,,,,,,,,,,,,,,,,,,,,,,,
,,,,,,,,,,,,,,,,,,,,,,,,
,,,,,,,,,,,,,,,,,,,,,,,,
,,,,,,,,,,,,,,,,,,,,,,,,
,,,,,,,,,,,,,,,,,,,,,,,,
,,,,,,,,,,,,,,,,,,,,,,,,
,,,,,,,,,,,,,,,,,,,,,,,,
,,,,,,,,,,,,,,,,,,,,,,,,
,,,,,,,,,,,,,,,,,,,,,,,,
,,,,,,,,,,,,,,,,,,,,,,,,
,,,,,,,,,,,,,,,,,,,,,,,,
,,,,,,,,,,,,,,,,,,,,,,,,
,,,,,,,,,,,,,,,,,,,,,,,,
,,,,,,,,,,,,,,,,,,,,,,,,
,,,,,,,,,,,,,,,,,,,,,,,,
,,,,,,,,,,,,,,,,,,,,,,,,
,,,,,,,,,,,,,,,,,,,,,,,,
,,,,,,,,,,,,,,,,,,,,,,,,
,,,,,,,,,,,,,,,,,,,,,,,,
,,,,,,,,,,,,,,,,,,,,,,,,
,,,,,,,,,,,,,,,,,,,,,,,,
,,,,,,,,,,,,,,,,,,,,,,,,
,,,,,,,,,,,,,,,,,,,,,,,,
,,,,,,,,,,,,,,,,,,,,,,,,
,,,,,,,,,,,,,,,,,,,,,,,,
,,,,,,,,,,,,,,,,,,,,,,,,
,,,,,,,,,,,,,,,,,,,,,,,,
,,,,,,,,,,,,,,,,,,,,,,,,
,,,,,,,,,,,,,,,,,,,,,,,,
,,,,,,,,,,,,,,,,,,,,,,,,
,,,,,,,,,,,,,,,,,,,,,,,,
,,,,,,,,,,,,,,,,,,,,,,,,
,,,,,,,,,,,,,,,,,,,,,,,,
,,,,,,,,,,,,,,,,,,,,,,,,
,,,,,,,,,,,,,,,,,,,,,,,,
,,,,,,,,,,,,,,,,,,,,,,,,
,,,,,,,,,,,,,,,,,,,,,,,,
,,,,,,,,,,,,,,,,,,,,,,,,
,,,,,,,,,,,,,,,,,,,,,,,,
,,,,,,,,,,,,,,,,,,,,,,,,
,,,,,,,,,,,,,,,,,,,,,,,,
,,,,,,,,,,,,,,,,,,,,,,,,
,,,,,,,,,,,,,,,,,,,,,,,,
,,,,,,,,,,,,,,,,,,,,,,,,
,,,,,,,,,,,,,,,,,,,,,,,,
,,,,,,,,,,,,,,,,,,,,,,,,
,,,,,,,,,,,,,,,,,,,,,,,,
,,,,,,,,,,,,,,,,,,,,,,,,
,,,,,,,,,,,,,,,,,,,,,,,,
,,,,,,,,,,,,,,,,,,,,,,,,
,,,,,,,,,,,,,,,,,,,,,,,,
,,,,,,,,,,,,,,,,,,,,,,,,
,,,,,,,,,,,,,,,,,,,,,,,,
,,,,,,,,,,,,,,,,,,,,,,,,
,,,,,,,,,,,,,,,,,,,,,,,,
,,,,,,,,,,,,,,,,,,,,,,,,
,,,,,,,,,,,,,,,,,,,,,,,,
,,,,,,,,,,,,,,,,,,,,,,,,
,,,,,,,,,,,,,,,,,,,,,,,,
,,,,,,,,,,,,,,,,,,,,,,,,
,,,,,,,,,,,,,,,,,,,,,,,,
,,,,,,,,,,,,,,,,,,,,,,,,
,,,,,,,,,,,,,,,,,,,,,,,,
,,,,,,,,,,,,,,,,,,,,,,,,
,,,,,,,,,,,,,,,,,,,,,,,,
,,,,,,,,,,,,,,,,,,,,,,,,
,,,,,,,,,,,,,,,,,,,,,,,,
,,,,,,,,,,,,,,,,,,,,,,,,
,,,,,,,,,,,,,,,,,,,,,,,,
,,,,,,,,,,,,,,,,,,,,,,,,
,,,,,,,,,,,,,,,,,,,,,,,,
,,,,,,,,,,,,,,,,,,,,,,,,
,,,,,,,,,,,,,,,,,,,,,,,,
,,,,,,,,,,,,,,,,,,,,,,,,
,,,,,,,,,,,,,,,,,,,,,,,,
,,,,,,,,,,,,,,,,,,,,,,,,
,,,,,,,,,,,,,,,,,,,,,,,,
,,,,,,,,,,,,,,,,,,,,,,,,
,,,,,,,,,,,,,,,,,,,,,,,,
,,,,,,,,,,,,,,,,,,,,,,,,
,,,,,,,,,,,,,,,,,,,,,,,,
,,,,,,,,,,,,,,,,,,,,,,,,
,,,,,,,,,,,,,,,,,,,,,,,,
,,,,,,,,,,,,,,,,,,,,,,,,
,,,,,,,,,,,,,,,,,,,,,,,,
,,,,,,,,,,,,,,,,,,,,,,,,
,,,,,,,,,,,,,,,,,,,,,,,,
,,,,,,,,,,,,,,,,,,,,,,,,
,,,,,,,,,,,,,,,,,,,,,,,,
,,,,,,,,,,,,,,,,,,,,,,,,
,,,,,,,,,,,,,,,,,,,,,,,,
,,,,,,,,,,,,,,,,,,,,,,,,
,,,,,,,,,,,,,,,,,,,,,,,,
,,,,,,,,,,,,,,,,,,,,,,,,
,,,,,,,,,,,,,,,,,,,,,,,,
,,,,,,,,,,,,,,,,,,,,,,,,
,,,,,,,,,,,,,,,,,,,,,,,,
,,,,,,,,,,,,,,,,,,,,,,,,
,,,,,,,,,,,,,,,,,,,,,,,,
,,,,,,,,,,,,,,,,,,,,,,,,
,,,,,,,,,,,,,,,,,,,,,,,,
,,,,,,,,,,,,,,,,,,,,,,,,
,,,,,,,,,,,,,,,,,,,,,,,,
,,,,,,,,,,,,,,,,,,,,,,,,
,,,,,,,,,,,,,,,,,,,,,,,,
,,,,,,,,,,,,,,,,,,,,,,,,
,,,,,,,,,,,,,,,,,,,,,,,,
,,,,,,,,,,,,,,,,,,,,,,,,
,,,,,,,,,,,,,,,,,,,,,,,,
,,,,,,,,,,,,,,,,,,,,,,,,
,,,,,,,,,,,,,,,,,,,,,,,,
,,,,,,,,,,,,,,,,,,,,,,,,
,,,,,,,,,,,,,,,,,,,,,,,,
,,,,,,,,,,,,,,,,,,,,,,,,
,,,,,,,,,,,,,,,,,,,,,,,,
,,,,,,,,,,,,,,,,,,,,,,,,
,,,,,,,,,,,,,,,,,,,,,,,,
,,,,,,,,,,,,,,,,,,,,,,,,
,,,,,,,,,,,,,,,,,,,,,,,,
,,,,,,,,,,,,,,,,,,,,,,,,
,,,,,,,,,,,,,,,,,,,,,,,,
,,,,,,,,,,,,,,,,,,,,,,,,
,,,,,,,,,,,,,,,,,,,,,,,,
,,,,,,,,,,,,,,,,,,,,,,,,
,,,,,,,,,,,,,,,,,,,,,,,,
,,,,,,,,,,,,,,,,,,,,,,,,
,,,,,,,,,,,,,,,,,,,,,,,,
,,,,,,,,,,,,,,,,,,,,,,,,
,,,,,,,,,,,,,,,,,,,,,,,,
,,,,,,,,,,,,,,,,,,,,,,,,
,,,,,,,,,,,,,,,,,,,,,,,,
,,,,,,,,,,,,,,,,,,,,,,,,
,,,,,,,,,,,,,,,,,,,,,,,,
,,,,,,,,,,,,,,,,,,,,,,,,
,,,,,,,,,,,,,,,,,,,,,,,,
,,,,,,,,,,,,,,,,,,,,,,,,
,,,,,,,,,,,,,,,,,,,,,,,,
,,,,,,,,,,,,,,,,,,,,,,,,
,,,,,,,,,,,,,,,,,,,,,,,,
,,,,,,,,,,,,,,,,,,,,,,,,
,,,,,,,,,,,,,,,,,,,,,,,,
,,,,,,,,,,,,,,,,,,,,,,,,
,,,,,,,,,,,,,,,,,,,,,,,,
,,,,,,,,,,,,,,,,,,,,,,,,
,,,,,,,,,,,,,,,,,,,,,,,,
,,,,,,,,,,,,,,,,,,,,,,,,
,,,,,,,,,,,,,,,,,,,,,,,,
,,,,,,,,,,,,,,,,,,,,,,,,
,,,,,,,,,,,,,,,,,,,,,,,,
,,,,,,,,,,,,,,,,,,,,,,,,
,,,,,,,,,,,,,,,,,,,,,,,,
,,,,,,,,,,,,,,,,,,,,,,,,
,,,,,,,,,,,,,,,,,,,,,,,,
,,,,,,,,,,,,,,,,,,,,,,,,
,,,,,,,,,,,,,,,,,,,,,,,,
,,,,,,,,,,,,,,,,,,,,,,,,
,,,,,,,,,,,,,,,,,,,,,,,,
,,,,,,,,,,,,,,,,,,,,,,,,
,,,,,,,,,,,,,,,,,,,,,,,,
,,,,,,,,,,,,,,,,,,,,,,,,
,,,,,,,,,,,,,,,,,,,,,,,,
,,,,,,,,,,,,,,,,,,,,,,,,
,,,,,,,,,,,,,,,,,,,,,,,,
,,,,,,,,,,,,,,,,,,,,,,,,
,,,,,,,,,,,,,,,,,,,,,,,,
,,,,,,,,,,,,,,,,,,,,,,,,
,,,,,,,,,,,,,,,,,,,,,,,,
,,,,,,,,,,,,,,,,,,,,,,,,
,,,,,,,,,,,,,,,,,,,,,,,,
,,,,,,,,,,,,,,,,,,,,,,,,
,,,,,,,,,,,,,,,,,,,,,,,,
,,,,,,,,,,,,,,,,,,,,,,,,
,,,,,,,,,,,,,,,,,,,,,,,,
,,,,,,,,,,,,,,,,,,,,,,,,
,,,,,,,,,,,,,,,,,,,,,,,,
,,,,,,,,,,,,,,,,,,,,,,,,
,,,,,,,,,,,,,,,,,,,,,,,,
,,,,,,,,,,,,,,,,,,,,,,,,
,,,,,,,,,,,,,,,,,,,,,,,,
,,,,,,,,,,,,,,,,,,,,,,,,
,,,,,,,,,,,,,,,,,,,,,,,,
,,,,,,,,,,,,,,,,,,,,,,,,
,,,,,,,,,,,,,,,,,,,,,,,,
,,,,,,,,,,,,,,,,,,,,,,,,
,,,,,,,,,,,,,,,,,,,,,,,,
,,,,,,,,,,,,,,,,,,,,,,,,
,,,,,,,,,,,,,,,,,,,,,,,,
,,,,,,,,,,,,,,,,,,,,,,,,
,,,,,,,,,,,,,,,,,,,,,,,,
,,,,,,,,,,,,,,,,,,,,,,,,
,,,,,,,,,,,,,,,,,,,,,,,,
,,,,,,,,,,,,,,,,,,,,,,,,
,,,,,,,,,,,,,,,,,,,,,,,,
,,,,,,,,,,,,,,,,,,,,,,,,
,,,,,,,,,,,,,,,,,,,,,,,,
,,,,,,,,,,,,,,,,,,,,,,,,
,,,,,,,,,,,,,,,,,,,,,,,,
,,,,,,,,,,,,,,,,,,,,,,,,
,,,,,,,,,,,,,,,,,,,,,,,,
,,,,,,,,,,,,,,,,,,,,,,,,
,,,,,,,,,,,,,,,,,,,,,,,,
,,,,,,,,,,,,,,,,,,,,,,,,
,,,,,,,,,,,,,,,,,,,,,,,,
,,,,,,,,,,,,,,,,,,,,,,,,
,,,,,,,,,,,,,,,,,,,,,,,,
,,,,,,,,,,,,,,,,,,,,,,,,
,,,,,,,,,,,,,,,,,,,,,,,,
,,,,,,,,,,,,,,,,,,,,,,,,
,,,,,,,,,,,,,,,,,,,,,,,,
,,,,,,,,,,,,,,,,,,,,,,,,
,,,,,,,,,,,,,,,,,,,,,,,,
,,,,,,,,,,,,,,,,,,,,,,,,
,,,,,,,,,,,,,,,,,,,,,,,,
,,,,,,,,,,,,,,,,,,,,,,,,
,,,,,,,,,,,,,,,,,,,,,,,,
,,,,,,,,,,,,,,,,,,,,,,,,
,,,,,,,,,,,,,,,,,,,,,,,,
,,,,,,,,,,,,,,,,,,,,,,,,
,,,,,,,,,,,,,,,,,,,,,,,,
,,,,,,,,,,,,,,,,,,,,,,,,
,,,,,,,,,,,,,,,,,,,,,,,,
,,,,,,,,,,,,,,,,,,,,,,,,
,,,,,,,,,,,,,,,,,,,,,,,,
,,,,,,,,,,,,,,,,,,,,,,,,
,,,,,,,,,,,,,,,,,,,,,,,,
,,,,,,,,,,,,,,,,,,,,,,,,
,,,,,,,,,,,,,,,,,,,,,,,,
,,,,,,,,,,,,,,,,,,,,,,,,
,,,,,,,,,,,,,,,,,,,,,,,,
,,,,,,,,,,,,,,,,,,,,,,,,
,,,,,,,,,,,,,,,,,,,,,,,,
,,,,,,,,,,,,,,,,,,,,,,,,
,,,,,,,,,,,,,,,,,,,,,,,,
,,,,,,,,,,,,,,,,,,,,,,,,
,,,,,,,,,,,,,,,,,,,,,,,,
,,,,,,,,,,,,,,,,,,,,,,,,
,,,,,,,,,,,,,,,,,,,,,,,,
,,,,,,,,,,,,,,,,,,,,,,,,
,,,,,,,,,,,,,,,,,,,,,,,,
,,,,,,,,,,,,,,,,,,,,,,,,
,,,,,,,,,,,,,,,,,,,,,,,,
,,,,,,,,,,,,,,,,,,,,,,,,
,,,,,,,,,,,,,,,,,,,,,,,,
,,,,,,,,,,,,,,,,,,,,,,,,
,,,,,,,,,,,,,,,,,,,,,,,,
,,,,,,,,,,,,,,,,,,,,,,,,
,,,,,,,,,,,,,,,,,,,,,,,,
,,,,,,,,,,,,,,,,,,,,,,,,
,,,,,,,,,,,,,,,,,,,,,,,,
,,,,,,,,,,,,,,,,,,,,,,,,
,,,,,,,,,,,,,,,,,,,,,,,,
,,,,,,,,,,,,,,,,,,,,,,,,
,,,,,,,,,,,,,,,,,,,,,,,,
,,,,,,,,,,,,,,,,,,,,,,,,
