site_id,date,lat,lon,thaw_depth,pf_observed,pf_depth,obs_limit,method,source,myers_smith_thaw_depth_raw,quality_flag_coord_lookup_or_interpolated
bbc_East_0,06/27/2003,64.6408780117807,-148.333392264369,41,1,41,,tp,Myers-Smith_2005,41,True
bbc_West_0,06/27/2003,64.6408859882169,-148.333429735636,,0,,120,tp,Myers-Smith_2005,>120,True
bbc_East_3,06/27/2003,64.6408539091383,-148.333420165709,28,1,28,,tp,Myers-Smith_2005,28,True
bbc_West_3,06/27/2003,64.6408618855745,-148.333457636942,40,1,40,,tp,Myers-Smith_2005,40,True
bbc_East_6,06/27/2003,64.6408298064905,-148.333448066999,48,1,48,,tp,Myers-Smith_2005,48,True
bbc_West_6,06/27/2003,64.6408377829267,-148.333485538199,24,1,24,,tp,Myers-Smith_2005,24,True
bbc_East_9,06/27/2003,64.6408057038373,-148.333475968239,13,1,13,,tp,Myers-Smith_2005,13,True
bbc_West_9,06/27/2003,64.6408136802736,-148.333513439407,19,1,19,,tp,Myers-Smith_2005,19,True
bbc_East_12,06/27/2003,64.6407816011788,-148.33350386943,70,1,70,,tp,Myers-Smith_2005,70,True
bbc_West_12,06/27/2003,64.6407895776151,-148.333541340564,100,1,100,,tp,Myers-Smith_2005,100,True
bbc_East_15,06/27/2003,64.640757498515,-148.333531770572,32,1,32,,tp,Myers-Smith_2005,32,True
bbc_West_15,06/27/2003,64.6407654749513,-148.333569241673,29,1,29,,tp,Myers-Smith_2005,29,True
bbc_East_18,06/27/2003,64.6407333958458,-148.333559671664,28,1,28,,tp,Myers-Smith_2005,28,True
bbc_West_18,06/27/2003,64.6407413722822,-148.333597142732,53,1,53,,tp,Myers-Smith_2005,53,True
bbc_East_21,06/27/2003,64.6407092931713,-148.333587572707,22,1,22,,tp,Myers-Smith_2005,22,True
bbc_West_21,06/27/2003,64.6407172696077,-148.333625043741,34,1,34,,tp,Myers-Smith_2005,34,True
bbc_East_24,06/27/2003,64.6406851904914,-148.3336154737,47,1,47,,tp,Myers-Smith_2005,47,True
bbc_West_24,06/27/2003,64.6406931669278,-148.333652944701,42,1,42,,tp,Myers-Smith_2005,42,True
bbc_East_27,06/27/2003,64.6406610878062,-148.333643374644,63,1,63,,tp,Myers-Smith_2005,63,True
bbc_West_27,06/27/2003,64.6406690642426,-148.333680845612,15,1,15,,tp,Myers-Smith_2005,15,True
bbc_East_30,06/27/2003,64.6406369851157,-148.333671275538,50,1,50,,tp,Myers-Smith_2005,50,True
bbc_West_30,06/27/2003,64.6406449615521,-148.333708746473,38,1,38,,tp,Myers-Smith_2005,38,True
bbc_East_0,07/13/2003,64.6408780117807,-148.333392264369,47,1,47,,tp,Myers-Smith_2005,47,True
bbc_East_3,07/13/2003,64.6408539091383,-148.333420165709,44,1,44,,tp,Myers-Smith_2005,44,True
bbc_East_6,07/13/2003,64.6408298064905,-148.333448066999,32,1,32,,tp,Myers-Smith_2005,32,True
bbc_East_9,07/13/2003,64.6408057038373,-148.333475968239,25,1,25,,tp,Myers-Smith_2005,25,True
bbc_East_12,07/13/2003,64.6407816011788,-148.33350386943,,0,,120,tp,Myers-Smith_2005,>120,True
bbc_East_15,07/13/2003,64.640757498515,-148.333531770572,43,1,43,,tp,Myers-Smith_2005,43,True
bbc_East_18,07/13/2003,64.6407333958458,-148.333559671664,52,1,52,,tp,Myers-Smith_2005,52,True
bbc_East_21,07/13/2003,64.6407092931713,-148.333587572707,43,1,43,,tp,Myers-Smith_2005,43,True
bbc_East_24,07/13/2003,64.6406851904914,-148.3336154737,27,1,27,,tp,Myers-Smith_2005,27,True
bbc_East_27,07/13/2003,64.6406610878062,-148.333643374644,44,1,44,,tp,Myers-Smith_2005,44,True
bbc_East_30,07/13/2003,64.6406369851157,-148.333671275538,22,1,22,,tp,Myers-Smith_2005,22,True
bbc_East_0,07/21/2003,64.6408780117807,-148.333392264369,,0,,120,tp,Myers-Smith_2005,>120,True
bbc_West_0,07/21/2003,64.6408859882169,-148.333429735636,,0,,120,tp,Myers-Smith_2005,>120,True
bbc_East_3,07/21/2003,64.6408539091383,-148.333420165709,67,1,67,,tp,Myers-Smith_2005,67,True
bbc_East_6,07/21/2003,64.6408298064905,-148.333448066999,42,1,42,,tp,Myers-Smith_2005,42,True
bbc_West_6,07/21/2003,64.6408377829267,-148.333485538199,42,1,42,,tp,Myers-Smith_2005,42,True
bbc_East_9,07/21/2003,64.6408057038373,-148.333475968239,50,1,50,,tp,Myers-Smith_2005,50,True
bbc_West_9,07/21/2003,64.6408136802736,-148.333513439407,40,1,40,,tp,Myers-Smith_2005,40,True
bbc_East_12,07/21/2003,64.6407816011788,-148.33350386943,,0,,120,tp,Myers-Smith_2005,>120,True
bbc_West_12,07/21/2003,64.6407895776151,-148.333541340564,,0,,120,tp,Myers-Smith_2005,>120,True
bbc_East_15,07/21/2003,64.640757498515,-148.333531770572,65,1,65,,tp,Myers-Smith_2005,65,True
bbc_West_15,07/21/2003,64.6407654749513,-148.333569241673,94,1,94,,tp,Myers-Smith_2005,94,True
bbc_East_18,07/21/2003,64.6407333958458,-148.333559671664,62,1,62,,tp,Myers-Smith_2005,62,True
bbc_West_18,07/21/2003,64.6407413722822,-148.333597142732,70,1,70,,tp,Myers-Smith_2005,70,True
bbc_East_21,07/21/2003,64.6407092931713,-148.333587572707,65,1,65,,tp,Myers-Smith_2005,65,True
bbc_West_21,07/21/2003,64.6407172696077,-148.333625043741,61,1,61,,tp,Myers-Smith_2005,61,True
bbc_East_24,07/21/2003,64.6406851904914,-148.3336154737,31,1,31,,tp,Myers-Smith_2005,31,True
bbc_West_24,07/21/2003,64.6406931669278,-148.333652944701,70,1,70,,tp,Myers-Smith_2005,70,True
bbc_East_27,07/21/2003,64.6406610878062,-148.333643374644,68,1,68,,tp,Myers-Smith_2005,68,True
bbc_West_27,07/21/2003,64.6406690642426,-148.333680845612,64,1,64,,tp,Myers-Smith_2005,64,True
bbc_East_30,07/21/2003,64.6406369851157,-148.333671275538,65,1,65,,tp,Myers-Smith_2005,65,True
bbc_West_30,07/21/2003,64.6406449615521,-148.333708746473,52,1,52,,tp,Myers-Smith_2005,52,True
bbc_West_33,07/21/2003,64.6406208588563,-148.333736647284,51,1,51,,tp,Myers-Smith_2005,51,True
bbc_East_0,08/06/2003,64.6408780117807,-148.333392264369,,0,,120,tp,Myers-Smith_2005,>120,True
bbc_West_0,08/06/2003,64.6408859882169,-148.333429735636,,0,,120,tp,Myers-Smith_2005,>120,True
bbc_East_3,08/06/2003,64.6408539091383,-148.333420165709,,0,,120,tp,Myers-Smith_2005,>120,True
bbc_West_3,08/06/2003,64.6408618855745,-148.333457636942,80,1,80,,tp,Myers-Smith_2005,80,True
bbc_East_6,08/06/2003,64.6408298064905,-148.333448066999,,0,,120,tp,Myers-Smith_2005,>120,True
bbc_West_6,08/06/2003,64.6408377829267,-148.333485538199,72,1,72,,tp,Myers-Smith_2005,72,True
bbc_East_9,08/06/2003,64.6408057038373,-148.333475968239,84,1,84,,tp,Myers-Smith_2005,84,True
bbc_West_9,08/06/2003,64.6408136802736,-148.333513439407,58,1,58,,tp,Myers-Smith_2005,58,True
bbc_East_12,08/06/2003,64.6407816011788,-148.33350386943,,0,,120,tp,Myers-Smith_2005,>120,True
bbc_West_12,08/06/2003,64.6407895776151,-148.333541340564,,0,,120,tp,Myers-Smith_2005,>120,True
bbc_East_15,08/06/2003,64.640757498515,-148.333531770572,78,1,78,,tp,Myers-Smith_2005,78,True
bbc_West_15,08/06/2003,64.6407654749513,-148.333569241673,91,1,91,,tp,Myers-Smith_2005,91,True
bbc_East_18,08/06/2003,64.6407333958458,-148.333559671664,78,1,78,,tp,Myers-Smith_2005,78,True
bbc_West_18,08/06/2003,64.6407413722822,-148.333597142732,69,1,69,,tp,Myers-Smith_2005,69,True
bbc_East_21,08/06/2003,64.6407092931713,-148.333587572707,72,1,72,,tp,Myers-Smith_2005,72,True
bbc_West_21,08/06/2003,64.6407172696077,-148.333625043741,63,1,63,,tp,Myers-Smith_2005,63,True
bbc_East_24,08/06/2003,64.6406851904914,-148.3336154737,49,1,49,,tp,Myers-Smith_2005,49,True
bbc_West_24,08/06/2003,64.6406931669278,-148.333652944701,71,1,71,,tp,Myers-Smith_2005,71,True
bbc_East_27,08/06/2003,64.6406610878062,-148.333643374644,63,1,63,,tp,Myers-Smith_2005,63,True
bbc_West_27,08/06/2003,64.6406690642426,-148.333680845612,72,1,72,,tp,Myers-Smith_2005,72,True
bbc_East_30,08/06/2003,64.6406369851157,-148.333671275538,58,1,58,,tp,Myers-Smith_2005,58,True
bbc_West_30,08/06/2003,64.6406449615521,-148.333708746473,56,1,56,,tp,Myers-Smith_2005,56,True
bbc_West_33,08/06/2003,64.6406208588563,-148.333736647284,52,1,52,,tp,Myers-Smith_2005,52,True
bbc_East_0,08/21/2003,64.6408780117807,-148.333392264369,,0,,120,tp,Myers-Smith_2005,>120,True
bbc_West_0,08/21/2003,64.6408859882169,-148.333429735636,,0,,120,tp,Myers-Smith_2005,>120,True
bbc_East_3,08/21/2003,64.6408539091383,-148.333420165709,,0,,120,tp,Myers-Smith_2005,>120,True
bbc_West_3,08/21/2003,64.6408618855745,-148.333457636942,,0,,120,tp,Myers-Smith_2005,>120,True
bbc_East_6,08/21/2003,64.6408298064905,-148.333448066999,,0,,120,tp,Myers-Smith_2005,>120,True
bbc_West_6,08/21/2003,64.6408377829267,-148.333485538199,85,1,85,,tp,Myers-Smith_2005,85,True
bbc_East_9,08/21/2003,64.6408057038373,-148.333475968239,59,1,59,,tp,Myers-Smith_2005,59,True
bbc_West_9,08/21/2003,64.6408136802736,-148.333513439407,71,1,71,,tp,Myers-Smith_2005,71,True
bbc_East_12,08/21/2003,64.6407816011788,-148.33350386943,,0,,120,tp,Myers-Smith_2005,>120,True
bbc_West_12,08/21/2003,64.6407895776151,-148.333541340564,,0,,120,tp,Myers-Smith_2005,>120,True
bbc_East_15,08/21/2003,64.640757498515,-148.333531770572,87,1,87,,tp,Myers-Smith_2005,87,True
bbc_West_15,08/21/2003,64.6407654749513,-148.333569241673,108,1,108,,tp,Myers-Smith_2005,108,True
bbc_East_18,08/21/2003,64.6407333958458,-148.333559671664,79,1,79,,tp,Myers-Smith_2005,79,True
bbc_West_18,08/21/2003,64.6407413722822,-148.333597142732,76,1,76,,tp,Myers-Smith_2005,76,True
bbc_East_21,08/21/2003,64.6407092931713,-148.333587572707,75,1,75,,tp,Myers-Smith_2005,75,True
bbc_West_21,08/21/2003,64.6407172696077,-148.333625043741,65,1,65,,tp,Myers-Smith_2005,65,True
bbc_East_24,08/21/2003,64.6406851904914,-148.3336154737,55,1,55,,tp,Myers-Smith_2005,55,True
bbc_West_24,08/21/2003,64.6406931669278,-148.333652944701,76,1,76,,tp,Myers-Smith_2005,76,True
bbc_East_27,08/21/2003,64.6406610878062,-148.333643374644,68,1,68,,tp,Myers-Smith_2005,68,True
bbc_West_27,08/21/2003,64.6406690642426,-148.333680845612,68,1,68,,tp,Myers-Smith_2005,68,True
bbc_East_30,08/21/2003,64.6406369851157,-148.333671275538,67,1,67,,tp,Myers-Smith_2005,67,True
bbc_West_30,08/21/2003,64.6406449615521,-148.333708746473,53,1,53,,tp,Myers-Smith_2005,53,True
bbc_West_33,08/21/2003,64.6406208588563,-148.333736647284,60,1,60,,tp,Myers-Smith_2005,60,True
bbc_East_0,08/28/2003,64.6408780117807,-148.333392264369,,0,,120,tp,Myers-Smith_2005,>120,True
bbc_West_0,08/28/2003,64.6408859882169,-148.333429735636,,0,,120,tp,Myers-Smith_2005,>120,True
bbc_East_3,08/28/2003,64.6408539091383,-148.333420165709,,0,,120,tp,Myers-Smith_2005,>120,True
bbc_West_3,08/28/2003,64.6408618855745,-148.333457636942,,0,,120,tp,Myers-Smith_2005,>120,True
bbc_East_6,08/28/2003,64.6408298064905,-148.333448066999,,0,,120,tp,Myers-Smith_2005,>120,True
bbc_West_6,08/28/2003,64.6408377829267,-148.333485538199,88,1,88,,tp,Myers-Smith_2005,88,True
bbc_East_9,08/28/2003,64.6408057038373,-148.333475968239,77,1,77,,tp,Myers-Smith_2005,77,True
bbc_West_9,08/28/2003,64.6408136802736,-148.333513439407,79,1,79,,tp,Myers-Smith_2005,79,True
bbc_East_12,08/28/2003,64.6407816011788,-148.33350386943,,0,,120,tp,Myers-Smith_2005,>120,True
bbc_West_12,08/28/2003,64.6407895776151,-148.333541340564,,0,,120,tp,Myers-Smith_2005,>120,True
bbc_East_15,08/28/2003,64.640757498515,-148.333531770572,94,1,94,,tp,Myers-Smith_2005,94,True
bbc_West_15,08/28/2003,64.6407654749513,-148.333569241673,113,1,113,,tp,Myers-Smith_2005,113,True
bbc_East_18,08/28/2003,64.6407333958458,-148.333559671664,82,1,82,,tp,Myers-Smith_2005,82,True
bbc_West_18,08/28/2003,64.6407413722822,-148.333597142732,87,1,87,,tp,Myers-Smith_2005,87,True
bbc_East_21,08/28/2003,64.6407092931713,-148.333587572707,74,1,74,,tp,Myers-Smith_2005,74,True
bbc_West_21,08/28/2003,64.6407172696077,-148.333625043741,68,1,68,,tp,Myers-Smith_2005,68,True
bbc_East_24,08/28/2003,64.6406851904914,-148.3336154737,50,1,50,,tp,Myers-Smith_2005,50,True
bbc_West_24,08/28/2003,64.6406931669278,-148.333652944701,73,1,73,,tp,Myers-Smith_2005,73,True
bbc_East_27,08/28/2003,64.6406610878062,-148.333643374644,66,1,66,,tp,Myers-Smith_2005,66,True
bbc_West_27,08/28/2003,64.6406690642426,-148.333680845612,71,1,71,,tp,Myers-Smith_2005,71,True
bbc_East_30,08/28/2003,64.6406369851157,-148.333671275538,65,1,65,,tp,Myers-Smith_2005,65,True
bbc_West_30,08/28/2003,64.6406449615521,-148.333708746473,58,1,58,,tp,Myers-Smith_2005,58,True
bbc_West_33,08/28/2003,64.6406208588563,-148.333736647284,63,1,63,,tp,Myers-Smith_2005,63,True
bbc_East_0,09/08/2003,64.6408780117807,-148.333392264369,,0,,120,tp,Myers-Smith_2005,>120,True
bbc_West_0,09/08/2003,64.6408859882169,-148.333429735636,,0,,120,tp,Myers-Smith_2005,>120,True
bbc_East_3,09/08/2003,64.6408539091383,-148.333420165709,,0,,120,tp,Myers-Smith_2005,>120,True
bbc_West_3,09/08/2003,64.6408618855745,-148.333457636942,,0,,120,tp,Myers-Smith_2005,>120,True
bbc_East_6,09/08/2003,64.6408298064905,-148.333448066999,,0,,120,tp,Myers-Smith_2005,>120,True
bbc_West_6,09/08/2003,64.6408377829267,-148.333485538199,,0,,120,tp,Myers-Smith_2005,>120,True
bbc_East_9,09/08/2003,64.6408057038373,-148.333475968239,,0,,120,tp,Myers-Smith_2005,>120,True
bbc_West_9,09/08/2003,64.6408136802736,-148.333513439407,,0,,120,tp,Myers-Smith_2005,>120,True
bbc_East_12,09/08/2003,64.6407816011788,-148.33350386943,,0,,120,tp,Myers-Smith_2005,>120,True
bbc_West_12,09/08/2003,64.6407895776151,-148.333541340564,,0,,120,tp,Myers-Smith_2005,>120,True
bbc_East_15,09/08/2003,64.640757498515,-148.333531770572,,0,,120,tp,Myers-Smith_2005,>120,True
bbc_West_15,09/08/2003,64.6407654749513,-148.333569241673,,0,,120,tp,Myers-Smith_2005,>120,True
bbc_East_18,09/08/2003,64.6407333958458,-148.333559671664,83,1,83,,tp,Myers-Smith_2005,83,True
bbc_West_18,09/08/2003,64.6407413722822,-148.333597142732,88,1,88,,tp,Myers-Smith_2005,88,True
bbc_East_21,09/08/2003,64.6407092931713,-148.333587572707,78,1,78,,tp,Myers-Smith_2005,78,True
bbc_West_21,09/08/2003,64.6407172696077,-148.333625043741,77,1,77,,tp,Myers-Smith_2005,77,True
bbc_East_24,09/08/2003,64.6406851904914,-148.3336154737,86,1,86,,tp,Myers-Smith_2005,86,True
bbc_West_24,09/08/2003,64.6406931669278,-148.333652944701,81,1,81,,tp,Myers-Smith_2005,81,True
bbc_East_27,09/08/2003,64.6406610878062,-148.333643374644,75,1,75,,tp,Myers-Smith_2005,75,True
bbc_West_27,09/08/2003,64.6406690642426,-148.333680845612,71,1,71,,tp,Myers-Smith_2005,71,True
bbc_East_30,09/08/2003,64.6406369851157,-148.333671275538,80,1,80,,tp,Myers-Smith_2005,80,True
bbc_West_30,09/08/2003,64.6406449615521,-148.333708746473,58,1,58,,tp,Myers-Smith_2005,58,True
bbc_West_33,09/08/2003,64.6406208588563,-148.333736647284,59,1,59,,tp,Myers-Smith_2005,59,True
bbc_East_0,05/27/2004,64.6408780117807,-148.333392264369,27,1,27,,tp,Myers-Smith_2005,27,True
bbc_West_0,05/27/2004,64.6408859882169,-148.333429735636,32,1,32,,tp,Myers-Smith_2005,32,True
bbc_East_3,05/27/2004,64.6408539091383,-148.333420165709,23,1,23,,tp,Myers-Smith_2005,23,True
bbc_West_3,05/27/2004,64.6408618855745,-148.333457636942,25,1,25,,tp,Myers-Smith_2005,25,True
bbc_East_6,05/27/2004,64.6408298064905,-148.333448066999,18,1,18,,tp,Myers-Smith_2005,18,True
bbc_West_6,05/27/2004,64.6408377829267,-148.333485538199,26,1,26,,tp,Myers-Smith_2005,26,True
bbc_East_9,05/27/2004,64.6408057038373,-148.333475968239,13,1,13,,tp,Myers-Smith_2005,13,True
bbc_West_9,05/27/2004,64.6408136802736,-148.333513439407,19,1,19,,tp,Myers-Smith_2005,19,True
bbc_East_12,05/27/2004,64.6407816011788,-148.33350386943,29,1,29,,tp,Myers-Smith_2005,29,True
bbc_West_12,05/27/2004,64.6407895776151,-148.333541340564,44,1,44,,tp,Myers-Smith_2005,44,True
bbc_East_15,05/27/2004,64.640757498515,-148.333531770572,18,1,18,,tp,Myers-Smith_2005,18,True
bbc_West_15,05/27/2004,64.6407654749513,-148.333569241673,23,1,23,,tp,Myers-Smith_2005,23,True
bbc_East_18,05/27/2004,64.6407333958458,-148.333559671664,17,1,17,,tp,Myers-Smith_2005,17,True
bbc_West_18,05/27/2004,64.6407413722822,-148.333597142732,24,1,24,,tp,Myers-Smith_2005,24,True
bbc_East_21,05/27/2004,64.6407092931713,-148.333587572707,15,1,15,,tp,Myers-Smith_2005,15,True
bbc_West_21,05/27/2004,64.6407172696077,-148.333625043741,16,1,16,,tp,Myers-Smith_2005,16,True
bbc_East_24,05/27/2004,64.6406851904914,-148.3336154737,15,1,15,,tp,Myers-Smith_2005,15,True
bbc_West_24,05/27/2004,64.6406931669278,-148.333652944701,21,1,21,,tp,Myers-Smith_2005,21,True
bbc_East_27,05/27/2004,64.6406610878062,-148.333643374644,17,1,17,,tp,Myers-Smith_2005,17,True
bbc_West_27,05/27/2004,64.6406690642426,-148.333680845612,20,1,20,,tp,Myers-Smith_2005,20,True
bbc_East_30,05/27/2004,64.6406369851157,-148.333671275538,19,1,19,,tp,Myers-Smith_2005,19,True
bbc_West_30,05/27/2004,64.6406449615521,-148.333708746473,26,1,26,,tp,Myers-Smith_2005,26,True
bbc_West_33,05/27/2004,64.6406208588563,-148.333736647284,29,1,29,,tp,Myers-Smith_2005,29,True
bbc_East_0,06/09/2004,64.6408780117807,-148.333392264369,32,1,32,,tp,Myers-Smith_2005,32,True
bbc_West_0,06/09/2004,64.6408859882169,-148.333429735636,38,1,38,,tp,Myers-Smith_2005,38,True
bbc_East_3,06/09/2004,64.6408539091383,-148.333420165709,27,1,27,,tp,Myers-Smith_2005,27,True
bbc_West_3,06/09/2004,64.6408618855745,-148.333457636942,37,1,37,,tp,Myers-Smith_2005,37,True
bbc_East_6,06/09/2004,64.6408298064905,-148.333448066999,22,1,22,,tp,Myers-Smith_2005,22,True
bbc_West_6,06/09/2004,64.6408377829267,-148.333485538199,34,1,34,,tp,Myers-Smith_2005,34,True
bbc_East_9,06/09/2004,64.6408057038373,-148.333475968239,23,1,23,,tp,Myers-Smith_2005,23,True
bbc_West_9,06/09/2004,64.6408136802736,-148.333513439407,32,1,32,,tp,Myers-Smith_2005,32,True
bbc_East_12,06/09/2004,64.6407816011788,-148.33350386943,43,1,43,,tp,Myers-Smith_2005,43,True
bbc_West_12,06/09/2004,64.6407895776151,-148.333541340564,57,1,57,,tp,Myers-Smith_2005,57,True
bbc_East_15,06/09/2004,64.640757498515,-148.333531770572,29,1,29,,tp,Myers-Smith_2005,29,True
bbc_West_15,06/09/2004,64.6407654749513,-148.333569241673,38,1,38,,tp,Myers-Smith_2005,38,True
bbc_East_18,06/09/2004,64.6407333958458,-148.333559671664,34,1,34,,tp,Myers-Smith_2005,34,True
bbc_West_18,06/09/2004,64.6407413722822,-148.333597142732,42,1,42,,tp,Myers-Smith_2005,42,True
bbc_East_21,06/09/2004,64.6407092931713,-148.333587572707,27,1,27,,tp,Myers-Smith_2005,27,True
bbc_West_21,06/09/2004,64.6407172696077,-148.333625043741,24,1,24,,tp,Myers-Smith_2005,24,True
bbc_East_24,06/09/2004,64.6406851904914,-148.3336154737,22,1,22,,tp,Myers-Smith_2005,22,True
bbc_West_24,06/09/2004,64.6406931669278,-148.333652944701,32,1,32,,tp,Myers-Smith_2005,32,True
bbc_East_27,06/09/2004,64.6406610878062,-148.333643374644,29,1,29,,tp,Myers-Smith_2005,29,True
bbc_West_27,06/09/2004,64.6406690642426,-148.333680845612,36,1,36,,tp,Myers-Smith_2005,36,True
bbc_East_30,06/09/2004,64.6406369851157,-148.333671275538,24,1,24,,tp,Myers-Smith_2005,24,True
bbc_West_30,06/09/2004,64.6406449615521,-148.333708746473,38,1,38,,tp,Myers-Smith_2005,38,True
bbc_West_33,06/09/2004,64.6406208588563,-148.333736647284,34,1,34,,tp,Myers-Smith_2005,34,True
bbc_East_0,07/01/2004,64.6408780117807,-148.333392264369,54,1,54,,tp,Myers-Smith_2005,54,True
bbc_West_0,07/01/2004,64.6408859882169,-148.333429735636,43,1,43,,tp,Myers-Smith_2005,43,True
bbc_East_3,07/01/2004,64.6408539091383,-148.333420165709,43,1,43,,tp,Myers-Smith_2005,43,True
bbc_West_3,07/01/2004,64.6408618855745,-148.333457636942,50,1,50,,tp,Myers-Smith_2005,50,True
bbc_East_6,07/01/2004,64.6408298064905,-148.333448066999,38,1,38,,tp,Myers-Smith_2005,38,True
bbc_West_6,07/01/2004,64.6408377829267,-148.333485538199,53,1,53,,tp,Myers-Smith_2005,53,True
bbc_East_9,07/01/2004,64.6408057038373,-148.333475968239,29,1,29,,tp,Myers-Smith_2005,29,True
bbc_West_9,07/01/2004,64.6408136802736,-148.333513439407,48,1,48,,tp,Myers-Smith_2005,48,True
bbc_East_12,07/01/2004,64.6407816011788,-148.33350386943,66,1,66,,tp,Myers-Smith_2005,66,True
bbc_West_12,07/01/2004,64.6407895776151,-148.333541340564,103,1,103,,tp,Myers-Smith_2005,103,True
bbc_East_15,07/01/2004,64.640757498515,-148.333531770572,46,1,46,,tp,Myers-Smith_2005,46,True
bbc_West_15,07/01/2004,64.6407654749513,-148.333569241673,65,1,65,,tp,Myers-Smith_2005,65,True
bbc_East_18,07/01/2004,64.6407333958458,-148.333559671664,62,1,62,,tp,Myers-Smith_2005,62,True
bbc_West_18,07/01/2004,64.6407413722822,-148.333597142732,66,1,66,,tp,Myers-Smith_2005,66,True
bbc_East_21,07/01/2004,64.6407092931713,-148.333587572707,51,1,51,,tp,Myers-Smith_2005,51,True
bbc_West_21,07/01/2004,64.6407172696077,-148.333625043741,55,1,55,,tp,Myers-Smith_2005,55,True
bbc_East_24,07/01/2004,64.6406851904914,-148.3336154737,23,1,23,,tp,Myers-Smith_2005,23,True
bbc_West_24,07/01/2004,64.6406931669278,-148.333652944701,57,1,57,,tp,Myers-Smith_2005,57,True
bbc_East_27,07/01/2004,64.6406610878062,-148.333643374644,54,1,54,,tp,Myers-Smith_2005,54,True
bbc_West_27,07/01/2004,64.6406690642426,-148.333680845612,57,1,57,,tp,Myers-Smith_2005,57,True
bbc_East_30,07/01/2004,64.6406369851157,-148.333671275538,38,1,38,,tp,Myers-Smith_2005,38,True
bbc_West_30,07/01/2004,64.6406449615521,-148.333708746473,55,1,55,,tp,Myers-Smith_2005,55,True
bbc_West_33,07/01/2004,64.6406208588563,-148.333736647284,54,1,54,,tp,Myers-Smith_2005,54,True
bbc_East_0,07/08/2004,64.6408780117807,-148.333392264369,48,1,48,,tp,Myers-Smith_2005,48,True
bbc_West_0,07/08/2004,64.6408859882169,-148.333429735636,46,1,46,,tp,Myers-Smith_2005,46,True
bbc_East_3,07/08/2004,64.6408539091383,-148.333420165709,45,1,45,,tp,Myers-Smith_2005,45,True
bbc_West_3,07/08/2004,64.6408618855745,-148.333457636942,49,1,49,,tp,Myers-Smith_2005,49,True
bbc_East_6,07/08/2004,64.6408298064905,-148.333448066999,39,1,39,,tp,Myers-Smith_2005,39,True
bbc_West_6,07/08/2004,64.6408377829267,-148.333485538199,53,1,53,,tp,Myers-Smith_2005,53,True
bbc_East_9,07/08/2004,64.6408057038373,-148.333475968239,36,1,36,,tp,Myers-Smith_2005,36,True
bbc_West_9,07/08/2004,64.6408136802736,-148.333513439407,50,1,50,,tp,Myers-Smith_2005,50,True
bbc_East_12,07/08/2004,64.6407816011788,-148.33350386943,71,1,71,,tp,Myers-Smith_2005,71,True
bbc_West_12,07/08/2004,64.6407895776151,-148.333541340564,113,1,113,,tp,Myers-Smith_2005,113,True
bbc_East_15,07/08/2004,64.640757498515,-148.333531770572,56,1,56,,tp,Myers-Smith_2005,56,True
bbc_West_15,07/08/2004,64.6407654749513,-148.333569241673,78,1,78,,tp,Myers-Smith_2005,78,True
bbc_East_18,07/08/2004,64.6407333958458,-148.333559671664,65,1,65,,tp,Myers-Smith_2005,65,True
bbc_West_18,07/08/2004,64.6407413722822,-148.333597142732,78,1,78,,tp,Myers-Smith_2005,78,True
bbc_East_21,07/08/2004,64.6407092931713,-148.333587572707,59,1,59,,tp,Myers-Smith_2005,59,True
bbc_West_21,07/08/2004,64.6407172696077,-148.333625043741,59,1,59,,tp,Myers-Smith_2005,59,True
bbc_East_24,07/08/2004,64.6406851904914,-148.3336154737,37,1,37,,tp,Myers-Smith_2005,37,True
bbc_West_24,07/08/2004,64.6406931669278,-148.333652944701,63,1,63,,tp,Myers-Smith_2005,63,True
bbc_East_27,07/08/2004,64.6406610878062,-148.333643374644,55,1,55,,tp,Myers-Smith_2005,55,True
bbc_West_27,07/08/2004,64.6406690642426,-148.333680845612,65,1,65,,tp,Myers-Smith_2005,65,True
bbc_East_30,07/08/2004,64.6406369851157,-148.333671275538,34,1,34,,tp,Myers-Smith_2005,34,True
bbc_West_30,07/08/2004,64.6406449615521,-148.333708746473,57,1,57,,tp,Myers-Smith_2005,57,True
bbc_West_33,07/08/2004,64.6406208588563,-148.333736647284,58,1,58,,tp,Myers-Smith_2005,58,True
bbc_East_0,07/15/2004,64.6408780117807,-148.333392264369,58,1,58,,tp,Myers-Smith_2005,58,True
bbc_West_0,07/15/2004,64.6408859882169,-148.333429735636,,0,,120,tp,Myers-Smith_2005,>120,True
bbc_East_3,07/15/2004,64.6408539091383,-148.333420165709,54,1,54,,tp,Myers-Smith_2005,54,True
bbc_West_3,07/15/2004,64.6408618855745,-148.333457636942,58,1,58,,tp,Myers-Smith_2005,58,True
bbc_East_6,07/15/2004,64.6408298064905,-148.333448066999,45,1,45,,tp,Myers-Smith_2005,45,True
bbc_West_6,07/15/2004,64.6408377829267,-148.333485538199,58,1,58,,tp,Myers-Smith_2005,58,True
bbc_East_9,07/15/2004,64.6408057038373,-148.333475968239,34,1,34,,tp,Myers-Smith_2005,34,True
bbc_West_9,07/15/2004,64.6408136802736,-148.333513439407,59,1,59,,tp,Myers-Smith_2005,59,True
bbc_East_12,07/15/2004,64.6407816011788,-148.33350386943,75,1,75,,tp,Myers-Smith_2005,75,True
bbc_West_12,07/15/2004,64.6407895776151,-148.333541340564,,0,,120,tp,Myers-Smith_2005,>120,True
bbc_East_15,07/15/2004,64.640757498515,-148.333531770572,60,1,60,,tp,Myers-Smith_2005,60,True
bbc_West_15,07/15/2004,64.6407654749513,-148.333569241673,72,1,72,,tp,Myers-Smith_2005,72,True
bbc_East_18,07/15/2004,64.6407333958458,-148.333559671664,74,1,74,,tp,Myers-Smith_2005,74,True
bbc_West_18,07/15/2004,64.6407413722822,-148.333597142732,78,1,78,,tp,Myers-Smith_2005,78,True
bbc_East_21,07/15/2004,64.6407092931713,-148.333587572707,66,1,66,,tp,Myers-Smith_2005,66,True
bbc_West_21,07/15/2004,64.6407172696077,-148.333625043741,65,1,65,,tp,Myers-Smith_2005,65,True
bbc_East_24,07/15/2004,64.6406851904914,-148.3336154737,34,1,34,,tp,Myers-Smith_2005,34,True
bbc_West_24,07/15/2004,64.6406931669278,-148.333652944701,69,1,69,,tp,Myers-Smith_2005,69,True
bbc_East_27,07/15/2004,64.6406610878062,-148.333643374644,57,1,57,,tp,Myers-Smith_2005,57,True
bbc_West_27,07/15/2004,64.6406690642426,-148.333680845612,70,1,70,,tp,Myers-Smith_2005,70,True
bbc_East_30,07/15/2004,64.6406369851157,-148.333671275538,50,1,50,,tp,Myers-Smith_2005,50,True
bbc_West_30,07/15/2004,64.6406449615521,-148.333708746473,58,1,58,,tp,Myers-Smith_2005,58,True
bbc_West_33,07/15/2004,64.6406208588563,-148.333736647284,62,1,62,,tp,Myers-Smith_2005,62,True
bbc_East_0,07/25/2004,64.6408780117807,-148.333392264369,67,1,67,,tp,Myers-Smith_2005,67,True
bbc_West_0,07/25/2004,64.6408859882169,-148.333429735636,,0,,120,tp,Myers-Smith_2005,>120,True
bbc_East_3,07/25/2004,64.6408539091383,-148.333420165709,58,1,58,,tp,Myers-Smith_2005,58,True
bbc_West_3,07/25/2004,64.6408618855745,-148.333457636942,66,1,66,,tp,Myers-Smith_2005,66,True
bbc_East_6,07/25/2004,64.6408298064905,-148.333448066999,53,1,53,,tp,Myers-Smith_2005,53,True
bbc_West_6,07/25/2004,64.6408377829267,-148.333485538199,71,1,71,,tp,Myers-Smith_2005,71,True
bbc_East_9,07/25/2004,64.6408057038373,-148.333475968239,48,1,48,,tp,Myers-Smith_2005,48,True
bbc_West_9,07/25/2004,64.6408136802736,-148.333513439407,70,1,70,,tp,Myers-Smith_2005,70,True
bbc_East_12,07/25/2004,64.6407816011788,-148.33350386943,,0,,120,tp,Myers-Smith_2005,>120,True
bbc_West_12,07/25/2004,64.6407895776151,-148.333541340564,,0,,120,tp,Myers-Smith_2005,>120,True
bbc_East_15,07/25/2004,64.640757498515,-148.333531770572,68,1,68,,tp,Myers-Smith_2005,68,True
bbc_West_15,07/25/2004,64.6407654749513,-148.333569241673,86,1,86,,tp,Myers-Smith_2005,86,True
bbc_East_18,07/25/2004,64.6407333958458,-148.333559671664,77,1,77,,tp,Myers-Smith_2005,77,True
bbc_West_18,07/25/2004,64.6407413722822,-148.333597142732,81,1,81,,tp,Myers-Smith_2005,81,True
bbc_East_21,07/25/2004,64.6407092931713,-148.333587572707,70,1,70,,tp,Myers-Smith_2005,70,True
bbc_West_21,07/25/2004,64.6407172696077,-148.333625043741,69,1,69,,tp,Myers-Smith_2005,69,True
bbc_East_24,07/25/2004,64.6406851904914,-148.3336154737,47,1,47,,tp,Myers-Smith_2005,47,True
bbc_West_24,07/25/2004,64.6406931669278,-148.333652944701,75,1,75,,tp,Myers-Smith_2005,75,True
bbc_East_27,07/25/2004,64.6406610878062,-148.333643374644,66,1,66,,tp,Myers-Smith_2005,66,True
bbc_West_27,07/25/2004,64.6406690642426,-148.333680845612,72,1,72,,tp,Myers-Smith_2005,72,True
bbc_East_30,07/25/2004,64.6406369851157,-148.333671275538,60,1,60,,tp,Myers-Smith_2005,60,True
bbc_West_30,07/25/2004,64.6406449615521,-148.333708746473,60,1,60,,tp,Myers-Smith_2005,60,True
bbc_West_33,07/25/2004,64.6406208588563,-148.333736647284,61,1,61,,tp,Myers-Smith_2005,61,True
bbc_East_0,07/30/2004,64.6408780117807,-148.333392264369,,0,,120,tp,Myers-Smith_2005,>120,True
bbc_West_0,07/30/2004,64.6408859882169,-148.333429735636,,0,,120,tp,Myers-Smith_2005,>120,True
bbc_East_3,07/30/2004,64.6408539091383,-148.333420165709,79,1,79,,tp,Myers-Smith_2005,79,True
bbc_West_3,07/30/2004,64.6408618855745,-148.333457636942,79,1,79,,tp,Myers-Smith_2005,79,True
bbc_East_6,07/30/2004,64.6408298064905,-148.333448066999,67,1,67,,tp,Myers-Smith_2005,67,True
bbc_West_6,07/30/2004,64.6408377829267,-148.333485538199,,0,,120,tp,Myers-Smith_2005,>120,True
bbc_East_9,07/30/2004,64.6408057038373,-148.333475968239,50,1,50,,tp,Myers-Smith_2005,50,True
bbc_West_9,07/30/2004,64.6408136802736,-148.333513439407,81,1,81,,tp,Myers-Smith_2005,81,True
bbc_East_12,07/30/2004,64.6407816011788,-148.33350386943,,0,,120,tp,Myers-Smith_2005,>120,True
bbc_West_12,07/30/2004,64.6407895776151,-148.333541340564,,0,,120,tp,Myers-Smith_2005,>120,True
bbc_East_15,07/30/2004,64.640757498515,-148.333531770572,76,1,76,,tp,Myers-Smith_2005,76,True
bbc_West_15,07/30/2004,64.6407654749513,-148.333569241673,98,1,98,,tp,Myers-Smith_2005,98,True
bbc_East_18,07/30/2004,64.6407333958458,-148.333559671664,80,1,80,,tp,Myers-Smith_2005,80,True
bbc_West_18,07/30/2004,64.6407413722822,-148.333597142732,85,1,85,,tp,Myers-Smith_2005,85,True
bbc_East_21,07/30/2004,64.6407092931713,-148.333587572707,75,1,75,,tp,Myers-Smith_2005,75,True
bbc_West_21,07/30/2004,64.6407172696077,-148.333625043741,80,1,80,,tp,Myers-Smith_2005,80,True
bbc_East_24,07/30/2004,64.6406851904914,-148.3336154737,52,1,52,,tp,Myers-Smith_2005,52,True
bbc_West_24,07/30/2004,64.6406931669278,-148.333652944701,86,1,86,,tp,Myers-Smith_2005,86,True
bbc_East_27,07/30/2004,64.6406610878062,-148.333643374644,86,1,86,,tp,Myers-Smith_2005,86,True
bbc_West_27,07/30/2004,64.6406690642426,-148.333680845612,81,1,81,,tp,Myers-Smith_2005,81,True
bbc_East_30,07/30/2004,64.6406369851157,-148.333671275538,62,1,62,,tp,Myers-Smith_2005,62,True
bbc_West_30,07/30/2004,64.6406449615521,-148.333708746473,61,1,61,,tp,Myers-Smith_2005,61,True
bbc_West_33,07/30/2004,64.6406208588563,-148.333736647284,69,1,69,,tp,Myers-Smith_2005,69,True
bbc_East_0,08/05/2004,64.6408780117807,-148.333392264369,,0,,205.5,tp,Myers-Smith_2005,>205.5,True
bbc_West_0,08/05/2004,64.6408859882169,-148.333429735636,,0,,205.5,tp,Myers-Smith_2005,>205.5,True
bbc_East_3,08/05/2004,64.6408539091383,-148.333420165709,,0,,205.5,tp,Myers-Smith_2005,>205.5,True
bbc_West_3,08/05/2004,64.6408618855745,-148.333457636942,,0,,205.5,tp,Myers-Smith_2005,>205.5,True
bbc_East_6,08/05/2004,64.6408298064905,-148.333448066999,,0,,205.5,tp,Myers-Smith_2005,>205.5,True
bbc_West_6,08/05/2004,64.6408377829267,-148.333485538199,,0,,205.5,tp,Myers-Smith_2005,>205.5,True
bbc_East_9,08/05/2004,64.6408057038373,-148.333475968239,,0,,205.5,tp,Myers-Smith_2005,>205.5,True
bbc_West_9,08/05/2004,64.6408136802736,-148.333513439407,,0,,205.5,tp,Myers-Smith_2005,>205.5,True
bbc_East_12,08/05/2004,64.6407816011788,-148.33350386943,182,1,182,,tp,Myers-Smith_2005,182,True
bbc_West_12,08/05/2004,64.6407895776151,-148.333541340564,173,1,173,,tp,Myers-Smith_2005,173,True
bbc_East_15,08/05/2004,64.640757498515,-148.333531770572,73,1,73,,tp,Myers-Smith_2005,73,True
bbc_West_15,08/05/2004,64.6407654749513,-148.333569241673,94,1,94,,tp,Myers-Smith_2005,94,True
bbc_East_18,08/05/2004,64.6407333958458,-148.333559671664,80,1,80,,tp,Myers-Smith_2005,80,True
bbc_West_18,08/05/2004,64.6407413722822,-148.333597142732,81,1,81,,tp,Myers-Smith_2005,81,True
bbc_East_21,08/05/2004,64.6407092931713,-148.333587572707,78,1,78,,tp,Myers-Smith_2005,78,True
bbc_West_21,08/05/2004,64.6407172696077,-148.333625043741,72,1,72,,tp,Myers-Smith_2005,72,True
bbc_East_24,08/05/2004,64.6406851904914,-148.3336154737,65,1,65,,tp,Myers-Smith_2005,65,True
bbc_West_24,08/05/2004,64.6406931669278,-148.333652944701,73,1,73,,tp,Myers-Smith_2005,73,True
bbc_East_27,08/05/2004,64.6406610878062,-148.333643374644,104,1,104,,tp,Myers-Smith_2005,104,True
bbc_West_27,08/05/2004,64.6406690642426,-148.333680845612,63,1,63,,tp,Myers-Smith_2005,63,True
bbc_East_30,08/05/2004,64.6406369851157,-148.333671275538,79,1,79,,tp,Myers-Smith_2005,79,True
bbc_West_30,08/05/2004,64.6406449615521,-148.333708746473,64,1,64,,tp,Myers-Smith_2005,64,True
bbc_West_33,08/05/2004,64.6406208588563,-148.333736647284,81,1,81,,tp,Myers-Smith_2005,81,True
bbc_East_0,08/11/2004,64.6408780117807,-148.333392264369,,0,,205.5,tp,Myers-Smith_2005,>205.5,True
bbc_West_0,08/11/2004,64.6408859882169,-148.333429735636,,0,,205.5,tp,Myers-Smith_2005,>205.5,True
bbc_East_3,08/11/2004,64.6408539091383,-148.333420165709,,0,,205.5,tp,Myers-Smith_2005,>205.5,True
bbc_West_3,08/11/2004,64.6408618855745,-148.333457636942,,0,,205.5,tp,Myers-Smith_2005,>205.5,True
bbc_East_6,08/11/2004,64.6408298064905,-148.333448066999,,0,,205.5,tp,Myers-Smith_2005,>205.5,True
bbc_West_6,08/11/2004,64.6408377829267,-148.333485538199,,0,,205.5,tp,Myers-Smith_2005,>205.5,True
bbc_East_9,08/11/2004,64.6408057038373,-148.333475968239,,0,,205.5,tp,Myers-Smith_2005,>205.5,True
bbc_West_9,08/11/2004,64.6408136802736,-148.333513439407,,0,,205.5,tp,Myers-Smith_2005,>205.5,True
bbc_East_12,08/11/2004,64.6407816011788,-148.33350386943,,0,,205.5,tp,Myers-Smith_2005,>205.5,True
bbc_West_12,08/11/2004,64.6407895776151,-148.333541340564,,0,,205.5,tp,Myers-Smith_2005,>205.5,True
bbc_East_15,08/11/2004,64.640757498515,-148.333531770572,82,1,82,,tp,Myers-Smith_2005,82,True
bbc_West_15,08/11/2004,64.6407654749513,-148.333569241673,98,1,98,,tp,Myers-Smith_2005,98,True
bbc_East_18,08/11/2004,64.6407333958458,-148.333559671664,86,1,86,,tp,Myers-Smith_2005,86,True
bbc_West_18,08/11/2004,64.6407413722822,-148.333597142732,92,1,92,,tp,Myers-Smith_2005,92,True
bbc_East_21,08/11/2004,64.6407092931713,-148.333587572707,75,1,75,,tp,Myers-Smith_2005,75,True
bbc_West_21,08/11/2004,64.6407172696077,-148.333625043741,75,1,75,,tp,Myers-Smith_2005,75,True
bbc_East_24,08/11/2004,64.6406851904914,-148.3336154737,53,1,53,,tp,Myers-Smith_2005,53,True
bbc_West_24,08/11/2004,64.6406931669278,-148.333652944701,75,1,75,,tp,Myers-Smith_2005,75,True
bbc_East_27,08/11/2004,64.6406610878062,-148.333643374644,79,1,79,,tp,Myers-Smith_2005,79,True
bbc_West_27,08/11/2004,64.6406690642426,-148.333680845612,77,1,77,,tp,Myers-Smith_2005,77,True
bbc_East_30,08/11/2004,64.6406369851157,-148.333671275538,62,1,62,,tp,Myers-Smith_2005,62,True
bbc_West_30,08/11/2004,64.6406449615521,-148.333708746473,54,1,54,,tp,Myers-Smith_2005,54,True
bbc_West_33,08/11/2004,64.6406208588563,-148.333736647284,70,1,70,,tp,Myers-Smith_2005,70,True
bbc_East_0,08/18/2004,64.6408780117807,-148.333392264369,,0,,205.5,tp,Myers-Smith_2005,>205.5,True
bbc_West_0,08/18/2004,64.6408859882169,-148.333429735636,,0,,205.5,tp,Myers-Smith_2005,>205.5,True
bbc_East_3,08/18/2004,64.6408539091383,-148.333420165709,,0,,205.5,tp,Myers-Smith_2005,>205.5,True
bbc_West_3,08/18/2004,64.6408618855745,-148.333457636942,,0,,205.5,tp,Myers-Smith_2005,>205.5,True
bbc_East_6,08/18/2004,64.6408298064905,-148.333448066999,,0,,205.5,tp,Myers-Smith_2005,>205.5,True
bbc_West_6,08/18/2004,64.6408377829267,-148.333485538199,,0,,205.5,tp,Myers-Smith_2005,>205.5,True
bbc_East_9,08/18/2004,64.6408057038373,-148.333475968239,,0,,205.5,tp,Myers-Smith_2005,>205.5,True
bbc_West_9,08/18/2004,64.6408136802736,-148.333513439407,,0,,205.5,tp,Myers-Smith_2005,>205.5,True
bbc_East_12,08/18/2004,64.6407816011788,-148.33350386943,,0,,205.5,tp,Myers-Smith_2005,>205.5,True
bbc_West_12,08/18/2004,64.6407895776151,-148.333541340564,,0,,205.5,tp,Myers-Smith_2005,>205.5,True
bbc_East_15,08/18/2004,64.640757498515,-148.333531770572,91,1,91,,tp,Myers-Smith_2005,91,True
bbc_West_15,08/18/2004,64.6407654749513,-148.333569241673,105,1,105,,tp,Myers-Smith_2005,105,True
bbc_East_18,08/18/2004,64.6407333958458,-148.333559671664,84,1,84,,tp,Myers-Smith_2005,84,True
bbc_West_18,08/18/2004,64.6407413722822,-148.333597142732,90,1,90,,tp,Myers-Smith_2005,90,True
bbc_East_21,08/18/2004,64.6407092931713,-148.333587572707,76,1,76,,tp,Myers-Smith_2005,76,True
bbc_West_21,08/18/2004,64.6407172696077,-148.333625043741,77,1,77,,tp,Myers-Smith_2005,77,True
bbc_East_24,08/18/2004,64.6406851904914,-148.3336154737,52,1,52,,tp,Myers-Smith_2005,52,True
bbc_West_24,08/18/2004,64.6406931669278,-148.333652944701,82,1,82,,tp,Myers-Smith_2005,82,True
bbc_East_27,08/18/2004,64.6406610878062,-148.333643374644,75,1,75,,tp,Myers-Smith_2005,75,True
bbc_West_27,08/18/2004,64.6406690642426,-148.333680845612,73,1,73,,tp,Myers-Smith_2005,73,True
bbc_East_30,08/18/2004,64.6406369851157,-148.333671275538,63,1,63,,tp,Myers-Smith_2005,63,True
bbc_West_30,08/18/2004,64.6406449615521,-148.333708746473,62,1,62,,tp,Myers-Smith_2005,62,True
bbc_West_33,08/18/2004,64.6406208588563,-148.333736647284,77,1,77,,tp,Myers-Smith_2005,77,True
bbc_East_0,08/26/2004,64.6408780117807,-148.333392264369,,0,,205.5,tp,Myers-Smith_2005,>205.5,True
bbc_West_0,08/26/2004,64.6408859882169,-148.333429735636,,0,,205.5,tp,Myers-Smith_2005,>205.5,True
bbc_East_3,08/26/2004,64.6408539091383,-148.333420165709,,0,,205.5,tp,Myers-Smith_2005,>205.5,True
bbc_West_3,08/26/2004,64.6408618855745,-148.333457636942,,0,,205.5,tp,Myers-Smith_2005,>205.5,True
bbc_East_6,08/26/2004,64.6408298064905,-148.333448066999,,0,,205.5,tp,Myers-Smith_2005,>205.5,True
bbc_West_6,08/26/2004,64.6408377829267,-148.333485538199,,0,,205.5,tp,Myers-Smith_2005,>205.5,True
bbc_East_9,08/26/2004,64.6408057038373,-148.333475968239,,0,,205.5,tp,Myers-Smith_2005,>205.5,True
bbc_West_9,08/26/2004,64.6408136802736,-148.333513439407,,0,,205.5,tp,Myers-Smith_2005,>205.5,True
bbc_East_12,08/26/2004,64.6407816011788,-148.33350386943,,0,,205.5,tp,Myers-Smith_2005,>205.5,True
bbc_West_12,08/26/2004,64.6407895776151,-148.333541340564,,0,,205.5,tp,Myers-Smith_2005,>205.5,True
bbc_East_15,08/26/2004,64.640757498515,-148.333531770572,92,1,92,,tp,Myers-Smith_2005,92,True
bbc_West_15,08/26/2004,64.6407654749513,-148.333569241673,,0,,205.5,tp,Myers-Smith_2005,>205.5,True
bbc_East_18,08/26/2004,64.6407333958458,-148.333559671664,88,1,88,,tp,Myers-Smith_2005,88,True
bbc_West_18,08/26/2004,64.6407413722822,-148.333597142732,90,1,90,,tp,Myers-Smith_2005,90,True
bbc_East_21,08/26/2004,64.6407092931713,-148.333587572707,76,1,76,,tp,Myers-Smith_2005,76,True
bbc_West_21,08/26/2004,64.6407172696077,-148.333625043741,75,1,75,,tp,Myers-Smith_2005,75,True
bbc_East_24,08/26/2004,64.6406851904914,-148.3336154737,51,1,51,,tp,Myers-Smith_2005,51,True
bbc_West_24,08/26/2004,64.6406931669278,-148.333652944701,79,1,79,,tp,Myers-Smith_2005,79,True
bbc_East_27,08/26/2004,64.6406610878062,-148.333643374644,82,1,82,,tp,Myers-Smith_2005,82,True
bbc_West_27,08/26/2004,64.6406690642426,-148.333680845612,58,1,58,,tp,Myers-Smith_2005,58,True
bbc_East_30,08/26/2004,64.6406369851157,-148.333671275538,66,1,66,,tp,Myers-Smith_2005,66,True
bbc_West_30,08/26/2004,64.6406449615521,-148.333708746473,75,1,75,,tp,Myers-Smith_2005,75,True
bbc_West_33,08/26/2004,64.6406208588563,-148.333736647284,71,1,71,,tp,Myers-Smith_2005,71,True
bbc_East_0,09/03/2004,64.6408780117807,-148.333392264369,,0,,205.5,tp,Myers-Smith_2005,>205.5,True
bbc_West_0,09/03/2004,64.6408859882169,-148.333429735636,,0,,205.5,tp,Myers-Smith_2005,>205.5,True
bbc_East_3,09/03/2004,64.6408539091383,-148.333420165709,,0,,205.5,tp,Myers-Smith_2005,>205.5,True
bbc_West_3,09/03/2004,64.6408618855745,-148.333457636942,,0,,205.5,tp,Myers-Smith_2005,>205.5,True
bbc_East_6,09/03/2004,64.6408298064905,-148.333448066999,,0,,205.5,tp,Myers-Smith_2005,>205.5,True
bbc_West_6,09/03/2004,64.6408377829267,-148.333485538199,,0,,205.5,tp,Myers-Smith_2005,>205.5,True
bbc_East_9,09/03/2004,64.6408057038373,-148.333475968239,,0,,205.5,tp,Myers-Smith_2005,>205.5,True
bbc_West_9,09/03/2004,64.6408136802736,-148.333513439407,,0,,205.5,tp,Myers-Smith_2005,>205.5,True
bbc_East_12,09/03/2004,64.6407816011788,-148.33350386943,,0,,205.5,tp,Myers-Smith_2005,>205.5,True
bbc_West_12,09/03/2004,64.6407895776151,-148.333541340564,,0,,205.5,tp,Myers-Smith_2005,>205.5,True
bbc_East_15,09/03/2004,64.640757498515,-148.333531770572,98,1,98,,tp,Myers-Smith_2005,98,True
bbc_West_15,09/03/2004,64.6407654749513,-148.333569241673,,0,,205.5,tp,Myers-Smith_2005,>205.5,True
bbc_East_18,09/03/2004,64.6407333958458,-148.333559671664,86,1,86,,tp,Myers-Smith_2005,86,True
bbc_West_18,09/03/2004,64.6407413722822,-148.333597142732,92,1,92,,tp,Myers-Smith_2005,92,True
bbc_East_21,09/03/2004,64.6407092931713,-148.333587572707,74,1,74,,tp,Myers-Smith_2005,74,True
bbc_West_21,09/03/2004,64.6407172696077,-148.333625043741,81,1,81,,tp,Myers-Smith_2005,81,True
bbc_East_24,09/03/2004,64.6406851904914,-148.3336154737,59,1,59,,tp,Myers-Smith_2005,59,True
bbc_West_24,09/03/2004,64.6406931669278,-148.333652944701,80,1,80,,tp,Myers-Smith_2005,80,True
bbc_East_27,09/03/2004,64.6406610878062,-148.333643374644,87,1,87,,tp,Myers-Smith_2005,87,True
bbc_West_27,09/03/2004,64.6406690642426,-148.333680845612,75,1,75,,tp,Myers-Smith_2005,75,True
bbc_East_30,09/03/2004,64.6406369851157,-148.333671275538,72,1,72,,tp,Myers-Smith_2005,72,True
bbc_West_30,09/03/2004,64.6406449615521,-148.333708746473,58,1,58,,tp,Myers-Smith_2005,58,True
bbc_West_33,09/03/2004,64.6406208588563,-148.333736647284,75,1,75,,tp,Myers-Smith_2005,75,True
bbc_East_0,09/10/2004,64.6408780117807,-148.333392264369,,0,,205.5,tp,Myers-Smith_2005,>205.5,True
bbc_West_0,09/10/2004,64.6408859882169,-148.333429735636,,0,,205.5,tp,Myers-Smith_2005,>205.5,True
bbc_East_3,09/10/2004,64.6408539091383,-148.333420165709,,0,,205.5,tp,Myers-Smith_2005,>205.5,True
bbc_West_3,09/10/2004,64.6408618855745,-148.333457636942,,0,,205.5,tp,Myers-Smith_2005,>205.5,True
bbc_East_6,09/10/2004,64.6408298064905,-148.333448066999,,0,,205.5,tp,Myers-Smith_2005,>205.5,True
bbc_West_6,09/10/2004,64.6408377829267,-148.333485538199,,0,,205.5,tp,Myers-Smith_2005,>205.5,True
bbc_East_9,09/10/2004,64.6408057038373,-148.333475968239,,0,,205.5,tp,Myers-Smith_2005,>205.5,True
bbc_West_9,09/10/2004,64.6408136802736,-148.333513439407,,0,,205.5,tp,Myers-Smith_2005,>205.5,True
bbc_East_12,09/10/2004,64.6407816011788,-148.33350386943,,0,,205.5,tp,Myers-Smith_2005,>205.5,True
bbc_West_12,09/10/2004,64.6407895776151,-148.333541340564,,0,,205.5,tp,Myers-Smith_2005,>205.5,True
bbc_East_15,09/10/2004,64.640757498515,-148.333531770572,95,1,95,,tp,Myers-Smith_2005,95,True
bbc_West_15,09/10/2004,64.6407654749513,-148.333569241673,,0,,205.5,tp,Myers-Smith_2005,>205.5,True
bbc_East_18,09/10/2004,64.6407333958458,-148.333559671664,84,1,84,,tp,Myers-Smith_2005,84,True
bbc_West_18,09/10/2004,64.6407413722822,-148.333597142732,93,1,93,,tp,Myers-Smith_2005,93,True
bbc_East_21,09/10/2004,64.6407092931713,-148.333587572707,79,1,79,,tp,Myers-Smith_2005,79,True
bbc_West_21,09/10/2004,64.6407172696077,-148.333625043741,81,1,81,,tp,Myers-Smith_2005,81,True
bbc_East_24,09/10/2004,64.6406851904914,-148.3336154737,68,1,68,,tp,Myers-Smith_2005,68,True
bbc_West_24,09/10/2004,64.6406931669278,-148.333652944701,85,1,85,,tp,Myers-Smith_2005,85,True
bbc_East_27,09/10/2004,64.6406610878062,-148.333643374644,82,1,82,,tp,Myers-Smith_2005,82,True
bbc_West_27,09/10/2004,64.6406690642426,-148.333680845612,75,1,75,,tp,Myers-Smith_2005,75,True
bbc_East_30,09/10/2004,64.6406369851157,-148.333671275538,67,1,67,,tp,Myers-Smith_2005,67,True
bbc_West_30,09/10/2004,64.6406449615521,-148.333708746473,67,1,67,,tp,Myers-Smith_2005,67,True
bbc_West_33,09/10/2004,64.6406208588563,-148.333736647284,85,1,85,,tp,Myers-Smith_2005,85,True
bbc_East_0,09/18/2004,64.6408780117807,-148.333392264369,,0,,205.5,tp,Myers-Smith_2005,>205.5,True
bbc_West_0,09/18/2004,64.6408859882169,-148.333429735636,,0,,205.5,tp,Myers-Smith_2005,>205.5,True
bbc_East_3,09/18/2004,64.6408539091383,-148.333420165709,,0,,205.5,tp,Myers-Smith_2005,>205.5,True
bbc_West_3,09/18/2004,64.6408618855745,-148.333457636942,,0,,205.5,tp,Myers-Smith_2005,>205.5,True
bbc_East_6,09/18/2004,64.6408298064905,-148.333448066999,,0,,205.5,tp,Myers-Smith_2005,>205.5,True
bbc_West_6,09/18/2004,64.6408377829267,-148.333485538199,,0,,205.5,tp,Myers-Smith_2005,>205.5,True
bbc_East_9,09/18/2004,64.6408057038373,-148.333475968239,,0,,205.5,tp,Myers-Smith_2005,>205.5,True
bbc_West_9,09/18/2004,64.6408136802736,-148.333513439407,,0,,205.5,tp,Myers-Smith_2005,>205.5,True
bbc_East_12,09/18/2004,64.6407816011788,-148.33350386943,,0,,205.5,tp,Myers-Smith_2005,>205.5,True
bbc_West_12,09/18/2004,64.6407895776151,-148.333541340564,,0,,205.5,tp,Myers-Smith_2005,>205.5,True
bbc_East_15,09/18/2004,64.640757498515,-148.333531770572,95,1,95,,tp,Myers-Smith_2005,95,True
bbc_West_15,09/18/2004,64.6407654749513,-148.333569241673,,0,,205.5,tp,Myers-Smith_2005,>205.5,True
bbc_East_18,09/18/2004,64.6407333958458,-148.333559671664,89,1,89,,tp,Myers-Smith_2005,89,True
bbc_West_18,09/18/2004,64.6407413722822,-148.333597142732,92,1,92,,tp,Myers-Smith_2005,92,True
bbc_East_21,09/18/2004,64.6407092931713,-148.333587572707,77,1,77,,tp,Myers-Smith_2005,77,True
bbc_West_21,09/18/2004,64.6407172696077,-148.333625043741,79,1,79,,tp,Myers-Smith_2005,79,True
bbc_East_24,09/18/2004,64.6406851904914,-148.3336154737,73,1,73,,tp,Myers-Smith_2005,73,True
bbc_West_24,09/18/2004,64.6406931669278,-148.333652944701,87,1,87,,tp,Myers-Smith_2005,87,True
bbc_East_27,09/18/2004,64.6406610878062,-148.333643374644,89,1,89,,tp,Myers-Smith_2005,89,True
bbc_West_27,09/18/2004,64.6406690642426,-148.333680845612,81,1,81,,tp,Myers-Smith_2005,81,True
bbc_East_30,09/18/2004,64.6406369851157,-148.333671275538,76,1,76,,tp,Myers-Smith_2005,76,True
bbc_West_30,09/18/2004,64.6406449615521,-148.333708746473,71,1,71,,tp,Myers-Smith_2005,71,True
bbc_West_33,09/18/2004,64.6406208588563,-148.333736647284,70,1,70,,tp,Myers-Smith_2005,70,True
