site_id,date,lat,lon,thaw_depth,pf_observed,pf_depth,obs_limit,method,gpr_native_count,gpr_aggregation_spacing_m,quality_flag_summary_statistic,source
GPRT7,2011-08-18,67.12448332516777,-50.18048079639294,133.52551,1,133.52551,,gp,2,5.0,True,Petrone_etal_2016
GPRT7,2011-08-18,67.12445453164432,-50.180551394803416,114.016741,1,114.016741,,gp,4,5.0,True,Petrone_etal_2016
GPRT7,2011-08-18,67.12443015423484,-50.18060847218737,80.06880375,1,80.06880375,,gp,1,5.0,False,Petrone_etal_2016
GPRT7,2011-08-18,67.12440915873066,-50.18065444584437,60.92818275,1,60.92818275,,gp,3,5.0,True,Petrone_etal_2016
GPRT7,2011-08-18,67.12436248839826,-50.18076691570206,50.294504999999994,1,50.294504999999994,,gp,3,5.0,True,Petrone_etal_2016
GPRT7,2011-08-18,67.12431488559977,-50.18087250050931,53.028879749999994,1,53.028879749999994,,gp,3,5.0,True,Petrone_etal_2016
GPRT7,2011-08-18,67.1242677183789,-50.1809901542232,47.939905687499994,1,47.939905687499994,,gp,4,5.0,True,Petrone_etal_2016
GPRT7,2011-08-18,67.1242245347345,-50.181097413722576,44.82575699999999,1,44.82575699999999,,gp,3,5.0,True,Petrone_etal_2016
GPRT7,2011-08-18,67.12419617090562,-50.18116438435528,39.053189249999996,1,39.053189249999996,,gp,1,5.0,False,Petrone_etal_2016
GPRT7,2011-08-18,67.12417672053093,-50.18122014108578,45.433395,1,45.433395,,gp,1,5.0,False,Petrone_etal_2016
GPRT7,2011-08-18,67.12415723116511,-50.18126829130509,39.96464625,1,39.96464625,,gp,1,5.0,False,Petrone_etal_2016
GPRT7,2011-08-18,67.12413362337838,-50.181329721405525,39.96464699999999,1,39.96464699999999,,gp,3,5.0,True,Petrone_etal_2016
GPRT7,2011-08-18,67.1241058522939,-50.18139567246053,39.053189249999996,1,39.053189249999996,,gp,1,5.0,False,Petrone_etal_2016
GPRT7,2011-08-18,67.12403642524207,-50.181560703065514,37.534092,1,37.534092,,gp,3,5.0,True,Petrone_etal_2016
GPRT7,2011-08-18,67.12401011098645,-50.18161918872843,39.50891775,1,39.50891775,,gp,2,5.0,True,Petrone_etal_2016
GPRT7,2011-08-18,67.12399418033529,-50.18166156980726,47.25631124999999,1,47.25631124999999,,gp,1,5.0,False,Petrone_etal_2016
GPRT7,2011-08-18,67.12396778883604,-50.18171957757333,44.066208937499994,1,44.066208937499994,,gp,4,5.0,True,Petrone_etal_2016
GPRT7,2011-08-18,67.12394367566279,-50.18178453952339,41.7875625,1,41.7875625,,gp,1,5.0,False,Petrone_etal_2016
GPRT7,2011-08-18,67.12392729354723,-50.18182635929987,37.6860015,1,37.6860015,,gp,2,5.0,True,Petrone_etal_2016
GPRT7,2011-08-18,67.1238594211547,-50.1819738910928,38.14173,1,38.14173,,gp,1,5.0,False,Petrone_etal_2016
GPRT7,2011-08-18,67.12382186291158,-50.18205569411386,45.73721475,1,45.73721475,,gp,3,5.0,True,Petrone_etal_2016
GPRT7,2011-08-18,67.12378610637201,-50.182138972894556,39.05318925,1,39.05318925,,gp,3,5.0,True,Petrone_etal_2016
GPRT7,2011-08-18,67.12375741933283,-50.18220130289377,42.699020625,1,42.699020625,,gp,2,5.0,True,Petrone_etal_2016
GPRT7,2011-08-18,67.12373289281898,-50.18225857408486,42.699020999999995,1,42.699020999999995,,gp,3,5.0,True,Petrone_etal_2016
GPRT7,2011-08-18,67.12370555585888,-50.182321780314325,43.61047875,1,43.61047875,,gp,2,5.0,True,Petrone_etal_2016
GPRT7,2011-08-18,67.12368206747567,-50.18237740245471,39.96464625,1,39.96464625,,gp,3,5.0,True,Petrone_etal_2016
GPRT7,2011-08-18,67.12365948348115,-50.1824344539746,47.712040874999985,1,47.712040874999985,,gp,2,5.0,True,Petrone_etal_2016
GPRT7,2011-08-18,67.12363778264802,-50.1824887860027,50.90214374999999,1,50.90214374999999,,gp,1,5.0,False,Petrone_etal_2016
GPRT7,2011-08-18,67.12361533179116,-50.182542643777744,37.230273000000004,1,37.230273000000004,,gp,3,5.0,True,Petrone_etal_2016
GPRT7,2011-08-18,67.12359480817148,-50.182593285750436,45.433395,1,45.433395,,gp,2,5.0,True,Petrone_etal_2016
GPRT7,2011-08-18,67.12357154707128,-50.182649514442005,45.661260375,1,45.661260375,,gp,4,5.0,True,Petrone_etal_2016
GPRT7,2011-08-18,67.12354696972082,-50.18271149314803,38.5974590625,1,38.5974590625,,gp,4,5.0,True,Petrone_etal_2016
GPRT7,2011-08-18,67.12352882560508,-50.18275965309464,36.62263425,1,36.62263425,,gp,3,5.0,True,Petrone_etal_2016
GPRT7,2011-08-18,67.1234981882738,-50.182820741204445,46.800582750000004,1,46.800582750000004,,gp,2,5.0,True,Petrone_etal_2016
GPRT7,2011-08-18,67.12347024232284,-50.18288185352452,42.699021187499994,1,42.699021187499994,,gp,4,5.0,True,Petrone_etal_2016
GPRT7,2011-08-18,67.12345164055446,-50.18292824204477,45.433395,1,45.433395,,gp,1,5.0,False,Petrone_etal_2016
GPRT7,2011-08-18,67.12342790935722,-50.18298027875878,47.9399056875,1,47.9399056875,,gp,4,5.0,True,Petrone_etal_2016
GPRT7,2011-08-18,67.12340283804076,-50.18303339802488,37.230273000000004,1,37.230273000000004,,gp,1,5.0,False,Petrone_etal_2016
GPRT7,2011-08-18,67.12338214277763,-50.18307974168999,43.00284075,1,43.00284075,,gp,3,5.0,True,Petrone_etal_2016
GPRT7,2011-08-18,67.12335626425505,-50.1831358272482,45.433396125,1,45.433396125,,gp,2,5.0,True,Petrone_etal_2016
GPRT7,2011-08-18,67.12333511911815,-50.18318191697202,42.69902174999999,1,42.69902174999999,,gp,3,5.0,True,Petrone_etal_2016
GPRT7,2011-08-18,67.12330924487817,-50.1832388474358,45.889124624999994,1,45.889124624999994,,gp,2,5.0,True,Petrone_etal_2016
GPRT7,2011-08-18,67.12328042362186,-50.18330425313391,40.420375875000005,1,40.420375875000005,,gp,2,5.0,True,Petrone_etal_2016
GPRT7,2011-08-18,67.1232612255353,-50.18335100686576,41.483743499999996,1,41.483743499999996,,gp,3,5.0,True,Petrone_etal_2016
GPRT7,2011-08-18,67.12323830196675,-50.18340019153433,55.915164000000004,1,55.915164000000004,,gp,2,5.0,True,Petrone_etal_2016
GPRT7,2011-08-18,67.12320501832335,-50.18347012744993,68.67557662499999,1,68.67557662499999,,gp,4,5.0,True,Petrone_etal_2016
GPRT8,2011-08-18,67.12312806546446,-50.183684310083585,54.54797625,1,54.54797625,,gp,3,5.0,True,Petrone_etal_2016
GPRT8,2011-08-18,67.12313017859361,-50.18357114575362,60.928183125,1,60.928183125,,gp,4,5.0,True,Petrone_etal_2016
GPRT8,2011-08-18,67.12313107575788,-50.18343948415509,39.7367825625,1,39.7367825625,,gp,4,5.0,True,Petrone_etal_2016
GPRT8,2011-08-18,67.12313812597652,-50.18337083713172,50.90214374999999,1,50.90214374999999,,gp,1,5.0,False,Petrone_etal_2016
GPRT8,2011-08-18,67.12314710260544,-50.18331344012063,51.813602249999995,1,51.813602249999995,,gp,3,5.0,True,Petrone_etal_2016
GPRT8,2011-08-18,67.12316338975461,-50.18322371450867,56.37089193749999,1,56.37089193749999,,gp,4,5.0,True,Petrone_etal_2016
GPRT8,2011-08-18,67.12317383245565,-50.18310214265264,66.10954244999999,1,66.10954244999999,,gp,3,5.0,True,Petrone_etal_2016
GPRT8,2011-08-18,67.12318029578037,-50.18302108590943,79.2066366,1,79.2066366,,gp,1,5.0,False,Petrone_etal_2016
GPRT8,2011-08-18,67.12318363075659,-50.18297152500686,80.983980675,1,80.983980675,,gp,2,5.0,True,Petrone_etal_2016
GPRT8,2011-08-18,67.1231873094895,-50.18287223521702,71.3073348,1,71.3073348,,gp,3,5.0,True,Petrone_etal_2016
GPRT8,2011-08-18,67.12319555791004,-50.18276018885446,64.0517868,1,64.0517868,,gp,2,5.0,True,Petrone_etal_2016
GPRT8,2011-08-18,67.1232057015172,-50.18266790384578,44.82575624999999,1,44.82575624999999,,gp,3,5.0,True,Petrone_etal_2016
GPRT8,2011-08-18,67.12320800354364,-50.18253335114267,45.12957599999999,1,45.12957599999999,,gp,3,5.0,True,Petrone_etal_2016
GPRT8,2011-08-18,67.12321547852753,-50.182416297482185,54.2441565,1,54.2441565,,gp,3,5.0,True,Petrone_etal_2016
GPRT8,2011-08-18,67.12321994907965,-50.18229650209117,62.75109899999999,1,62.75109899999999,,gp,3,5.0,True,Petrone_etal_2016
GPRT8,2011-08-18,67.1232217179168,-50.18217468478289,80.3915321625,1,80.3915321625,,gp,2,5.0,True,Petrone_etal_2016
GPRT8,2011-08-18,67.12322387667939,-50.182070643397765,86.31600997500001,1,86.31600997500001,,gp,2,5.0,True,Petrone_etal_2016
GPRT8,2011-08-18,67.12322919826232,-50.181971105650426,85.72356292500001,1,85.72356292500001,,gp,2,5.0,True,Petrone_etal_2016
GPRT8,2011-08-18,67.1232346820609,-50.181844859451765,93.03041865,1,93.03041865,,gp,3,5.0,True,Petrone_etal_2016
GPRT8,2011-08-18,67.12324203251927,-50.18171818507169,91.35181648125001,1,91.35181648125001,,gp,4,5.0,True,Petrone_etal_2016
GPRT8,2011-08-18,67.12325106848024,-50.181599502903886,71.50481690625,1,71.50481690625,,gp,4,5.0,True,Petrone_etal_2016
GPRT8,2011-08-18,67.12326216467949,-50.18148899237894,59.0634135,1,59.0634135,,gp,1,5.0,False,Petrone_etal_2016
GPRT8,2011-08-18,67.12326549268697,-50.18143816341121,60.248310525,1,60.248310525,,gp,1,5.0,False,Petrone_etal_2016
GPRT8,2011-08-18,67.1232754095636,-50.181360139614554,53.25100875,1,53.25100875,,gp,2,5.0,True,Petrone_etal_2016
GPRT8,2011-08-18,67.12328829214827,-50.18126564783395,43.245895499999996,1,43.245895499999996,,gp,5,5.0,True,Petrone_etal_2016
GPRT8,2011-08-18,67.12330104079355,-50.181139193737344,45.12957599999999,1,45.12957599999999,,gp,3,5.0,True,Petrone_etal_2016
GPRT8,2011-08-18,67.12330523754065,-50.181053678975346,64.6442353125,1,64.6442353125,,gp,2,5.0,True,Petrone_etal_2016
GPRT8,2011-08-18,67.12330891169223,-50.18098289733514,63.80299575000001,1,63.80299575000001,,gp,2,5.0,True,Petrone_etal_2016
GPRT8,2011-08-18,67.12331087250168,-50.18089872611358,69.332508375,1,69.332508375,,gp,3,5.0,True,Petrone_etal_2016
GPRT8,2011-08-18,67.12331914573127,-50.180791787694844,85.13111441250001,1,85.13111441250001,,gp,2,5.0,True,Petrone_etal_2016
GPRT8,2011-08-18,67.12332707489588,-50.180676081517625,80.98398067500001,1,80.98398067500001,,gp,4,5.0,True,Petrone_etal_2016
GPRT8,2011-08-18,67.12332832540639,-50.180570053143555,74.46705435000001,1,74.46705435000001,,gp,2,5.0,True,Petrone_etal_2016
GPRT8,2011-08-18,67.12333589194131,-50.18047113016253,80.39153362500001,1,80.39153362500001,,gp,2,5.0,True,Petrone_etal_2016
GPRT8,2011-08-18,67.12336797560101,-50.180080101904814,80.391533625,1,80.391533625,,gp,2,5.0,True,Petrone_etal_2016
GPRT8,2011-08-18,67.12338041112434,-50.17996856496847,73.28216025,1,73.28216025,,gp,2,5.0,True,Petrone_etal_2016
GPRT12,2011-08-18,67.12339378103056,-50.18003911524339,85.70663595,1,85.70663595,,gp,1,5.0,False,Petrone_etal_2016
GPRT12,2011-08-18,67.12341250710728,-50.180104527703534,84.386323125,1,84.386323125,,gp,2,5.0,True,Petrone_etal_2016
GPRT12,2011-08-18,67.12343123670611,-50.18017063173224,81.7457004,1,81.7457004,,gp,1,5.0,False,Petrone_etal_2016
GPRT12,2011-08-18,67.12344797068442,-50.18022662169391,83.50611555,1,83.50611555,,gp,3,5.0,True,Petrone_etal_2016
GPRT12,2011-08-18,67.12346734686452,-50.18030219420791,87.0269473125,1,87.0269473125,,gp,2,5.0,True,Petrone_etal_2016
GPRT12,2011-08-18,67.12348333650291,-50.18035882429797,85.70663595,1,85.70663595,,gp,1,5.0,False,Petrone_etal_2016
GPRT12,2011-08-18,67.12350628781468,-50.18046097916587,82.40585535,1,82.40585535,,gp,2,5.0,True,Petrone_etal_2016
GPRT12,2011-08-18,67.12352187561753,-50.18052672905663,43.58443725,1,43.58443725,,gp,3,5.0,True,Petrone_etal_2016
GPRT12,2011-08-18,67.12353294737919,-50.18058652286769,48.66256125,1,48.66256125,,gp,1,5.0,False,Petrone_etal_2016
GPRT12,2011-08-18,67.12355383818223,-50.18068050641565,43.8383435625,1,43.8383435625,,gp,4,5.0,True,Petrone_etal_2016
GPRT12,2011-08-18,67.12357059286248,-50.18075515017415,48.66256125,1,48.66256125,,gp,1,5.0,False,Petrone_etal_2016
GPRT12,2011-08-18,67.12358527296927,-50.18081885637274,44.092249875,1,44.092249875,,gp,2,5.0,True,Petrone_etal_2016
GPRT12,2011-08-18,67.12360473751275,-50.18088255437314,45.95422874999999,1,45.95422874999999,,gp,3,5.0,True,Petrone_etal_2016
GPRT12,2011-08-18,67.12362181984334,-50.18094821578694,44.6000625,1,44.6000625,,gp,1,5.0,False,Petrone_etal_2016
GPRT12,2011-08-18,67.1236380520629,-50.18102305054186,47.64693675,1,47.64693675,,gp,3,5.0,True,Petrone_etal_2016
GPRT12,2011-08-18,67.12365853493388,-50.18111042083017,47.646936000000004,1,47.646936000000004,,gp,1,5.0,False,Petrone_etal_2016
GPRT12,2011-08-18,67.12366686251046,-50.18115993412189,48.66256125,1,48.66256125,,gp,1,5.0,False,Petrone_etal_2016
GPRT12,2011-08-18,67.12367889179421,-50.18123156863288,54.75631049999999,1,54.75631049999999,,gp,2,5.0,True,Petrone_etal_2016
GPRT12,2011-08-18,67.12369918007508,-50.18133934802534,61.527141,1,61.527141,,gp,3,5.0,True,Petrone_etal_2016
GPRT12,2011-08-18,67.12371384283128,-50.18139971275333,46.63131075,1,46.63131075,,gp,1,5.0,False,Petrone_etal_2016
GPRT12,2011-08-18,67.12373393953636,-50.18147011407269,52.047977249999995,1,52.047977249999995,,gp,3,5.0,True,Petrone_etal_2016
GPRT12,2011-08-18,67.12375317036467,-50.18154661549865,47.646936000000004,1,47.646936000000004,,gp,1,5.0,False,Petrone_etal_2016
GPRT12,2011-08-18,67.12376331883503,-50.18160136982236,43.58443725,1,43.58443725,,gp,1,5.0,False,Petrone_etal_2016
GPRT12,2011-08-18,67.1237847990419,-50.18170837957896,43.922979,1,43.922979,,gp,3,5.0,True,Petrone_etal_2016
GPRT12,2011-08-18,67.12380194044326,-50.18178564359786,46.63131075,1,46.63131075,,gp,1,5.0,False,Petrone_etal_2016
GPRT12,2011-08-18,67.12383397410588,-50.18190974064893,51.709435875,1,51.709435875,,gp,2,5.0,True,Petrone_etal_2016
GPRT12,2011-08-18,67.12386710990882,-50.18207391379784,48.66256125,1,48.66256125,,gp,1,5.0,False,Petrone_etal_2016
GPRT12,2011-08-18,67.12388776233422,-50.182165314435835,49.678186499999995,1,49.678186499999995,,gp,2,5.0,True,Petrone_etal_2016
GPRT12,2011-08-18,67.12391659331752,-50.18227718700276,47.646937124999994,1,47.646937124999994,,gp,2,5.0,True,Petrone_etal_2016
GPRT12,2011-08-18,67.1239367128363,-50.18235212270356,48.66256125,1,48.66256125,,gp,1,5.0,False,Petrone_etal_2016
GPRT12,2011-08-18,67.12394861481206,-50.18239898031547,45.61568774999999,1,45.61568774999999,,gp,1,5.0,False,Petrone_etal_2016
GPRT12,2011-08-18,67.12397030817195,-50.18248930896078,50.693810250000006,1,50.693810250000006,,gp,3,5.0,True,Petrone_etal_2016
GPRT12,2011-08-18,67.12399722169845,-50.18260635726751,55.433393249999995,1,55.433393249999995,,gp,3,5.0,True,Petrone_etal_2016
GPRT12,2011-08-18,67.12402108443167,-50.18271159784512,54.07922625,1,54.07922625,,gp,3,5.0,True,Petrone_etal_2016
GPRT15,2011-08-18,67.12378950189036,-50.183797319800895,63.90291236666667,1,63.90291236666667,,gp,3,5.0,True,Petrone_etal_2016
GPRT15,2011-08-18,67.12379718178944,-50.18366166041301,60.17297475,1,60.17297475,,gp,3,5.0,True,Petrone_etal_2016
GPRT15,2011-08-18,67.12382233549985,-50.18314187910394,55.771933499999996,1,55.771933499999996,,gp,1,5.0,False,Petrone_etal_2016
GPRT15,2011-08-18,67.12382379356164,-50.18307612759865,52.72506,1,52.72506,,gp,1,5.0,False,Petrone_etal_2016
GPRT15,2011-08-18,67.12382651747397,-50.18296553283313,48.3240195,1,48.3240195,,gp,3,5.0,True,Petrone_etal_2016
GPRT15,2011-08-18,67.12382895097623,-50.18285663843427,55.517469600000005,1,55.517469600000005,,gp,3,5.0,True,Petrone_etal_2016
GPRT15,2011-08-18,67.12383248012178,-50.18272811158162,48.32402025,1,48.32402025,,gp,3,5.0,True,Petrone_etal_2016
GPRT15,2011-08-18,67.12383628402634,-50.1826240889056,44.092249875,1,44.092249875,,gp,2,5.0,True,Petrone_etal_2016
GPRT15,2011-08-18,67.12383381164294,-50.18252073930043,45.954228750000006,1,45.954228750000006,,gp,3,5.0,True,Petrone_etal_2016
GPRT15,2011-08-18,67.12383497040999,-50.18236731788687,48.154748625,1,48.154748625,,gp,2,5.0,True,Petrone_etal_2016
GPRT15,2011-08-18,67.12383938638732,-50.18226607928703,47.139124499999994,1,47.139124499999994,,gp,2,5.0,True,Petrone_etal_2016
GPRT15,2011-08-18,67.12384328855443,-50.182152101773475,45.615687,1,45.615687,,gp,3,5.0,True,Petrone_etal_2016
GPRT15,2011-08-18,67.12384001886946,-50.18203909667719,54.75631049999999,1,54.75631049999999,,gp,1,5.0,False,Petrone_etal_2016
GPRT15,2011-08-18,67.1238358570753,-50.181927082333026,54.248497875,1,54.248497875,,gp,2,5.0,True,Petrone_etal_2016
GPRT15,2011-08-18,67.12383024771222,-50.18179517573721,49.678186499999995,1,49.678186499999995,,gp,2,5.0,True,Petrone_etal_2016
GPRT15,2011-08-18,67.12382648110544,-50.18167277405783,47.139124499999994,1,47.139124499999994,,gp,2,5.0,True,Petrone_etal_2016
GPRT15,2011-08-18,67.1238312624744,-50.181555385583884,53.74068525,1,53.74068525,,gp,2,5.0,True,Petrone_etal_2016
GPRT15,2011-08-18,67.12383616655211,-50.18146196850277,53.74068525,1,53.74068525,,gp,1,5.0,False,Petrone_etal_2016
GPRT15,2011-08-18,67.12386050900278,-50.1808728203563,52.2172485,1,52.2172485,,gp,2,5.0,True,Petrone_etal_2016
GPRT15,2011-08-18,67.12387204577504,-50.1807608509372,50.185998,1,50.185998,,gp,2,5.0,True,Petrone_etal_2016
GPRT15,2011-08-18,67.12387409015571,-50.180634679125006,49.170373874999996,1,49.170373874999996,,gp,2,5.0,True,Petrone_etal_2016
GPRT15,2011-08-18,67.12388045493677,-50.18056380463704,69.48286875,1,69.48286875,,gp,2,5.0,True,Petrone_etal_2016
GPRT15,2011-08-18,67.12388887303472,-50.180426850695675,48.32402025,1,48.32402025,,gp,3,5.0,True,Petrone_etal_2016
GPRT15,2011-08-18,67.12389261809754,-50.180311648413756,52.2172485,1,52.2172485,,gp,2,5.0,True,Petrone_etal_2016
GPRT15,2011-08-18,67.12389957104307,-50.18018058417595,45.61568774999999,1,45.61568774999999,,gp,2,5.0,True,Petrone_etal_2016
GPRT15,2011-08-18,67.1239039862275,-50.180079460166056,40.029751125000004,1,40.029751125000004,,gp,2,5.0,True,Petrone_etal_2016
GPRT15,2011-08-18,67.12390755171917,-50.17998758631948,45.61568775,1,45.61568775,,gp,3,5.0,True,Petrone_etal_2016
GPRT15,2011-08-18,67.12391182659599,-50.17985914855909,50.185998000000005,1,50.185998000000005,,gp,2,5.0,True,Petrone_etal_2016
GPRT15,2011-08-18,67.12391463960277,-50.17973721529395,39.5219385,1,39.5219385,,gp,3,5.0,True,Petrone_etal_2016
GPRT15,2011-08-18,67.12391761364209,-50.179617543470705,44.261520749999995,1,44.261520749999995,,gp,3,5.0,True,Petrone_etal_2016
GPRT15,2011-08-18,67.12392088736078,-50.179498015143004,44.6000625,1,44.6000625,,gp,3,5.0,True,Petrone_etal_2016
GPRT15,2011-08-18,67.1239186665153,-50.17935669541482,39.5219385,1,39.5219385,,gp,1,5.0,False,Petrone_etal_2016
GPRT15,2011-08-18,67.12392222692222,-50.17929302373263,62.897675850000006,1,62.897675850000006,,gp,3,5.0,True,Petrone_etal_2016
GPRT15,2011-08-18,67.12392612338219,-50.17923656408082,81.7457004,1,81.7457004,,gp,1,5.0,False,Petrone_etal_2016
GPRT15,2011-08-18,67.1239308832087,-50.17917354328062,72.94361880000001,1,72.94361880000001,,gp,3,5.0,True,Petrone_etal_2016
GPRT15,2011-08-18,67.12393767705068,-50.1790407932866,84.386323125,1,84.386323125,,gp,2,5.0,True,Petrone_etal_2016
GPRT15,2011-08-18,67.1239424736564,-50.1789267459484,79.10507475,1,79.10507475,,gp,2,5.0,True,Petrone_etal_2016
GPRT15,2011-08-18,67.12394903740633,-50.17880745154159,79.76523116249999,1,79.76523116249999,,gp,2,5.0,True,Petrone_etal_2016
GPRT15,2011-08-18,67.12394911098988,-50.178705398574664,87.02694877500001,1,87.02694877500001,,gp,3,5.0,True,Petrone_etal_2016
GPRT15,2011-08-18,67.12394543502668,-50.17858654772555,79.43515295625001,1,79.43515295625001,,gp,4,5.0,True,Petrone_etal_2016
GPRT15,2011-08-18,67.12394556534234,-50.17848101559737,81.0855439875,1,81.0855439875,,gp,2,5.0,True,Petrone_etal_2016
GPRT15,2011-08-18,67.12393826295964,-50.17836933848022,81.74569893750001,1,81.74569893750001,,gp,2,5.0,True,Petrone_etal_2016
GPRT15,2011-08-18,67.12392759724683,-50.17824329033555,82.625907,1,82.625907,,gp,3,5.0,True,Petrone_etal_2016
GPRT16,2011-08-18,67.12403042949137,-50.17806213128816,80.425387575,1,80.425387575,,gp,1,5.0,False,Petrone_etal_2016
GPRT16,2011-08-18,67.12407388085137,-50.17813811574,79.7652311625,1,79.7652311625,,gp,2,5.0,True,Petrone_etal_2016
GPRT16,2011-08-18,67.12412029701024,-50.17822368232985,73.4937489,1,73.4937489,,gp,4,5.0,True,Petrone_etal_2016
GPRT16,2011-08-18,67.12414947692082,-50.17827202637253,60.75709235000001,1,60.75709235000001,,gp,2,5.0,True,Petrone_etal_2016
GPRT16,2011-08-18,67.1241716901377,-50.17831761012356,66.64771590000001,1,66.64771590000001,,gp,1,5.0,False,Petrone_etal_2016
GPRT16,2011-08-18,67.12419438025405,-50.17836871067834,53.55744360000001,1,53.55744360000001,,gp,1,5.0,False,Petrone_etal_2016
GPRT16,2011-08-18,67.12422342120851,-50.17843365853607,50.93938885000001,1,50.93938885000001,,gp,2,5.0,True,Petrone_etal_2016
GPRT17,2011-08-18,67.12446747204804,-50.17896529834236,112.8496225,1,112.8496225,,gp,1,5.0,False,Petrone_etal_2016
GPRT17,2011-08-18,67.12448823584168,-50.17899072176124,132.32129583333332,1,132.32129583333332,,gp,3,5.0,True,Petrone_etal_2016
GPRT17,2011-08-18,67.12452207549808,-50.179029380329524,126.12576375,1,126.12576375,,gp,2,5.0,True,Petrone_etal_2016
GPRT18,2011-08-18,67.12446785432695,-50.17938901903952,126.29171500000001,1,126.29171500000001,,gp,1,5.0,False,Petrone_etal_2016
GPRT18,2011-08-18,67.12444330723959,-50.17938385747987,113.66254350000001,1,113.66254350000001,,gp,3,5.0,True,Petrone_etal_2016
GPRT18,2011-08-18,67.1244045260784,-50.17937283881771,70.49849175,1,70.49849175,,gp,2,5.0,True,Petrone_etal_2016
GPRT18,2011-08-18,67.12435737290079,-50.17936198885929,40.537563750000004,1,40.537563750000004,,gp,2,5.0,True,Petrone_etal_2016
GPRT18,2011-08-18,67.1243097469868,-50.17934642891885,35.45943975,1,35.45943975,,gp,1,5.0,False,Petrone_etal_2016
GPRT18,2011-08-18,67.12427286006275,-50.179325778773,57.14403995,1,57.14403995,,gp,1,5.0,False,Petrone_etal_2016
GPRT18,2011-08-18,67.12423953484534,-50.17929993604118,53.149250249999994,1,53.149250249999994,,gp,1,5.0,False,Petrone_etal_2016
GPRT18,2011-08-18,67.12416349436725,-50.179253986931265,57.8098402,1,57.8098402,,gp,2,5.0,True,Petrone_etal_2016
GPRT18,2011-08-18,67.12411984546881,-50.179226765567066,63.136225975,1,63.136225975,,gp,2,5.0,True,Petrone_etal_2016
GPRT18,2011-08-18,67.12407756150839,-50.17920330185211,69.128412,1,69.128412,,gp,1,5.0,False,Petrone_etal_2016
GPRT19,2011-08-18,67.12408865152189,-50.17926655388189,66.46521985,1,66.46521985,,gp,1,5.0,False,Petrone_etal_2016
GPRT19,2011-08-18,67.12410907429074,-50.17940026436064,53.149250249999994,1,53.149250249999994,,gp,1,5.0,False,Petrone_etal_2016
GPRT19,2011-08-18,67.12412532403309,-50.17950748949552,67.796815925,1,67.796815925,,gp,2,5.0,True,Petrone_etal_2016
GPRT19,2011-08-18,67.12414423769316,-50.17960939894443,51.709435500000005,1,51.709435500000005,,gp,3,5.0,True,Petrone_etal_2016
GPRT19,2011-08-18,67.12416417640938,-50.1797362487097,60.342244875000006,1,60.342244875000006,,gp,2,5.0,True,Petrone_etal_2016
GPRT19,2011-08-18,67.12418259133953,-50.17985754057985,55.771934249999994,1,55.771934249999994,,gp,3,5.0,True,Petrone_etal_2016
GPRT19,2011-08-18,67.1242098714166,-50.179987369485126,47.139124499999994,1,47.139124499999994,,gp,2,5.0,True,Petrone_etal_2016
GPRT19,2011-08-18,67.12422739314309,-50.18008031661121,52.47115425,1,52.47115425,,gp,4,5.0,True,Petrone_etal_2016
GPRT19,2011-08-18,67.12427332177815,-50.1802896456216,49.001103,1,49.001103,,gp,3,5.0,True,Petrone_etal_2016
GPRT20,2011-08-18,67.12421618051701,-50.17964353848215,50.72053725,1,50.72053725,,gp,1,5.0,False,Petrone_etal_2016
GPRT20,2011-08-18,67.1241716345526,-50.179645432953116,50.72053725,1,50.72053725,,gp,3,5.0,True,Petrone_etal_2016
GPRT20,2011-08-18,67.1241283083688,-50.179651935232854,58.49565525,1,58.49565525,,gp,2,5.0,True,Petrone_etal_2016
GPRT20,2011-08-18,67.12409697646623,-50.17966487012349,59.01399675,1,59.01399675,,gp,1,5.0,False,Petrone_etal_2016
GPRT20,2011-08-18,67.12404420205223,-50.1796949000037,46.05546712500001,1,46.05546712500001,,gp,2,5.0,True,Petrone_etal_2016
GPRT20,2011-08-18,67.12399905989065,-50.1797262847814,48.647172375,1,48.647172375,,gp,2,5.0,True,Petrone_etal_2016
GPRT22,2011-08-18,67.12426818400625,-50.179638086782795,51.37089374999999,1,51.37089374999999,,gp,3,5.0,True,Petrone_etal_2016
GPRT22,2011-08-18,67.12430922307595,-50.17965206468995,58.48026675,1,58.48026675,,gp,3,5.0,True,Petrone_etal_2016
GPRT22,2011-08-18,67.12435658567836,-50.17964546393322,68.213336625,1,68.213336625,,gp,4,5.0,True,Petrone_etal_2016
GPRT22,2011-08-18,67.1244052834251,-50.179607694973356,81.15283791666667,1,81.15283791666667,,gp,6,5.0,True,Petrone_etal_2016
GPRT22,2011-08-18,67.12444244915679,-50.17956616716563,117.64009749999998,1,117.64009749999998,,gp,3,5.0,True,Petrone_etal_2016
GPRT22,2011-08-18,67.12448442221556,-50.17952908702276,130.0532883333333,1,130.0532883333333,,gp,3,5.0,True,Petrone_etal_2016
GPRT30,2011-08-18,67.12606540942359,-50.181735244222544,94.10070202,1,94.10070202,,gp,5,5.0,True,Petrone_etal_2016
GPRT30,2011-08-18,67.12605106148231,-50.181894028947454,65.1336223,1,65.1336223,,gp,2,5.0,True,Petrone_etal_2016
GPRT30,2011-08-18,67.12603980209046,-50.181972721672885,58.76682175833333,1,58.76682175833333,,gp,6,5.0,True,Petrone_etal_2016
GPRT30,2011-08-18,67.12602521433848,-50.18208469607817,51.30318555,1,51.30318555,,gp,5,5.0,True,Petrone_etal_2016
GPRT30,2011-08-18,67.12601508908874,-50.18219804117854,61.78659308333334,1,61.78659308333334,,gp,6,5.0,True,Petrone_etal_2016
GPRT30,2011-08-18,67.12602202191415,-50.18232568820023,62.470427691666664,1,62.470427691666664,,gp,6,5.0,True,Petrone_etal_2016
GPRT30,2011-08-18,67.12602532527093,-50.18243070978767,74.1219006,1,74.1219006,,gp,4,5.0,True,Petrone_etal_2016
GPRT30,2011-08-18,67.12602026597483,-50.182537743122225,83.77597693749999,1,83.77597693749999,,gp,4,5.0,True,Petrone_etal_2016
GPRT30,2011-08-18,67.12601684315489,-50.182657805131555,75.7863968,1,75.7863968,,gp,4,5.0,True,Petrone_etal_2016
GPRT33,2011-08-18,67.12611917951591,-50.1828903223246,62.1485032875,1,62.1485032875,,gp,4,5.0,True,Petrone_etal_2016
GPRT33,2011-08-18,67.12615140919237,-50.18283361211108,70.05760299999999,1,70.05760299999999,,gp,1,5.0,False,Petrone_etal_2016
GPRT33,2011-08-18,67.12616944044501,-50.18276337498504,68.68210723749999,1,68.68210723749999,,gp,4,5.0,True,Petrone_etal_2016
GPRT33,2011-08-18,67.12617382129599,-50.18265521119096,70.05760299999999,1,70.05760299999999,,gp,2,5.0,True,Petrone_etal_2016
GPRT33,2011-08-18,67.126159052308,-50.18257397780074,70.74535125,1,70.74535125,,gp,2,5.0,True,Petrone_etal_2016
GPRT33,2011-08-18,67.12613722627817,-50.18251615386723,67.30661295,1,67.30661295,,gp,1,5.0,False,Petrone_etal_2016
GPRT33,2011-08-18,67.1261245064061,-50.18248476687348,64.55561995,1,64.55561995,,gp,1,5.0,False,Petrone_etal_2016
GPRT33,2011-08-18,67.12604961118383,-50.1823994558125,78.31057609999999,1,78.31057609999999,,gp,1,5.0,False,Petrone_etal_2016
GPRT33,2011-08-18,67.12602741770012,-50.18232827251787,65.01411878333333,1,65.01411878333333,,gp,3,5.0,True,Petrone_etal_2016
GPRT33,2011-08-18,67.12600617094452,-50.182237575423756,67.30661147499998,1,67.30661147499998,,gp,2,5.0,True,Petrone_etal_2016
GPRT33,2011-08-18,67.12599686713463,-50.18217252751735,71.4330995,1,71.4330995,,gp,2,5.0,True,Petrone_etal_2016
GPRT33,2011-08-18,67.12597929514986,-50.18209872909935,56.93078775,1,56.93078775,,gp,3,5.0,True,Petrone_etal_2016
GPRT33,2011-08-18,67.12595332342366,-50.18199047784319,55.53197999999999,1,55.53197999999999,,gp,2,5.0,True,Petrone_etal_2016
GPRT33,2011-08-18,67.12595752964387,-50.18193592472513,55.53197999999999,1,55.53197999999999,,gp,1,5.0,False,Petrone_etal_2016
GPRT33,2011-08-18,67.12596459385902,-50.18185552966367,46.78942125,1,46.78942125,,gp,3,5.0,True,Petrone_etal_2016
GPRT33,2011-08-18,67.12596442783331,-50.18175009489087,52.6469349375,1,52.6469349375,,gp,4,5.0,True,Petrone_etal_2016
GPRT33,2011-08-18,67.12597070688653,-50.18161858155813,115.32321625,1,115.32321625,,gp,2,5.0,True,Petrone_etal_2016
GPRT33,2011-08-18,67.12597237528423,-50.18150643703947,125.81428416666667,1,125.81428416666667,,gp,3,5.0,True,Petrone_etal_2016
GPRT34,2011-08-18,67.12595752495498,-50.181759781084,68.12126099999999,1,68.12126099999999,,gp,1,5.0,False,Petrone_etal_2016
GPRT34,2011-08-18,67.12595498167005,-50.18178868643027,54.4828725,1,54.4828725,,gp,1,5.0,False,Petrone_etal_2016
GPRT34,2011-08-18,67.12594788936104,-50.18184898574772,47.925954562499996,1,47.925954562499996,,gp,4,5.0,True,Petrone_etal_2016
GPRT34,2011-08-18,67.1259393756709,-50.181952907902826,54.13316925,1,54.13316925,,gp,3,5.0,True,Petrone_etal_2016
GPRT34,2011-08-18,67.12592405027357,-50.18209019091785,49.23733815,1,49.23733815,,gp,5,5.0,True,Petrone_etal_2016
GPRT34,2011-08-18,67.12591482909606,-50.18218152547838,43.99180424999999,1,43.99180424999999,,gp,1,5.0,False,Petrone_etal_2016
GPRT34,2011-08-18,67.1259070480125,-50.18223873537596,49.761891,1,49.761891,,gp,2,5.0,True,Petrone_etal_2016
GPRT34,2011-08-18,67.1258972035443,-50.1823310015581,47.139124499999994,1,47.139124499999994,,gp,4,5.0,True,Petrone_etal_2016
GPRT34,2011-08-18,67.125891764284,-50.1824660402938,56.58108675,1,56.58108675,,gp,3,5.0,True,Petrone_etal_2016
GPRT34,2011-08-18,67.12585682312906,-50.18294269954203,70.05760299999999,1,70.05760299999999,,gp,1,5.0,False,Petrone_etal_2016
GPRT34,2011-08-18,67.12584938502864,-50.183023183382524,66.96273808749999,1,66.96273808749999,,gp,4,5.0,True,Petrone_etal_2016
GPRT34,2011-08-18,67.12583984947774,-50.18313209607965,68.22360864999999,1,68.22360864999999,,gp,3,5.0,True,Petrone_etal_2016
GPRT34,2011-08-18,67.12583221179437,-50.18321742817005,69.36985622499999,1,69.36985622499999,,gp,2,5.0,True,Petrone_etal_2016
GPRT34,2011-08-18,67.12582627841073,-50.18328518061816,67.30661295,1,67.30661295,,gp,1,5.0,False,Petrone_etal_2016
GPRT34,2011-08-18,67.12582403798075,-50.18337340448321,61.34613106666666,1,61.34613106666666,,gp,3,5.0,True,Petrone_etal_2016
GPRT34,2011-08-18,67.1258128750309,-50.1834711131546,63.86787317499999,1,63.86787317499999,,gp,2,5.0,True,Petrone_etal_2016
GPRT34,2011-08-18,67.12580451314489,-50.18359032236821,68.22360864999999,1,68.22360864999999,,gp,3,5.0,True,Petrone_etal_2016
GPRT34,2011-08-18,67.12580359367081,-50.183703017041644,71.4330995,1,71.4330995,,gp,3,5.0,True,Petrone_etal_2016
GPRT34,2011-08-18,67.12579267664847,-50.18381964174286,69.0259821,1,69.0259821,,gp,4,5.0,True,Petrone_etal_2016
GPRT34,2011-08-18,67.12578898153255,-50.18388656913219,75.55958605,1,75.55958605,,gp,1,5.0,False,Petrone_etal_2016
GPRT34,2011-08-18,67.12578423867951,-50.18395328206787,80.14457143333333,1,80.14457143333333,,gp,3,5.0,True,Petrone_etal_2016
GPRT34,2011-08-18,67.12577210771113,-50.184051810665075,71.08922537499998,1,71.08922537499998,,gp,4,5.0,True,Petrone_etal_2016
GPRT34,2011-08-18,67.12575766094626,-50.184165326330685,73.15246864999999,1,73.15246864999999,,gp,4,5.0,True,Petrone_etal_2016
GPRT34,2011-08-18,67.12573071634327,-50.18442272447327,57.678143349999985,1,57.678143349999985,,gp,1,5.0,False,Petrone_etal_2016
GPRT34,2011-08-18,67.12572275585133,-50.18450353242965,52.63465913333332,1,52.63465913333332,,gp,3,5.0,True,Petrone_etal_2016
GPRT34,2011-08-18,67.12571065045721,-50.18462179106109,45.298682225,1,45.298682225,,gp,2,5.0,True,Petrone_etal_2016
GPRT34,2011-08-18,67.12570429917564,-50.18469566652696,46.67417725,1,46.67417725,,gp,1,5.0,False,Petrone_etal_2016
GPRT34,2011-08-18,67.12570177652682,-50.18472872049077,57.678143349999985,1,57.678143349999985,,gp,1,5.0,False,Petrone_etal_2016
GPRT34,2011-08-18,67.12570420663849,-50.18494132299159,52.86390854999999,1,52.86390854999999,,gp,2,5.0,True,Petrone_etal_2016
GPRT34,2011-08-18,67.12569727683268,-50.184989741821894,36.3579594,1,36.3579594,,gp,2,5.0,True,Petrone_etal_2016
GPRT34,2011-08-18,67.1256970969812,-50.18504242903708,37.04570765,1,37.04570765,,gp,1,5.0,False,Petrone_etal_2016
GPRT34,2011-08-18,67.12569573092689,-50.18518503308602,63.63862424999999,1,63.63862424999999,,gp,3,5.0,True,Petrone_etal_2016
GPRT38,2011-08-18,67.12628790462348,-50.181808437750206,138.488135,1,138.488135,,gp,2,5.0,True,Petrone_etal_2016
GPRT38,2011-08-18,67.12633563414597,-50.1818442894064,144.35492499999998,1,144.35492499999998,,gp,3,5.0,True,Petrone_etal_2016
GPRT38,2011-08-18,67.1263878141297,-50.18187330450877,140.18047875000002,1,140.18047875000002,,gp,2,5.0,True,Petrone_etal_2016
GPRT38,2011-08-18,67.12641040693688,-50.18190562575666,129.68795,1,129.68795,,gp,1,5.0,False,Petrone_etal_2016
GPRT41,2011-08-18,67.12556985280696,-50.18419137103132,77.14711675,1,77.14711675,,gp,1,5.0,False,Petrone_etal_2016
GPRT41,2011-08-18,67.12555257854609,-50.18414641970054,77.5465084,1,77.5465084,,gp,2,5.0,True,Petrone_etal_2016
GPRT41,2011-08-18,67.12553078838987,-50.18409551112072,75.94893737499999,1,75.94893737499999,,gp,2,5.0,True,Petrone_etal_2016
GPRT41,2011-08-18,67.12550155756826,-50.18403684194257,69.2975998875,1,69.2975998875,,gp,4,5.0,True,Petrone_etal_2016
GPRT41,2011-08-18,67.12547461027278,-50.18398616512202,53.35782974999999,1,53.35782974999999,,gp,1,5.0,False,Petrone_etal_2016
GPRT41,2011-08-18,67.12544684321692,-50.18393599639447,53.357829,1,53.357829,,gp,3,5.0,True,Petrone_etal_2016
GPRT41,2011-08-18,67.12542483131672,-50.1839002351159,47.874635999999995,1,47.874635999999995,,gp,1,5.0,False,Petrone_etal_2016
GPRT41,2011-08-18,67.12540355606401,-50.18386233570582,49.093124062499996,1,49.093124062499996,,gp,4,5.0,True,Petrone_etal_2016
GPRT41,2011-08-18,67.1253684520829,-50.18379545017713,44.066864249999995,1,44.066864249999995,,gp,4,5.0,True,Petrone_etal_2016
GPRT41,2011-08-18,67.12534921993932,-50.18376238117277,43.30531124999999,1,43.30531124999999,,gp,2,5.0,True,Petrone_etal_2016
GPRT41,2011-08-18,67.12531797647584,-50.18370487583625,41.98528275,1,41.98528275,,gp,3,5.0,True,Petrone_etal_2016
GPRT41,2011-08-18,67.12529532809924,-50.18366160518531,45.43766325,1,45.43766325,,gp,1,5.0,False,Petrone_etal_2016
GPRT41,2011-08-18,67.12527309285014,-50.18361140425044,50.616232874999994,1,50.616232874999994,,gp,4,5.0,True,Petrone_etal_2016
GPRT41,2011-08-18,67.12524726394413,-50.18356017190767,42.3914445,1,42.3914445,,gp,1,5.0,False,Petrone_etal_2016
GPRT41,2011-08-18,67.1252203830927,-50.183507899306484,55.99788375,1,55.99788375,,gp,3,5.0,True,Petrone_etal_2016
GPRT41,2011-08-18,67.12519514288695,-50.183454841360984,66.761186625,1,66.761186625,,gp,2,5.0,True,Petrone_etal_2016
GPRT41,2011-08-18,67.12517928567867,-50.18342390679759,65.54270025,1,65.54270025,,gp,1,5.0,False,Petrone_etal_2016
GPRT42,2011-08-18,67.12524111793529,-50.18341075375669,53.35782974999999,1,53.35782974999999,,gp,1,5.0,False,Petrone_etal_2016
GPRT42,2011-08-18,67.1252708158645,-50.18342911752167,58.536398250000005,1,58.536398250000005,,gp,2,5.0,True,Petrone_etal_2016
GPRT42,2011-08-18,67.12531762748024,-50.18346096724799,53.15474700000001,1,53.15474700000001,,gp,3,5.0,True,Petrone_etal_2016
GPRT42,2011-08-18,67.12535810869477,-50.18348288655898,41.477579999999996,1,41.477579999999996,,gp,2,5.0,True,Petrone_etal_2016
GPRT42,2011-08-18,67.12540351659285,-50.18350337167681,48.940813125,1,48.940813125,,gp,4,5.0,True,Petrone_etal_2016
GPRT42,2011-08-18,67.12544712001076,-50.18352184280978,44.828419499999995,1,44.828419499999995,,gp,2,5.0,True,Petrone_etal_2016
GPRT42,2011-08-18,67.1254947276578,-50.18353391561015,55.10095553333334,1,55.10095553333334,,gp,3,5.0,True,Petrone_etal_2016
GPRT42,2011-08-18,67.12551988866642,-50.18354221173401,61.97018095,1,61.97018095,,gp,1,5.0,False,Petrone_etal_2016
GPRT42,2011-08-18,67.12555361809493,-50.18355951762914,57.97625264999999,1,57.97625264999999,,gp,2,5.0,True,Petrone_etal_2016
GPRT42,2011-08-18,67.12558488211666,-50.18357713731362,66.56320188749999,1,66.56320188749999,,gp,4,5.0,True,Petrone_etal_2016
GPRT42,2011-08-18,67.12562873233101,-50.18360001929222,75.01702008333332,1,75.01702008333332,,gp,3,5.0,True,Petrone_etal_2016
GPRT42,2011-08-18,67.12567007278143,-50.18361453246618,60.37261041666667,1,60.37261041666667,,gp,3,5.0,True,Petrone_etal_2016
GPRT42,2011-08-18,67.12570603552129,-50.18362999564543,65.16532595,1,65.16532595,,gp,2,5.0,True,Petrone_etal_2016
GPRT43,2011-08-18,67.12569017376241,-50.18356889657573,63.56775345,1,63.56775345,,gp,3,5.0,True,Petrone_etal_2016
GPRT43,2011-08-18,67.12566148726151,-50.18351437841221,64.89906288333333,1,64.89906288333333,,gp,3,5.0,True,Petrone_etal_2016
GPRT43,2011-08-18,67.12563159559699,-50.18345809505949,65.56472054999999,1,65.56472054999999,,gp,2,5.0,True,Petrone_etal_2016
GPRT43,2011-08-18,67.12561165622743,-50.183418306203635,69.0365524,1,69.0365524,,gp,2,5.0,True,Petrone_etal_2016
GPRT43,2011-08-18,67.12558116546316,-50.183350123827324,40.44186585,1,40.44186585,,gp,5,5.0,True,Petrone_etal_2016
GPRT43,2011-08-18,67.12553122450491,-50.183244265261976,42.5945265,1,42.5945265,,gp,3,5.0,True,Petrone_etal_2016
GPRT43,2011-08-18,67.12550827309688,-50.18320023639124,36.908253,1,36.908253,,gp,1,5.0,False,Petrone_etal_2016
GPRT43,2011-08-18,67.1254862084025,-50.18315417957795,47.671555500000004,1,47.671555500000004,,gp,3,5.0,True,Petrone_etal_2016
GPRT43,2011-08-18,67.12545756378788,-50.18310788388548,42.6960675,1,42.6960675,,gp,2,5.0,True,Petrone_etal_2016
GPRT43,2011-08-18,67.12543540142681,-50.18307197472842,46.9607715,1,46.9607715,,gp,2,5.0,True,Petrone_etal_2016
GPRT43,2011-08-18,67.12540247648288,-50.1830114967784,49.61533275,1,49.61533275,,gp,7,5.0,True,Petrone_etal_2016
GPRT43,2011-08-18,67.12536316571972,-50.18295114677519,53.967071999999995,1,53.967071999999995,,gp,3,5.0,True,Petrone_etal_2016
GPRT44,2011-08-18,67.12537243133883,-50.18295029594219,63.714968999999996,1,63.714968999999996,,gp,1,5.0,False,Petrone_etal_2016
GPRT44,2011-08-18,67.12539001062719,-50.1829671087887,52.748585999999996,1,52.748585999999996,,gp,2,5.0,True,Petrone_etal_2016
GPRT44,2011-08-18,67.125413872611,-50.18298451643484,49.3977465,1,49.3977465,,gp,2,5.0,True,Petrone_etal_2016
GPRT44,2011-08-18,67.12544748226786,-50.18300762769391,55.79480325,1,55.79480325,,gp,3,5.0,True,Petrone_etal_2016
GPRT44,2011-08-18,67.12549071367364,-50.183041057871286,49.499286000000005,1,49.499286000000005,,gp,3,5.0,True,Petrone_etal_2016
GPRT44,2011-08-18,67.12552463506782,-50.18306665638249,49.702367249999995,1,49.702367249999995,,gp,2,5.0,True,Petrone_etal_2016
GPRT44,2011-08-18,67.12555299999971,-50.183087485726745,51.834720374999996,1,51.834720374999996,,gp,2,5.0,True,Petrone_etal_2016
GPRT44,2011-08-18,67.12559036181226,-50.18311339089291,52.95166575,1,52.95166575,,gp,3,5.0,True,Petrone_etal_2016
GPRT44,2011-08-18,67.12562820999068,-50.18314669579676,49.296204749999994,1,49.296204749999994,,gp,3,5.0,True,Petrone_etal_2016
GPRT44,2011-08-18,67.12566516358017,-50.183180492100725,47.67155625,1,47.67155625,,gp,3,5.0,True,Petrone_etal_2016
GPRT44,2011-08-18,67.12569395124275,-50.18319627370295,50.92085475,1,50.92085475,,gp,1,5.0,False,Petrone_etal_2016
GPRT44,2011-08-18,67.12571780318655,-50.18321172243735,49.195519825,1,49.195519825,,gp,2,5.0,True,Petrone_etal_2016
GPRT44,2011-08-18,67.12576504623009,-50.18324021474143,57.97625264999999,1,57.97625264999999,,gp,1,5.0,False,Petrone_etal_2016
GPRT44,2011-08-18,67.1258091918039,-50.18327699635638,70.75682675,1,70.75682675,,gp,1,5.0,False,Petrone_etal_2016
GPRT44,2011-08-18,67.12583620835427,-50.18329729531969,67.5616847,1,67.5616847,,gp,1,5.0,False,Petrone_etal_2016
GPRT44,2011-08-18,67.12585241097945,-50.18330804553324,67.5616847,1,67.5616847,,gp,1,5.0,False,Petrone_etal_2016
GPRT44,2011-08-18,67.12589514044922,-50.183331041963484,66.363505325,1,66.363505325,,gp,2,5.0,True,Petrone_etal_2016
GPRT44,2011-08-18,67.12594065261328,-50.183371927792486,79.94286714999998,1,79.94286714999998,,gp,2,5.0,True,Petrone_etal_2016
GPRT46,2011-08-18,67.1258161166935,-50.18278902706185,57.013288875,1,57.013288875,,gp,2,5.0,True,Petrone_etal_2016
GPRT46,2011-08-18,67.12583898391873,-50.18278733249055,50.920854750000004,1,50.920854750000004,,gp,2,5.0,True,Petrone_etal_2016
GPRT49,2011-08-18,67.12640884241443,-50.18282722294717,74.75075799999999,1,74.75075799999999,,gp,1,5.0,False,Petrone_etal_2016
GPRT49,2011-08-18,67.12638806135223,-50.18279829803146,67.5616847,1,67.5616847,,gp,2,5.0,True,Petrone_etal_2016
GPRT49,2011-08-18,67.1263433216143,-50.18273306252798,69.15925572500001,1,69.15925572500001,,gp,2,5.0,True,Petrone_etal_2016
GPRT49,2011-08-18,67.12630088078679,-50.18267881638147,68.36046947499999,1,68.36046947499999,,gp,2,5.0,True,Petrone_etal_2016
GPRT49,2011-08-18,67.12626025857736,-50.18262935069929,70.75682822499999,1,70.75682822499999,,gp,2,5.0,True,Petrone_etal_2016
GPRT49,2011-08-18,67.12621335129651,-50.18257882945454,68.36047094999999,1,68.36047094999999,,gp,2,5.0,True,Petrone_etal_2016
GPRT49,2011-08-18,67.12616696321845,-50.18254212426059,68.36047094999999,1,68.36047094999999,,gp,1,5.0,False,Petrone_etal_2016
GPRT49,2011-08-18,67.12612055272618,-50.18250103940498,54.78110912499999,1,54.78110912499999,,gp,2,5.0,True,Petrone_etal_2016
GPRT49,2011-08-18,67.12609665885299,-50.18247740779061,49.189606850000004,1,49.189606850000004,,gp,1,5.0,False,Petrone_etal_2016
GPRT49,2011-08-18,67.12606195630877,-50.182445265061055,75.15015112499998,1,75.15015112499998,,gp,2,5.0,True,Petrone_etal_2016
GPRT49,2011-08-18,67.12602278243024,-50.18241588647351,75.01702008333332,1,75.01702008333332,,gp,3,5.0,True,Petrone_etal_2016
GPRT49,2011-08-18,67.12600198497948,-50.18238377356877,89.1289046,1,89.1289046,,gp,1,5.0,False,Petrone_etal_2016
GPRT49,2011-08-18,67.12598410851761,-50.18233811297478,77.41337785,1,77.41337785,,gp,3,5.0,True,Petrone_etal_2016
GPRT49,2011-08-18,67.12593958118539,-50.18228520689195,55.794803249999994,1,55.794803249999994,,gp,3,5.0,True,Petrone_etal_2016
GPRT49,2011-08-18,67.12591521954502,-50.182257825752,43.00068825,1,43.00068825,,gp,1,5.0,False,Petrone_etal_2016
GPRT49,2011-08-18,67.12589087166062,-50.18223313401294,52.34242275,1,52.34242275,,gp,3,5.0,True,Petrone_etal_2016
GPRT49,2011-08-18,67.12586377318952,-50.1821968538878,56.40404624999999,1,56.40404624999999,,gp,1,5.0,False,Petrone_etal_2016
GPRT50,2011-08-18,67.12584109019411,-50.18214689878826,46.656150749999995,1,46.656150749999995,,gp,1,5.0,False,Petrone_etal_2016
GPRT50,2011-08-18,67.12585774608405,-50.18215855513007,56.70866812499999,1,56.70866812499999,,gp,2,5.0,True,Petrone_etal_2016
GPRT50,2011-08-18,67.12589060683588,-50.182181383575475,55.591721625,1,55.591721625,,gp,6,5.0,True,Petrone_etal_2016
GPRT50,2011-08-18,67.12593819904751,-50.182190418840364,54.576316125,1,54.576316125,,gp,4,5.0,True,Petrone_etal_2016
GPRT50,2011-08-18,67.12598993561967,-50.18217662360924,62.569271375,1,62.569271375,,gp,4,5.0,True,Petrone_etal_2016
GPRT50,2011-08-18,67.12602377619956,-50.182189324600564,67.40192685999999,1,67.40192685999999,,gp,5,5.0,True,Petrone_etal_2016
GPRT50,2011-08-18,67.12605032169175,-50.18218766650442,71.555613,1,71.555613,,gp,2,5.0,True,Petrone_etal_2016
GPRT51,2011-08-18,67.1260143736806,-50.18211667936481,47.0623125,1,47.0623125,,gp,3,5.0,True,Petrone_etal_2016
GPRT51,2011-08-18,67.12598917165202,-50.182071170522036,49.3977459375,1,49.3977459375,,gp,4,5.0,True,Petrone_etal_2016
GPRT51,2011-08-18,67.12596377508915,-50.18201686883778,50.006989125000004,1,50.006989125000004,,gp,2,5.0,True,Petrone_etal_2016
GPRT51,2011-08-18,67.12593849053104,-50.181955243384856,49.29620549999999,1,49.29620549999999,,gp,3,5.0,True,Petrone_etal_2016
GPRT51,2011-08-18,67.12591879902763,-50.18190553303039,43.00068937499999,1,43.00068937499999,,gp,2,5.0,True,Petrone_etal_2016
GPRT51,2011-08-18,67.12589718223497,-50.18185358233476,46.290603149999995,1,46.290603149999995,,gp,5,5.0,True,Petrone_etal_2016
GPRT54,2011-08-18,67.12599868362179,-50.18156357008925,132.3957,1,132.3957,,gp,1,5.0,False,Petrone_etal_2016
GPRT54,2011-08-18,67.12598114916514,-50.1816431282772,115.21569475,1,115.21569475,,gp,2,5.0,True,Petrone_etal_2016
GPRT54,2011-08-18,67.12595756980491,-50.18176854064642,63.10572525,1,63.10572525,,gp,1,5.0,False,Petrone_etal_2016
GPRT54,2011-08-18,67.12595144820568,-50.18179941143654,40.5637155,1,40.5637155,,gp,1,5.0,False,Petrone_etal_2016
GPRT54,2011-08-18,67.12594012021769,-50.18186469561117,43.00068825,1,43.00068825,,gp,2,5.0,True,Petrone_etal_2016
GPRT54,2011-08-18,67.12592176920954,-50.18196001633904,45.285352312499995,1,45.285352312499995,,gp,4,5.0,True,Petrone_etal_2016
GPRT54,2011-08-18,67.12589401270895,-50.18211066509351,45.559512,1,45.559512,,gp,5,5.0,True,Petrone_etal_2016
GPRT54,2011-08-18,67.12587931973276,-50.182196251556014,49.296204749999994,1,49.296204749999994,,gp,3,5.0,True,Petrone_etal_2016
GPRT54,2011-08-18,67.12586673177458,-50.18224908960661,55.18555875,1,55.18555875,,gp,1,5.0,False,Petrone_etal_2016
GPRT54,2011-08-18,67.12584915251041,-50.18231995649221,52.8704343,1,52.8704343,,gp,5,5.0,True,Petrone_etal_2016
GPRT54,2011-08-18,67.12582723405971,-50.18241942023096,47.874635999999995,1,47.874635999999995,,gp,1,5.0,False,Petrone_etal_2016
GPRT54,2011-08-18,67.1258139934288,-50.18246159779562,45.43766325,1,45.43766325,,gp,1,5.0,False,Petrone_etal_2016
GPRT54,2011-08-18,67.1257286586725,-50.182790712965755,42.086822624999996,1,42.086822624999996,,gp,2,5.0,True,Petrone_etal_2016
GPRT54,2011-08-18,67.12568864591024,-50.18294814819088,41.782201875,1,41.782201875,,gp,2,5.0,True,Petrone_etal_2016
GPRT54,2011-08-18,67.12566340406993,-50.183041029184814,42.492985499999996,1,42.492985499999996,,gp,6,5.0,True,Petrone_etal_2016
GPRT54,2011-08-18,67.12563732161041,-50.18313911810718,43.48808325,1,43.48808325,,gp,5,5.0,True,Petrone_etal_2016
GPRT54,2011-08-18,67.12561695528315,-50.18322642386367,51.530097937499995,1,51.530097937499995,,gp,4,5.0,True,Petrone_etal_2016
GPRT54,2011-08-18,67.12560248742685,-50.183291812445475,54.880938,1,54.880938,,gp,2,5.0,True,Petrone_etal_2016
GPRT54,2011-08-18,67.12559255822451,-50.18336761468007,47.87463599999999,1,47.87463599999999,,gp,3,5.0,True,Petrone_etal_2016
GPRT54,2011-08-18,67.12557339997164,-50.18348069333017,58.13600931,1,58.13600931,,gp,5,5.0,True,Petrone_etal_2016
GPRT54,2011-08-18,67.1255621072187,-50.18355300630198,59.573825150000005,1,59.573825150000005,,gp,1,5.0,False,Petrone_etal_2016
GPRT54,2011-08-18,67.12555039394647,-50.18361325252114,61.970182720000004,1,61.970182720000004,,gp,5,5.0,True,Petrone_etal_2016
GPRT54,2011-08-18,67.12553104639758,-50.18372443127647,54.621350989999996,1,54.621350989999996,,gp,5,5.0,True,Petrone_etal_2016
GPRT54,2011-08-18,67.12550947695884,-50.18383092393027,66.163808025,1,66.163808025,,gp,4,5.0,True,Petrone_etal_2016
GPRT54,2011-08-18,67.12549391211012,-50.18390113277769,74.75075799999999,1,74.75075799999999,,gp,1,5.0,False,Petrone_etal_2016
GPRT56,2011-08-18,67.12493522596024,-50.181572798357095,132.63351625,1,132.63351625,,gp,2,5.0,True,Petrone_etal_2016
GPRT56,2011-08-18,67.12489157686643,-50.18154545669025,133.896605,1,133.896605,,gp,1,5.0,False,Petrone_etal_2016
GPRT56,2011-08-18,67.1248564711165,-50.18152220647163,131.3704275,1,131.3704275,,gp,1,5.0,False,Petrone_etal_2016
GPRT56,2011-08-18,67.12481403164584,-50.18146831152721,133.896605,1,133.896605,,gp,1,5.0,False,Petrone_etal_2016
GPRT56,2011-08-18,67.1247569825452,-50.18136442204518,130.1073375,1,130.1073375,,gp,1,5.0,False,Petrone_etal_2016
GPRT56,2011-08-18,67.12473518914246,-50.18131305663969,130.1073375,1,130.1073375,,gp,1,5.0,False,Petrone_etal_2016
GPRT56,2011-08-18,67.12467754670264,-50.18121011012525,132.21248666666668,1,132.21248666666668,,gp,3,5.0,True,Petrone_etal_2016
GPRT56,2011-08-18,67.12463502458593,-50.181081753798225,131.37042666666665,1,131.37042666666665,,gp,3,5.0,True,Petrone_etal_2016
GPRT56,2011-08-18,67.1246125090966,-50.1810062064312,130.1073375,1,130.1073375,,gp,1,5.0,False,Petrone_etal_2016
GPRT56,2011-08-18,67.1245987986588,-50.18095664292294,128.8442475,1,128.8442475,,gp,1,5.0,False,Petrone_etal_2016
GPRT56,2011-08-18,67.12457506591969,-50.18087698726151,130.5283675,1,130.5283675,,gp,3,5.0,True,Petrone_etal_2016
GPRT56,2011-08-18,67.12454148692085,-50.18074325736526,129.2652775,1,129.2652775,,gp,3,5.0,True,Petrone_etal_2016
GPRT56,2011-08-18,67.12451645770732,-50.1806440499873,130.1073375,1,130.1073375,,gp,1,5.0,False,Petrone_etal_2016
GPRT56,2011-08-18,67.12450629117951,-50.18058583685116,131.3704275,1,131.3704275,,gp,1,5.0,False,Petrone_etal_2016
GPRT56,2011-08-18,67.12449308321777,-50.18051765982391,133.89660583333333,1,133.89660583333333,,gp,3,5.0,True,Petrone_etal_2016
GPRT56,2011-08-18,67.12447583993699,-50.18042064826474,137.05433,1,137.05433,,gp,2,5.0,True,Petrone_etal_2016
GPRT56,2011-08-18,67.12446306977944,-50.180292093382356,140.84359999999998,1,140.84359999999998,,gp,2,5.0,True,Petrone_etal_2016
GPRT56,2011-08-18,67.12445398543184,-50.18018254859965,141.475145,1,141.475145,,gp,1,5.0,False,Petrone_etal_2016
GPRT56,2011-08-18,67.12444993764903,-50.18009300552163,138.94896500000002,1,138.94896500000002,,gp,1,5.0,False,Petrone_etal_2016
GPRT57,2011-08-18,67.12456281018869,-50.18076120924286,128.8442475,1,128.8442475,,gp,1,5.0,False,Petrone_etal_2016
GPRT57,2011-08-18,67.12454727092614,-50.18079239735295,126.31806750000001,1,126.31806750000001,,gp,2,5.0,True,Petrone_etal_2016
GPRT57,2011-08-18,67.12452289106658,-50.18084901370617,123.7918875,1,123.7918875,,gp,1,5.0,False,Petrone_etal_2016
GPRT57,2011-08-18,67.12449984556571,-50.18090343304908,90.02467775000001,1,90.02467775000001,,gp,3,5.0,True,Petrone_etal_2016
GPRT57,2011-08-18,67.12447761448368,-50.18094172531096,77.877660375,1,77.877660375,,gp,2,5.0,True,Petrone_etal_2016
GPRT57,2011-08-18,67.12446874138377,-50.18096081472026,73.89892799999998,1,73.89892799999998,,gp,1,5.0,False,Petrone_etal_2016
GPRT57,2011-08-18,67.12440067409857,-50.18115769440842,53.436870000000006,1,53.436870000000006,,gp,1,5.0,False,Petrone_etal_2016
GPRT57,2011-08-18,67.12439008091309,-50.18119125062167,52.30008899999999,1,52.30008899999999,,gp,1,5.0,False,Petrone_etal_2016
GPRT57,2011-08-18,67.12437858015244,-50.181222762657505,52.300089,1,52.300089,,gp,2,5.0,True,Petrone_etal_2016
GPRT58,2011-08-18,67.1242219748236,-50.180423099226,46.616184,1,46.616184,,gp,3,5.0,True,Petrone_etal_2016
GPRT58,2011-08-18,67.1242557672665,-50.18036516532609,51.163307999999994,1,51.163307999999994,,gp,1,5.0,False,Petrone_etal_2016
GPRT58,2011-08-18,67.12427534858018,-50.18033499308253,51.163307999999994,1,51.163307999999994,,gp,1,5.0,False,Petrone_etal_2016
GPRT58,2011-08-18,67.12434404453498,-50.18026085300218,56.2788225,1,56.2788225,,gp,2,5.0,True,Petrone_etal_2016
GPRT58,2011-08-18,67.12437211954708,-50.180225090393265,79.582831875,1,79.582831875,,gp,2,5.0,True,Petrone_etal_2016
GPRT58,2011-08-18,67.12439690478615,-50.18016010295017,95.37236250000001,1,95.37236250000001,,gp,4,5.0,True,Petrone_etal_2016
GPRT58,2011-08-18,67.12444770860697,-50.18009567462201,132.00197125,1,132.00197125,,gp,4,5.0,True,Petrone_etal_2016
GPRT59,2011-08-18,67.12458446887896,-50.1783400183964,122.289688,1,122.289688,,gp,2,5.0,True,Petrone_etal_2016
GPRT59,2011-08-18,67.12455261524052,-50.17842593933534,120.88776750000001,1,120.88776750000001,,gp,1,5.0,False,Petrone_etal_2016
GPRT59,2011-08-18,67.1245420368503,-50.17846226296563,131.041825,1,131.041825,,gp,1,5.0,False,Petrone_etal_2016
GPRT59,2011-08-18,67.12452189665694,-50.17855816027532,118.54688625,1,118.54688625,,gp,1,5.0,False,Petrone_etal_2016
GPRT59,2011-08-18,67.12450794019237,-50.17863540423814,107.58050324999999,1,107.58050324999999,,gp,1,5.0,False,Petrone_etal_2016
GPRT59,2011-08-18,67.12449588418373,-50.17873333228741,124.27245250000001,1,124.27245250000001,,gp,1,5.0,False,Petrone_etal_2016
GPRT59,2011-08-18,67.12446893209903,-50.1788129766997,119.87236125000001,1,119.87236125000001,,gp,2,5.0,True,Petrone_etal_2016
GPRT59,2011-08-18,67.12445285870709,-50.17891472947238,109.71285524999999,1,109.71285524999999,,gp,2,5.0,True,Petrone_etal_2016
GPRT59,2011-08-18,67.1244467824243,-50.17904161763282,96.00487537500001,1,96.00487537500001,,gp,2,5.0,True,Petrone_etal_2016
GPRT59,2011-08-18,67.1244434175813,-50.17917244820071,88.69395375,1,88.69395375,,gp,1,5.0,False,Petrone_etal_2016
GPRT59,2011-08-18,67.12444160618222,-50.17925642634407,88.389331875,1,88.389331875,,gp,2,5.0,True,Petrone_etal_2016
GPRT59,2011-08-18,67.12443234359023,-50.179374316067175,88.69395374999999,1,88.69395374999999,,gp,2,5.0,True,Petrone_etal_2016
GPRT59,2011-08-18,67.12442604503156,-50.17945798524081,95.39563275,1,95.39563275,,gp,1,5.0,False,Petrone_etal_2016
GPRT59,2011-08-18,67.12441662489456,-50.17954521831433,104.6412725,1,104.6412725,,gp,1,5.0,False,Petrone_etal_2016
GPRT59,2011-08-18,67.12441338506096,-50.17961310695522,98.5488375,1,98.5488375,,gp,1,5.0,False,Petrone_etal_2016
GPRT59,2011-08-18,67.12440591016589,-50.1797297830963,105.31821,1,105.31821,,gp,1,5.0,False,Petrone_etal_2016
GPRT59,2011-08-18,67.1244010731544,-50.1798360723,103.964335,1,103.964335,,gp,3,5.0,True,Petrone_etal_2016
GPRT59,2011-08-18,67.1243990083147,-50.179958136341455,113.77992625000002,1,113.77992625000002,,gp,2,5.0,True,Petrone_etal_2016
GPRT59,2011-08-18,67.1244076112385,-50.18006124198186,125.6263275,1,125.6263275,,gp,1,5.0,False,Petrone_etal_2016
GPRT59,2011-08-18,67.12441732447687,-50.18020592256598,117.16461125000001,1,117.16461125000001,,gp,2,5.0,True,Petrone_etal_2016
GPRT59,2011-08-18,67.12442411148955,-50.18030482488956,131.7187625,1,131.7187625,,gp,1,5.0,False,Petrone_etal_2016
GPRT59,2011-08-18,67.12443316738188,-50.180408837580416,120.8681205,1,120.8681205,,gp,2,5.0,True,Petrone_etal_2016
GPRT59,2011-08-18,67.12445172794605,-50.18052947315829,120.069995625,1,120.069995625,,gp,2,5.0,True,Petrone_etal_2016
GPRT59,2011-08-18,67.12446656770456,-50.18062429909911,121.226235,1,121.226235,,gp,2,5.0,True,Petrone_etal_2016
GPRT59,2011-08-18,67.12447624320457,-50.1806742293173,124.94939000000001,1,124.94939000000001,,gp,1,5.0,False,Petrone_etal_2016
GPRT59,2011-08-18,67.12448734740528,-50.18074036433225,119.53389250000001,1,119.53389250000001,,gp,2,5.0,True,Petrone_etal_2016
GPRT59,2011-08-18,67.12451394767544,-50.18085438837527,103.96433499999999,1,103.96433499999999,,gp,1,5.0,False,Petrone_etal_2016
GPRT59,2011-08-18,67.12452862124638,-50.18091682935297,90.52168499999999,1,90.52168499999999,,gp,1,5.0,False,Petrone_etal_2016
GPRT59,2011-08-18,67.12454791809657,-50.18100616410339,101.7078775,1,101.7078775,,gp,3,5.0,True,Petrone_etal_2016
GPRT59,2011-08-18,67.1245812282832,-50.18111665721989,93.6552425,1,93.6552425,,gp,2,5.0,True,Petrone_etal_2016
GPRT59,2011-08-18,67.12462157788761,-50.18120036167154,105.33241075000001,1,105.33241075000001,,gp,2,5.0,True,Petrone_etal_2016
GPRT59,2011-08-18,67.1246542119455,-50.18126646043084,122.2416425,1,122.2416425,,gp,1,5.0,False,Petrone_etal_2016
GPRT59,2011-08-18,67.1246835850568,-50.18130892382524,115.500668625,1,115.500668625,,gp,2,5.0,True,Petrone_etal_2016
GPRT59,2011-08-18,67.12471671359039,-50.18138399734507,125.6263275,1,125.6263275,,gp,1,5.0,False,Petrone_etal_2016
GPRT59,2011-08-18,67.12475017425729,-50.18143635133186,122.2416425,1,122.2416425,,gp,1,5.0,False,Petrone_etal_2016
GPRT59,2011-08-18,67.12480313337036,-50.18152988956514,124.6109225,1,124.6109225,,gp,2,5.0,True,Petrone_etal_2016
GPRT59,2011-08-18,67.12484421619794,-50.18158164030559,127.65714,1,127.65714,,gp,1,5.0,False,Petrone_etal_2016
GPRT59,2011-08-18,67.12487128490551,-50.18161207876718,111.84520725,1,111.84520725,,gp,1,5.0,False,Petrone_etal_2016
GPRT59,2011-08-18,67.12490094880752,-50.18162375540737,110.62672087499999,1,110.62672087499999,,gp,2,5.0,True,Petrone_etal_2016
GPRT59,2011-08-18,67.12494249791625,-50.18162058260321,118.14072449999999,1,118.14072449999999,,gp,3,5.0,True,Petrone_etal_2016
GPRT59,2011-08-18,67.12499646569398,-50.181619141513096,118.242264375,1,118.242264375,,gp,2,5.0,True,Petrone_etal_2016
GPRT59,2011-08-18,67.12624950502986,-50.18184270603254,173.647679,1,173.647679,,gp,2,5.0,True,Petrone_etal_2016
GPRT59,2011-08-18,67.1263286037934,-50.18187288580165,146.527505,1,146.527505,,gp,1,5.0,False,Petrone_etal_2016
GPRT59,2011-08-18,67.12638249976445,-50.181886626058414,144.63287,1,144.63287,,gp,2,5.0,True,Petrone_etal_2016
GPRT59,2011-08-18,67.12642211552063,-50.1819146827765,153.52665825,1,153.52665825,,gp,1,5.0,False,Petrone_etal_2016
GPRT59,2011-08-18,67.1264528226558,-50.18195491461743,145.264415,1,145.264415,,gp,1,5.0,False,Petrone_etal_2016
GPRT62,2011-08-18,67.13499739855696,-50.166051798385524,31.018899,1,31.018899,,gp,3,5.0,True,Petrone_etal_2016
GPRT62,2011-08-18,67.13510312024573,-50.16608313355035,35.080521749999996,1,35.080521749999996,,gp,1,5.0,False,Petrone_etal_2016
GPRT62,2011-08-18,67.13513370441896,-50.16609903119852,40.86833624999999,1,40.86833624999999,,gp,2,5.0,True,Petrone_etal_2016
GPRT62,2011-08-18,67.13517103243646,-50.166117925357156,35.9943885,1,35.9943885,,gp,2,5.0,True,Petrone_etal_2016
GPRT62,2011-08-18,67.13522046605374,-50.16613582556521,38.126739375,1,38.126739375,,gp,2,5.0,True,Petrone_etal_2016
GPRT62,2011-08-18,67.13527124657335,-50.16615396770998,40.5637138125,1,40.5637138125,,gp,4,5.0,True,Petrone_etal_2016
GPRT62,2011-08-18,67.13532042380793,-50.16618004557128,40.766796,1,40.766796,,gp,3,5.0,True,Petrone_etal_2016
GPRT62,2011-08-18,67.13536301981384,-50.166205639276484,39.649849874999994,1,39.649849874999994,,gp,2,5.0,True,Petrone_etal_2016
GPRT62,2011-08-18,67.13540526912801,-50.16622209609343,47.0623125,1,47.0623125,,gp,3,5.0,True,Petrone_etal_2016
GPRT62,2011-08-18,67.13544885592302,-50.16623698844265,51.8347198125,1,51.8347198125,,gp,4,5.0,True,Petrone_etal_2016
GPRT62,2011-08-18,67.13550178682821,-50.16628042792745,46.1992168125,1,46.1992168125,,gp,4,5.0,True,Petrone_etal_2016
GPRT62,2011-08-18,67.1355390659355,-50.16630428324056,58.43485724999999,1,58.43485724999999,,gp,3,5.0,True,Petrone_etal_2016
GPRT62,2011-08-18,67.13558977200826,-50.16633682476735,72.6691622,1,72.6691622,,gp,3,5.0,True,Petrone_etal_2016
GPRT62,2011-08-18,67.13562576581941,-50.16635791834169,70.18057565,1,70.18057565,,gp,2,5.0,True,Petrone_etal_2016
GPRT62,2011-08-18,67.13565277665845,-50.1663767076225,55.794802499999996,1,55.794802499999996,,gp,1,5.0,False,Petrone_etal_2016
GPRT62,2011-08-18,67.13567407785216,-50.166390119765545,70.56860730000001,1,70.56860730000001,,gp,3,5.0,True,Petrone_etal_2016
GPRT71,2011-08-18,67.1353298792363,-50.16644496095227,43.000688249999996,1,43.000688249999996,,gp,3,5.0,True,Petrone_etal_2016
GPRT71,2011-08-18,67.13532231328735,-50.166312985485,40.157552249999995,1,40.157552249999995,,gp,3,5.0,True,Petrone_etal_2016
GPRT71,2011-08-18,67.13531701194982,-50.16619955656695,41.3252685,1,41.3252685,,gp,4,5.0,True,Petrone_etal_2016
GPRT71,2011-08-18,67.13531130336418,-50.16609406053235,43.305310125,1,43.305310125,,gp,2,5.0,True,Petrone_etal_2016
GPRT71,2011-08-18,67.1353080579718,-50.16598784532917,48.78850274999999,1,48.78850274999999,,gp,2,5.0,True,Petrone_etal_2016
GPRT71,2011-08-18,67.13530497490821,-50.16585544640762,46.04690625,1,46.04690625,,gp,3,5.0,True,Petrone_etal_2016
GPRT71,2011-08-18,67.1352877665059,-50.165623550492015,43.609932,1,43.609932,,gp,2,5.0,True,Petrone_etal_2016
GPRT71,2011-08-18,67.13527952988201,-50.16550643674726,46.35152775,1,46.35152775,,gp,2,5.0,True,Petrone_etal_2016
GPRT73,2011-08-18,67.13465309256883,-50.16554165965943,42.08682375,1,42.08682375,,gp,2,5.0,True,Petrone_etal_2016
GPRT73,2011-08-18,67.13464014222765,-50.16541520938726,40.9292604,1,40.9292604,,gp,5,5.0,True,Petrone_etal_2016
GPRT73,2011-08-18,67.13462987676263,-50.16530473051541,41.78220131249999,1,41.78220131249999,,gp,4,5.0,True,Petrone_etal_2016
GPRT73,2011-08-18,67.13461918603494,-50.16523308278549,40.259092499999994,1,40.259092499999994,,gp,2,5.0,True,Petrone_etal_2016
GPRT73,2011-08-18,67.13461488691148,-50.165182875230435,44.62533825,1,44.62533825,,gp,3,5.0,True,Petrone_etal_2016
GPRT73,2011-08-18,67.13460392479097,-50.16507645294568,44.828419049999994,1,44.828419049999994,,gp,5,5.0,True,Petrone_etal_2016
GPRT73,2011-08-18,67.13459309316397,-50.16496067773012,58.963296375,1,58.963296375,,gp,4,5.0,True,Petrone_etal_2016
GPRT73,2011-08-18,67.13457817362873,-50.16485233192765,72.03488593,1,72.03488593,,gp,5,5.0,True,Petrone_etal_2016
GPRT73,2011-08-18,67.13455875489025,-50.164741373998545,71.7553110375,1,71.7553110375,,gp,4,5.0,True,Petrone_etal_2016
GPRT73,2011-08-18,67.1345379945919,-50.16463121214491,59.1744312875,1,59.1744312875,,gp,4,5.0,True,Petrone_etal_2016
GPRT73,2011-08-18,67.13452990880013,-50.16454309975075,63.56775345,1,63.56775345,,gp,1,5.0,False,Petrone_etal_2016
GPRT74,2011-08-18,67.13444114750766,-50.16438126100965,68.360469475,1,68.360469475,,gp,2,5.0,True,Petrone_etal_2016
GPRT74,2011-08-18,67.13442750288058,-50.16451688524117,79.94286714999998,1,79.94286714999998,,gp,2,5.0,True,Petrone_etal_2016
GPRT74,2011-08-18,67.13442030149109,-50.164626609274514,88.33011933333334,1,88.33011933333334,,gp,3,5.0,True,Petrone_etal_2016
GPRT74,2011-08-18,67.13440982613099,-50.16473929082718,52.27078655,1,52.27078655,,gp,3,5.0,True,Petrone_etal_2016
GPRT74,2011-08-18,67.13439997806144,-50.16482896390724,49.093123500000004,1,49.093123500000004,,gp,2,5.0,True,Petrone_etal_2016
GPRT74,2011-08-18,67.1344005135462,-50.16493146306903,48.179257875,1,48.179257875,,gp,2,5.0,True,Petrone_etal_2016
GPRT74,2011-08-18,67.1343750452813,-50.16512215556931,49.70236725,1,49.70236725,,gp,2,5.0,True,Petrone_etal_2016
GPRT74,2011-08-18,67.13436259189395,-50.16522833184712,64.628834625,1,64.628834625,,gp,2,5.0,True,Petrone_etal_2016
GPRT74,2011-08-18,67.13435016432285,-50.16533946578221,43.00068825,1,43.00068825,,gp,1,5.0,False,Petrone_etal_2016
GPRT74,2011-08-18,67.13434756622993,-50.16535731436856,46.656150749999995,1,46.656150749999995,,gp,1,5.0,False,Petrone_etal_2016
GPRT74,2011-08-18,67.13434007984172,-50.16542687862899,38.431362375,1,38.431362375,,gp,4,5.0,True,Petrone_etal_2016
GPRT74,2011-08-18,67.13432936182632,-50.165536146727426,41.1729585,1,41.1729585,,gp,3,5.0,True,Petrone_etal_2016
GPRT74,2011-08-18,67.13431949651489,-50.1656512472805,36.299010374999995,1,36.299010374999995,,gp,4,5.0,True,Petrone_etal_2016
GPRT74,2011-08-18,67.1343100740401,-50.16573661899871,41.782200749999994,1,41.782200749999994,,gp,1,5.0,False,Petrone_etal_2016
GPRT74,2011-08-18,67.13429700993015,-50.16581179533765,38.1267405,1,38.1267405,,gp,1,5.0,False,Petrone_etal_2016
GPRT74,2011-08-18,67.13428811427084,-50.165894992293445,36.66455595,1,36.66455595,,gp,5,5.0,True,Petrone_etal_2016
GPRT74,2011-08-18,67.13427442617238,-50.165996736046296,33.7097244375,1,33.7097244375,,gp,4,5.0,True,Petrone_etal_2016
GPRT74,2011-08-18,67.13426430644941,-50.16607746115375,29.59733025,1,29.59733025,,gp,1,5.0,False,Petrone_etal_2016
GPRT74,2011-08-18,67.13425299334413,-50.1661443892651,40.2590925,1,40.2590925,,gp,2,5.0,True,Petrone_etal_2016
GPRT74,2011-08-18,67.13424230783713,-50.16621698466292,39.75138975,1,39.75138975,,gp,3,5.0,True,Petrone_etal_2016
GPRT74,2011-08-18,67.13422899499821,-50.16635918754585,41.172958125,1,41.172958125,,gp,4,5.0,True,Petrone_etal_2016
GPRT74,2011-08-18,67.1342203692753,-50.16642538856669,49.70236725,1,49.70236725,,gp,1,5.0,False,Petrone_etal_2016
GPRT74,2011-08-18,67.13421412522501,-50.1664895662812,61.70508736666667,1,61.70508736666667,,gp,3,5.0,True,Petrone_etal_2016
GPRT74,2011-08-18,67.13420302694719,-50.16659773168803,72.1750492,1,72.1750492,,gp,3,5.0,True,Petrone_etal_2016
GPRT74,2011-08-18,67.13419218389957,-50.166697508508186,87.09474783333333,1,87.09474783333333,,gp,3,5.0,True,Petrone_etal_2016
GPRT74,2011-08-18,67.13417683878608,-50.1668514854969,67.2018189,1,67.2018189,,gp,1,5.0,False,Petrone_etal_2016
GPRT74,2011-08-18,67.13416639164727,-50.16691250201393,68.7723139,1,68.7723139,,gp,1,5.0,False,Petrone_etal_2016
GPRT74,2011-08-18,67.13414124780326,-50.16716591160375,69.55755995000001,1,69.55755995000001,,gp,2,5.0,True,Petrone_etal_2016
GPRT74,2011-08-18,67.13412705564315,-50.16728298538446,63.66820515,1,63.66820515,,gp,2,5.0,True,Petrone_etal_2016
GPRT74,2011-08-18,67.13410537157273,-50.1674256865777,60.134594299999996,1,60.134594299999996,,gp,1,5.0,False,Petrone_etal_2016
GPRT75,2011-08-18,67.13409352286193,-50.16738988510785,53.8526143,1,53.8526143,,gp,1,5.0,False,Petrone_etal_2016
GPRT75,2011-08-18,67.13408523905957,-50.1673495789188,53.8526143,1,53.8526143,,gp,1,5.0,False,Petrone_etal_2016
GPRT75,2011-08-18,67.13407100264925,-50.16728595317784,61.116152225,1,61.116152225,,gp,4,5.0,True,Petrone_etal_2016
GPRT75,2011-08-18,67.13405222448299,-50.167211528845456,81.72889185,1,81.72889185,,gp,2,5.0,True,Petrone_etal_2016
GPRT75,2011-08-18,67.1340054902282,-50.16702298195884,74.681352,1,74.681352,,gp,1,5.0,False,Petrone_etal_2016
GPRT75,2011-08-18,67.13400086977428,-50.16699707967838,86.25697875,1,86.25697875,,gp,1,5.0,False,Petrone_etal_2016
GPRT75,2011-08-18,67.13398752775406,-50.16693296229607,117.33384562500001,1,117.33384562500001,,gp,4,5.0,True,Petrone_etal_2016
GPRT75,2011-08-18,67.13396179340556,-50.166843517987594,123.59551583333332,1,123.59551583333332,,gp,3,5.0,True,Petrone_etal_2016
GPRT75,2011-08-18,67.13394679332575,-50.16677684407797,129.01101500000001,1,129.01101500000001,,gp,1,5.0,False,Petrone_etal_2016
GPRT75,2011-08-18,67.1339215933333,-50.16667519666538,124.61092124999999,1,124.61092124999999,,gp,2,5.0,True,Petrone_etal_2016
GPRT76,2011-08-18,67.13402380032113,-50.165975281039536,121.90317250000001,1,121.90317250000001,,gp,2,5.0,True,Petrone_etal_2016
GPRT76,2011-08-18,67.13406741110713,-50.16599476471172,124.94939000000001,1,124.94939000000001,,gp,1,5.0,False,Petrone_etal_2016
GPRT76,2011-08-18,67.13409485301523,-50.16601019335,113.82797275000001,1,113.82797275000001,,gp,2,5.0,True,Petrone_etal_2016
GPRT76,2011-08-18,67.1341609857969,-50.16604781247468,44.21917575,1,44.21917575,,gp,1,5.0,False,Petrone_etal_2016
GPRT76,2011-08-18,67.13419541387148,-50.166043903853534,37.883043,1,37.883043,,gp,5,5.0,True,Petrone_etal_2016
GPRT76,2011-08-18,67.13423457609804,-50.166053270267504,39.751388999999996,1,39.751388999999996,,gp,3,5.0,True,Petrone_etal_2016
GPRT76,2011-08-18,67.13426963031165,-50.16606620712307,41.172957,1,41.172957,,gp,1,5.0,False,Petrone_etal_2016
GPRT76,2011-08-18,67.13429120083917,-50.16607391995504,33.6589545,1,33.6589545,,gp,3,5.0,True,Petrone_etal_2016
GPRT76,2011-08-18,67.13433098440478,-50.166090614601764,34.16665725,1,34.16665725,,gp,4,5.0,True,Petrone_etal_2016
GPRT76,2011-08-18,67.13437348002236,-50.16611129035387,38.126739375,1,38.126739375,,gp,2,5.0,True,Petrone_etal_2016
GPRT76,2011-08-18,67.13441680664768,-50.16613362885956,40.15755225,1,40.15755225,,gp,3,5.0,True,Petrone_etal_2016
GPRT76,2011-08-18,67.1344531022742,-50.16615524886746,41.78220075,1,41.78220075,,gp,2,5.0,True,Petrone_etal_2016
GPRT78,2011-08-18,67.13453250921228,-50.16452571213387,80.34225879999998,1,80.34225879999998,,gp,1,5.0,False,Petrone_etal_2016
GPRT78,2011-08-18,67.13451258374833,-50.16454669651548,75.28328118333333,1,75.28328118333333,,gp,3,5.0,True,Petrone_etal_2016
GPRT78,2011-08-18,67.13448703615032,-50.16457906095569,80.342260275,1,80.342260275,,gp,2,5.0,True,Petrone_etal_2016
GPRT78,2011-08-18,67.13445719554261,-50.164619645885296,84.7355817,1,84.7355817,,gp,2,5.0,True,Petrone_etal_2016
GPRT78,2011-08-18,67.13442381117261,-50.16466877133692,77.14711674999998,1,77.14711674999998,,gp,2,5.0,True,Petrone_etal_2016
GPRT78,2011-08-18,67.13439793505019,-50.16469549629621,65.16532595,1,65.16532595,,gp,1,5.0,False,Petrone_etal_2016
GPRT78,2011-08-18,67.13437028714498,-50.16472651070119,76.6145916,1,76.6145916,,gp,3,5.0,True,Petrone_etal_2016
GPRT81,2011-08-18,67.13537644909327,-50.16568461017499,48.48387975,1,48.48387975,,gp,1,5.0,False,Petrone_etal_2016
GPRT81,2011-08-18,67.13534766897806,-50.16567061113643,52.748585999999996,1,52.748585999999996,,gp,1,5.0,False,Petrone_etal_2016
GPRT81,2011-08-18,67.13531502421345,-50.16566097394615,45.031499999999994,1,45.031499999999994,,gp,3,5.0,True,Petrone_etal_2016
GPRT81,2011-08-18,67.13526313332486,-50.165630627754126,42.086822624999996,1,42.086822624999996,,gp,2,5.0,True,Petrone_etal_2016
GPRT81,2011-08-18,67.13522490530787,-50.16561118871611,43.609932,1,43.609932,,gp,2,5.0,True,Petrone_etal_2016
GPRT81,2011-08-18,67.13515885428237,-50.16558925005082,41.782200749999994,1,41.782200749999994,,gp,1,5.0,False,Petrone_etal_2016
GPRT81,2011-08-18,67.13512742608734,-50.165583530436166,39.345226874999994,1,39.345226874999994,,gp,2,5.0,True,Petrone_etal_2016
GPRT81,2011-08-18,67.13510497324954,-50.16557865437233,42.3914445,1,42.3914445,,gp,1,5.0,False,Petrone_etal_2016
GPRT81,2011-08-18,67.13504475349282,-50.16555674534792,37.51749675,1,37.51749675,,gp,3,5.0,True,Petrone_etal_2016
GPRT81,2011-08-18,67.13499621152847,-50.16553781623917,40.157553,1,40.157553,,gp,3,5.0,True,Petrone_etal_2016
GPRT81,2011-08-18,67.13494769744914,-50.16552422942398,45.437662125,1,45.437662125,,gp,2,5.0,True,Petrone_etal_2016
GPRT81,2011-08-18,67.13490189543681,-50.16551462373393,42.696066375,1,42.696066375,,gp,2,5.0,True,Petrone_etal_2016
GPRT81,2011-08-18,67.13486468893024,-50.165519021189965,45.133041375000005,1,45.133041375000005,,gp,2,5.0,True,Petrone_etal_2016
GPRT81,2011-08-18,67.13482296585383,-50.16551746251709,54.271694249999996,1,54.271694249999996,,gp,2,5.0,True,Petrone_etal_2016
GPRT81,2011-08-18,67.13477971620475,-50.16548124527787,52.748585999999996,1,52.748585999999996,,gp,1,5.0,False,Petrone_etal_2016
GPRT81,2011-08-18,67.13467286790724,-50.16546325217759,45.13304024999999,1,45.13304024999999,,gp,2,5.0,True,Petrone_etal_2016
GPRT81,2011-08-18,67.13463752550417,-50.16545240166903,38.1267405,1,38.1267405,,gp,3,5.0,True,Petrone_etal_2016
GPRT81,2011-08-18,67.13459871495715,-50.16543594336267,44.8284195,1,44.8284195,,gp,2,5.0,True,Petrone_etal_2016
GPRT81,2011-08-18,67.13454914561531,-50.165420702050255,43.000688249999996,1,43.000688249999996,,gp,3,5.0,True,Petrone_etal_2016
GPRT81,2011-08-18,67.13450041541505,-50.16542299866657,42.79760775,1,42.79760775,,gp,3,5.0,True,Petrone_etal_2016
GPRT81,2011-08-18,67.1344576073727,-50.16547137196066,41.78220075,1,41.78220075,,gp,2,5.0,True,Petrone_etal_2016
GPRT81,2011-08-18,67.13441693531664,-50.165499298536304,41.172958125,1,41.172958125,,gp,2,5.0,True,Petrone_etal_2016
GPRT81,2011-08-18,67.1343731035223,-50.16552341323252,36.90825412499999,1,36.90825412499999,,gp,2,5.0,True,Petrone_etal_2016
GPRT81,2011-08-18,67.13433329227828,-50.165544390859196,38.73598425,1,38.73598425,,gp,2,5.0,True,Petrone_etal_2016
GPRT81,2011-08-18,67.13428405881108,-50.16556484784502,39.7513905,1,39.7513905,,gp,3,5.0,True,Petrone_etal_2016
GPRT81,2011-08-18,67.13414147358817,-50.16557499497158,43.000688249999996,1,43.000688249999996,,gp,2,5.0,True,Petrone_etal_2016
GPRT81,2011-08-18,67.13411238281451,-50.165587414977566,53.6624505,1,53.6624505,,gp,2,5.0,True,Petrone_etal_2016
GPRT83,2011-08-18,67.134481189291,-50.16620836476805,47.874635999999995,1,47.874635999999995,,gp,1,5.0,False,Petrone_etal_2016
GPRT83,2011-08-18,67.13446089140012,-50.16610066544217,35.689766625000004,1,35.689766625000004,,gp,2,5.0,True,Petrone_etal_2016
GPRT83,2011-08-18,67.1343631816586,-50.16568496979565,39.040605,1,39.040605,,gp,2,5.0,True,Petrone_etal_2016
GPRT83,2011-08-18,67.13433246635785,-50.165558026859756,36.603631125,1,36.603631125,,gp,2,5.0,True,Petrone_etal_2016
GPRT83,2011-08-18,67.13429644640985,-50.165446027893125,43.305310125,1,43.305310125,,gp,2,5.0,True,Petrone_etal_2016
GPRT83,2011-08-18,67.13427229601768,-50.16537375006016,39.95447174999999,1,39.95447174999999,,gp,1,5.0,False,Petrone_etal_2016
GPRT83,2011-08-18,67.13414581056769,-50.16485942040932,70.75682675,1,70.75682675,,gp,1,5.0,False,Petrone_etal_2016
GPRT83,2011-08-18,67.13412686138724,-50.16475248432041,77.14711527499999,1,77.14711527499999,,gp,2,5.0,True,Petrone_etal_2016
GPRT83,2011-08-18,67.13411631350102,-50.16470822107095,67.5616847,1,67.5616847,,gp,1,5.0,False,Petrone_etal_2016
PT1,2011-08-18,67.13446712449772,-50.16427499717725,70.0,1,70.0,,tp,,,,Petrone_etal_2016
PT1,2011-08-18,67.13444312453144,-50.164430996312646,70.0,1,70.0,,tp,,,,Petrone_etal_2016
PT1,2011-08-18,67.13443312391114,-50.16464799686559,47.0,1,47.0,,tp,,,,Petrone_etal_2016
PT1,2011-08-18,67.13439412395736,-50.16491299757627,50.0,1,50.0,,tp,,,,Petrone_etal_2016
PT1,2011-08-18,67.13434612397108,-50.165266996600394,45.0,1,45.0,,tp,,,,Petrone_etal_2016
PT1,2011-08-18,67.13433212424584,-50.16555899577639,40.0,1,40.0,,tp,,,,Petrone_etal_2016
PT1,2011-08-18,67.13430812462079,-50.1657929957705,37.0,1,37.0,,tp,,,,Petrone_etal_2016
PT1,2011-08-18,67.1342741241001,-50.16608499650031,40.0,1,40.0,,tp,,,,Petrone_etal_2016
PT1,2011-08-18,67.1342481239475,-50.166249996273265,37.0,1,37.0,,tp,,,,Petrone_etal_2016
PT1,2011-08-18,67.13423612423581,-50.1665769972723,70.0,1,70.0,,tp,,,,Petrone_etal_2016
PT1,2011-08-18,67.13417312443566,-50.16695899646967,65.0,1,65.0,,tp,,,,Petrone_etal_2016
PT1,2011-08-18,67.13408112462724,-50.16741099738091,60.0,1,60.0,,tp,,,,Petrone_etal_2016
PT1,2011-08-18,67.13402112453844,-50.167858997078525,65.0,1,65.0,,tp,,,,Petrone_etal_2016
PT1,2011-08-18,67.13398812456784,-50.168067996344796,67.0,1,67.0,,tp,,,,Petrone_etal_2016
PT2,2011-08-18,67.12549912401654,-50.18389599784814,56.99999999999999,1,56.99999999999999,,tp,,,,Petrone_etal_2016
PT2,2011-08-18,67.12551512445114,-50.18380199763489,45.0,1,45.0,,tp,,,,Petrone_etal_2016
PT2,2011-08-18,67.12553112408504,-50.183677995776435,42.0,1,42.0,,tp,,,,Petrone_etal_2016
PT2,2011-08-18,67.12556512456307,-50.18354799605686,50.0,1,50.0,,tp,,,,Petrone_etal_2016
PT2,2011-08-18,67.12558912460221,-50.183412996217854,43.0,1,43.0,,tp,,,,Petrone_etal_2016
PT2,2011-08-18,67.12561212462269,-50.18327999646662,47.0,1,47.0,,tp,,,,Petrone_etal_2016
PT2,2011-08-18,67.12563312435262,-50.18310599583929,42.0,1,42.0,,tp,,,,Petrone_etal_2016
PT2,2011-08-18,67.12568512396133,-50.18294499789554,52.0,1,52.0,,tp,,,,Petrone_etal_2016
PT2,2011-08-18,67.12574912435313,-50.18277199711847,50.0,1,50.0,,tp,,,,Petrone_etal_2016
PT2,2011-08-18,67.125779124175,-50.18260099712384,67.0,1,67.0,,tp,,,,Petrone_etal_2016
PT2,2011-08-18,67.12581112467542,-50.18245899725504,47.0,1,47.0,,tp,,,,Petrone_etal_2016
PT2,2011-08-18,67.12582812407075,-50.18235999728058,46.0,1,46.0,,tp,,,,Petrone_etal_2016
PT2,2011-08-18,67.12586912429433,-50.18219999760568,59.0,1,59.0,,tp,,,,Petrone_etal_2016
PT2,2011-08-18,67.12589512423222,-50.182096997168216,59.0,1,59.0,,tp,,,,Petrone_etal_2016
PT2,2011-08-18,67.12594112427641,-50.18192799730771,50.0,1,50.0,,tp,,,,Petrone_etal_2016
PT2,2011-08-18,67.12594712427826,-50.18181799741603,48.0,1,48.0,,tp,,,,Petrone_etal_2016
PT2,2011-08-18,67.12598812396644,-50.18163399756643,122.0,1,122.0,,tp,,,,Petrone_etal_2016
PT2,2011-08-18,67.12596212410921,-50.18170699681254,70.0,1,70.0,,tp,,,,Petrone_etal_2016
PT3,2011-08-18,67.1341261245324,-50.165556997765336,50.0,1,50.0,,tp,,,,Petrone_etal_2016
PT3,2011-08-18,67.13443612430602,-50.16547199794225,40.0,1,40.0,,tp,,,,Petrone_etal_2016
PT3,2011-08-18,67.13452612448354,-50.16544999628668,35.0,1,35.0,,tp,,,,Petrone_etal_2016
PT3,2011-08-18,67.13462412452684,-50.16546399776062,30.0,1,30.0,,tp,,,,Petrone_etal_2016
PT3,2011-08-18,67.1347601245722,-50.16543399677286,50.0,1,50.0,,tp,,,,Petrone_etal_2016
PT3,2011-08-18,67.13485212388716,-50.16547599752301,55.00000000000001,1,55.00000000000001,,tp,,,,Petrone_etal_2016
PT3,2011-08-18,67.1349441246361,-50.16549799734965,40.0,1,40.0,,tp,,,,Petrone_etal_2016
PT3,2011-08-18,67.13501912413976,-50.16557199632344,35.0,1,35.0,,tp,,,,Petrone_etal_2016
PT3,2011-08-18,67.13514912412936,-50.165620997033415,40.0,1,40.0,,tp,,,,Petrone_etal_2016
PT3,2011-08-18,67.13523712397024,-50.16563099692198,35.0,1,35.0,,tp,,,,Petrone_etal_2016
PT3,2011-08-18,67.13532112472618,-50.16563999777383,35.0,1,35.0,,tp,,,,Petrone_etal_2016
PT4,2011-08-18,67.12436912445116,-50.18038499733399,60.0,1,60.0,,tp,,,,Petrone_etal_2016
PT4,2011-08-18,67.12434412426087,-50.18039899642886,60.0,1,60.0,,tp,,,,Petrone_etal_2016
PT4,2011-08-18,67.12429112392424,-50.18044499748703,60.0,1,60.0,,tp,,,,Petrone_etal_2016
PT4,2011-08-18,67.12421712427431,-50.18050199616194,52.0,1,52.0,,tp,,,,Petrone_etal_2016
PT4,2011-08-18,67.12411312431641,-50.18060699623289,55.00000000000001,1,55.00000000000001,,tp,,,,Petrone_etal_2016
PT4,2011-08-18,67.12400812437906,-50.18066499756757,60.0,1,60.0,,tp,,,,Petrone_etal_2016
PT4,2011-08-18,67.12389612474242,-50.18069699588384,70.0,1,70.0,,tp,,,,Petrone_etal_2016
PT4,2011-08-18,67.12380512471292,-50.180793996693104,52.0,1,52.0,,tp,,,,Petrone_etal_2016
PT4,2011-08-18,67.12372312465742,-50.18080199666941,50.0,1,50.0,,tp,,,,Petrone_etal_2016
PT4,2011-08-18,67.12366512444348,-50.18084899713427,50.0,1,50.0,,tp,,,,Petrone_etal_2016
PT4,2011-08-18,67.12355412463452,-50.180934996955216,40.0,1,40.0,,tp,,,,Petrone_etal_2016
PT4,2011-08-18,67.12347212429641,-50.180964995954575,30.0,1,30.0,,tp,,,,Petrone_etal_2016
PT4,2011-08-18,67.12339112406741,-50.18102699769405,35.0,1,35.0,,tp,,,,Petrone_etal_2016
PT4,2011-08-18,67.12327412421946,-50.18114499795449,55.00000000000001,1,55.00000000000001,,tp,,,,Petrone_etal_2016
PT4,2011-08-18,67.12306112468266,-50.181261996528576,80.0,1,80.0,,tp,,,,Petrone_etal_2016
PT4,2011-08-18,67.12299312418246,-50.181302995750194,87.0,1,87.0,,tp,,,,Petrone_etal_2016
PT4,2011-08-18,67.12290412407933,-50.18143199600766,80.0,1,80.0,,tp,,,,Petrone_etal_2016
PT4,2011-08-18,67.12261912398226,-50.1815989961297,60.0,1,60.0,,tp,,,,Petrone_etal_2016
PT5,2011-08-18,67.12389212422814,-50.183676997020754,67.0,1,67.0,,tp,,,,Petrone_etal_2016
PT5,2011-08-18,67.12385612428398,-50.18349499642258,56.99999999999999,1,56.99999999999999,,tp,,,,Petrone_etal_2016
PT5,2011-08-18,67.12382012449167,-50.183314997392365,60.0,1,60.0,,tp,,,,Petrone_etal_2016
PT5,2011-08-18,67.12377512408938,-50.18309799774427,55.00000000000001,1,55.00000000000001,,tp,,,,Petrone_etal_2016
PT5,2011-08-18,67.12372912436538,-50.18283299638745,50.0,1,50.0,,tp,,,,Petrone_etal_2016
PT5,2011-08-18,67.1236871246463,-50.182633996221135,50.0,1,50.0,,tp,,,,Petrone_etal_2016
PT5,2011-08-18,67.12364212446937,-50.18241599618045,50.0,1,50.0,,tp,,,,Petrone_etal_2016
PT5,2011-08-18,67.123585124271,-50.18217499657636,55.00000000000001,1,55.00000000000001,,tp,,,,Petrone_etal_2016
PT5,2011-08-18,67.12354112420599,-50.18197899639254,45.0,1,45.0,,tp,,,,Petrone_etal_2016
PT5,2011-08-18,67.12348412424991,-50.18161099687864,45.0,1,45.0,,tp,,,,Petrone_etal_2016
PT5,2011-08-18,67.12342412439946,-50.181353997320514,40.0,1,40.0,,tp,,,,Petrone_etal_2016
PT5,2011-08-18,67.12337112389898,-50.18109799779663,45.0,1,45.0,,tp,,,,Petrone_etal_2016
PT5,2011-08-18,67.12332012426076,-50.180873996013986,70.0,1,70.0,,tp,,,,Petrone_etal_2016
PT5,2011-08-18,67.12325512415448,-50.18066799634101,80.0,1,80.0,,tp,,,,Petrone_etal_2016
PT5,2011-08-18,67.1231781242044,-50.18044799615334,90.0,1,90.0,,tp,,,,Petrone_etal_2016
