date,source_two_node_mean_cm,source_node_id,source_probe_depth_cm,site_id,calm_site_code,source,lat,lon,method,pf_observed,thaw_depth,pf_depth,obs_limit,quality_flag_coord_site_level,quality_flag_possible_duplicate_or_overlap
2009-02-15,33.5,"[3,2]",34.0,"[3,2]",A16,Crater_Lake_AERT_2024,-62.985194444444446,-60.67911111111111,tp,1,34.0,34.0,,True,True
2009-02-15,33.5,"[3,3]",33.0,"[3,3]",A16,Crater_Lake_AERT_2024,-62.985194444444446,-60.67911111111111,tp,1,33.0,33.0,,True,True
2010-01-30,31.5,"[3,2]",33.0,"[3,2]",A16,Crater_Lake_AERT_2024,-62.985194444444446,-60.67911111111111,tp,1,33.0,33.0,,True,True
2010-01-30,31.5,"[3,3]",30.0,"[3,3]",A16,Crater_Lake_AERT_2024,-62.985194444444446,-60.67911111111111,tp,1,30.0,30.0,,True,True
2011-02-10,27.8,"[3,2]",29.5,"[3,2]",A16,Crater_Lake_AERT_2024,-62.985194444444446,-60.67911111111111,tp,1,29.5,29.5,,True,True
2011-02-10,27.8,"[3,3]",26.0,"[3,3]",A16,Crater_Lake_AERT_2024,-62.985194444444446,-60.67911111111111,tp,1,26.0,26.0,,True,True
2019-02-04,29.5,"[3,2]",29.5,"[3,2]",A16,Crater_Lake_AERT_2024,-62.985194444444446,-60.67911111111111,tp,1,29.5,29.5,,True,True
2019-02-04,29.5,"[3,3]",29.5,"[3,3]",A16,Crater_Lake_AERT_2024,-62.985194444444446,-60.67911111111111,tp,1,29.5,29.5,,True,True
2020-02-15,34.5,"[3,2]",34.0,"[3,2]",A16,Crater_Lake_AERT_2024,-62.985194444444446,-60.67911111111111,tp,1,34.0,34.0,,True,True
2020-02-15,34.5,"[3,3]",35.0,"[3,3]",A16,Crater_Lake_AERT_2024,-62.985194444444446,-60.67911111111111,tp,1,35.0,35.0,,True,True
