site_id,lat,lon,date,thaw_depth,pf_observed,source,method,langer_reported_ald_cm,obs_limit,pf_depth,quality_flag_obs_limit_assumed
101,58.7327461,-93.80279084,2018-07-21,41.0,1,Langer_etal_2020,tp,41.0,,41.0,False
101,58.7327461,-93.80279084,2019-07-29,47.0,1,Langer_etal_2020,tp,47.0,,47.0,False
102,58.73274222,-93.80288507,2018-07-21,52.0,1,Langer_etal_2020,tp,52.0,,52.0,False
102,58.73274222,-93.80288507,2019-07-29,58.0,1,Langer_etal_2020,tp,58.0,,58.0,False
103,58.73272882,-93.80295942,2018-07-21,77.0,1,Langer_etal_2020,tp,77.0,,77.0,False
103,58.73272882,-93.80295942,2019-07-29,80.0,1,Langer_etal_2020,tp,80.0,,80.0,False
104,58.73268072,-93.80324879,2018-07-21,115.0,1,Langer_etal_2020,tp,115.0,,115.0,False
104,58.73268072,-93.80324879,2019-07-29,78.0,1,Langer_etal_2020,tp,78.0,,78.0,False
105,58.7326864,-93.80339056,2018-07-21,145.0,1,Langer_etal_2020,tp,145.0,,145.0,False
105,58.7326864,-93.80339056,2019-07-29,128.0,1,Langer_etal_2020,tp,128.0,,128.0,False
106,58.73267697,-93.80351198,2018-07-21,85.0,1,Langer_etal_2020,tp,85.0,,85.0,False
106,58.73267697,-93.80351198,2019-07-29,78.0,1,Langer_etal_2020,tp,78.0,,78.0,False
107,58.73266516,-93.80355087,2018-07-21,70.0,1,Langer_etal_2020,tp,70.0,,70.0,False
107,58.73266516,-93.80355087,2019-07-29,43.0,1,Langer_etal_2020,tp,43.0,,43.0,False
108,58.73262614,-93.80368498,2018-07-21,35.0,1,Langer_etal_2020,tp,35.0,,35.0,False
108,58.73262614,-93.80368498,2019-07-29,38.0,1,Langer_etal_2020,tp,38.0,,38.0,False
109,58.73263723,-93.803762,2018-07-21,25.0,1,Langer_etal_2020,tp,25.0,,25.0,False
109,58.73263723,-93.803762,2019-07-29,26.0,1,Langer_etal_2020,tp,26.0,,26.0,False
110,58.7330051,-93.80380623,2018-07-21,50.0,1,Langer_etal_2020,tp,50.0,,50.0,False
110,58.7330051,-93.80380623,2019-07-29,51.0,1,Langer_etal_2020,tp,51.0,,51.0,False
111,58.73300662,-93.8036753,2018-07-21,43.0,1,Langer_etal_2020,tp,43.0,,43.0,False
111,58.73300662,-93.8036753,2019-07-29,47.0,1,Langer_etal_2020,tp,47.0,,47.0,False
112,58.73298068,-93.80351372,2018-07-21,121.0,1,Langer_etal_2020,tp,121.0,,121.0,False
112,58.73298068,-93.80351372,2019-07-29,180.0,1,Langer_etal_2020,tp,180.0,,180.0,False
113,58.73296981,-93.80341199,2018-07-21,122.0,1,Langer_etal_2020,tp,122.0,,122.0,False
113,58.73296981,-93.80341199,2019-07-29,,0,Langer_etal_2020,tp,200.0,200.0,,True
114,58.73296465,-93.80331221,2018-07-21,40.0,1,Langer_etal_2020,tp,40.0,,40.0,False
114,58.73296465,-93.80331221,2019-07-29,,0,Langer_etal_2020,tp,200.0,200.0,,True
115,58.73293563,-93.80324361,2018-07-21,41.0,1,Langer_etal_2020,tp,41.0,,41.0,False
115,58.73293563,-93.80324361,2019-07-29,43.0,1,Langer_etal_2020,tp,43.0,,43.0,False
116,58.73289727,-93.80315559,2018-07-21,145.0,1,Langer_etal_2020,tp,145.0,,145.0,False
116,58.73289727,-93.80315559,2019-07-29,,0,Langer_etal_2020,tp,200.0,200.0,,True
117,58.73288951,-93.80375604,2018-07-21,29.0,1,Langer_etal_2020,tp,29.0,,29.0,False
117,58.73288951,-93.80375604,2019-07-29,33.0,1,Langer_etal_2020,tp,33.0,,33.0,False
118,58.73294217,-93.80371213,2018-07-21,53.0,1,Langer_etal_2020,tp,53.0,,53.0,False
118,58.73294217,-93.80371213,2019-07-29,55.0,1,Langer_etal_2020,tp,55.0,,55.0,False
119,58.73306198,-93.80363484,2018-07-21,30.0,1,Langer_etal_2020,tp,30.0,,30.0,False
119,58.73306198,-93.80363484,2019-07-29,32.0,1,Langer_etal_2020,tp,32.0,,32.0,False
120,58.7330991,-93.8036407,2018-07-21,48.0,1,Langer_etal_2020,tp,48.0,,48.0,False
120,58.7330991,-93.8036407,2019-07-29,48.0,1,Langer_etal_2020,tp,48.0,,48.0,False
121,58.73212022,-93.80387839,2019-07-29,84.0,1,Langer_etal_2020,tp,84.0,,84.0,False
122,58.73217784,-93.80388382,2019-07-29,78.0,1,Langer_etal_2020,tp,78.0,,78.0,False
123,58.72822191,-93.83649662,2019-07-30,96.0,1,Langer_etal_2020,tp,96.0,,96.0,False
124,58.72812138,-93.83651515,2019-07-30,27.0,1,Langer_etal_2020,tp,27.0,,27.0,False
125,58.72811134,-93.83649476,2019-07-30,25.0,1,Langer_etal_2020,tp,25.0,,25.0,False
126,58.72799205,-93.83639018,2019-07-30,32.0,1,Langer_etal_2020,tp,32.0,,32.0,False
127,58.72784511,-93.83647698,2019-07-30,35.0,1,Langer_etal_2020,tp,35.0,,35.0,False
128,58.72776276,-93.83655805,2019-07-30,40.0,1,Langer_etal_2020,tp,40.0,,40.0,False
129,58.72766363,-93.83655991,2019-07-30,31.0,1,Langer_etal_2020,tp,31.0,,31.0,False
130,58.7276618,-93.83631873,2019-07-30,30.0,1,Langer_etal_2020,tp,30.0,,30.0,False
131,58.72763817,-93.83623409,2019-07-30,30.0,1,Langer_etal_2020,tp,30.0,,30.0,False
132,58.72761146,-93.83624257,2019-07-30,32.0,1,Langer_etal_2020,tp,32.0,,32.0,False
133,58.72756661,-93.83621799,2019-07-30,36.0,1,Langer_etal_2020,tp,36.0,,36.0,False
134,58.7275409,-93.83631346,2019-07-30,21.0,1,Langer_etal_2020,tp,21.0,,21.0,False
135,58.72756677,-93.83550294,2019-07-30,24.0,1,Langer_etal_2020,tp,24.0,,24.0,False
136,58.72758918,-93.83537551,2019-07-30,25.0,1,Langer_etal_2020,tp,25.0,,25.0,False
137,58.72755156,-93.83532847,2019-07-30,41.0,1,Langer_etal_2020,tp,41.0,,41.0,False
138,58.72754314,-93.83520179,2019-07-30,38.0,1,Langer_etal_2020,tp,38.0,,38.0,False
139,58.72800648,-93.8355982,2019-07-30,35.0,1,Langer_etal_2020,tp,35.0,,35.0,False
140,58.72803165,-93.83537586,2019-07-30,25.0,1,Langer_etal_2020,tp,25.0,,25.0,False
141,58.72702346,-93.83536177,2019-07-30,35.0,1,Langer_etal_2020,tp,35.0,,35.0,False
142,58.72696593,-93.83539588,2019-07-30,33.0,1,Langer_etal_2020,tp,33.0,,33.0,False
143,58.18452076,-94.14533646,2018-07-25,60.0,1,Langer_etal_2020,tp,60.0,,60.0,False
143,58.18452076,-94.14533646,2019-07-31,200.0,1,Langer_etal_2020,tp,200.0,,200.0,False
144,58.1845491,-94.14551534,2018-07-25,44.0,1,Langer_etal_2020,tp,44.0,,44.0,False
144,58.1845491,-94.14551534,2019-07-31,39.0,1,Langer_etal_2020,tp,39.0,,39.0,False
145,58.18455576,-94.14564859,2018-07-25,35.0,1,Langer_etal_2020,tp,35.0,,35.0,False
145,58.18455576,-94.14564859,2019-07-31,38.0,1,Langer_etal_2020,tp,38.0,,38.0,False
146,58.18459662,-94.14577679,2018-07-25,31.0,1,Langer_etal_2020,tp,31.0,,31.0,False
146,58.18459662,-94.14577679,2019-07-31,34.0,1,Langer_etal_2020,tp,34.0,,34.0,False
147,58.18460499,-94.1459221,2018-07-25,33.0,1,Langer_etal_2020,tp,33.0,,33.0,False
147,58.18460499,-94.1459221,2019-07-31,32.0,1,Langer_etal_2020,tp,32.0,,32.0,False
148,58.18460526,-94.14621296,2018-07-25,33.0,1,Langer_etal_2020,tp,33.0,,33.0,False
148,58.18460526,-94.14621296,2019-07-31,41.0,1,Langer_etal_2020,tp,41.0,,41.0,False
149,58.18460006,-94.14635067,2018-07-25,35.0,1,Langer_etal_2020,tp,35.0,,35.0,False
149,58.18460006,-94.14635067,2019-07-31,35.0,1,Langer_etal_2020,tp,35.0,,35.0,False
150,58.18457782,-94.14650921,2018-07-25,27.0,1,Langer_etal_2020,tp,27.0,,27.0,False
150,58.18457782,-94.14650921,2019-07-31,36.0,1,Langer_etal_2020,tp,36.0,,36.0,False
151,58.18456943,-94.14664083,2018-07-25,79.0,1,Langer_etal_2020,tp,79.0,,79.0,False
151,58.18456943,-94.14664083,2019-07-31,130.0,1,Langer_etal_2020,tp,130.0,,130.0,False
152,58.18439809,-94.1467729,2018-07-25,82.0,1,Langer_etal_2020,tp,82.0,,82.0,False
152,58.18439809,-94.1467729,2019-07-31,65.0,1,Langer_etal_2020,tp,65.0,,65.0,False
153,58.18439971,-94.14685457,2018-07-25,38.0,1,Langer_etal_2020,tp,38.0,,38.0,False
153,58.18439971,-94.14685457,2019-07-31,40.0,1,Langer_etal_2020,tp,40.0,,40.0,False
154,58.18439838,-94.14696102,2018-07-25,56.0,1,Langer_etal_2020,tp,56.0,,56.0,False
154,58.18439838,-94.14696102,2019-07-31,64.0,1,Langer_etal_2020,tp,64.0,,64.0,False
155,58.18441404,-94.14713556,2018-07-25,46.0,1,Langer_etal_2020,tp,46.0,,46.0,False
155,58.18441404,-94.14713556,2019-07-31,48.0,1,Langer_etal_2020,tp,48.0,,48.0,False
156,58.18443056,-94.1473118,2018-07-25,30.0,1,Langer_etal_2020,tp,30.0,,30.0,False
156,58.18443056,-94.1473118,2019-07-31,30.0,1,Langer_etal_2020,tp,30.0,,30.0,False
157,58.18442907,-94.14751993,2018-07-25,34.0,1,Langer_etal_2020,tp,34.0,,34.0,False
157,58.18442907,-94.14751993,2019-07-31,35.0,1,Langer_etal_2020,tp,35.0,,35.0,False
158,58.18443514,-94.14789103,2018-07-25,46.0,1,Langer_etal_2020,tp,46.0,,46.0,False
158,58.18443514,-94.14789103,2019-07-31,41.0,1,Langer_etal_2020,tp,41.0,,41.0,False
159,58.18451927,-94.14807855,2018-07-25,42.0,1,Langer_etal_2020,tp,42.0,,42.0,False
159,58.18451927,-94.14807855,2019-07-31,34.0,1,Langer_etal_2020,tp,34.0,,34.0,False
160,58.1845558,-94.14842247,2018-07-25,43.0,1,Langer_etal_2020,tp,43.0,,43.0,False
160,58.1845558,-94.14842247,2019-07-31,45.0,1,Langer_etal_2020,tp,45.0,,45.0,False
161,58.18200158,-94.14657489,2018-07-25,95.0,1,Langer_etal_2020,tp,95.0,,95.0,False
161,58.18200158,-94.14657489,2019-07-31,140.0,1,Langer_etal_2020,tp,140.0,,140.0,False
162,58.18195497,-94.14648585,2018-07-25,55.0,1,Langer_etal_2020,tp,55.0,,55.0,False
162,58.18195497,-94.14648585,2019-07-31,62.0,1,Langer_etal_2020,tp,62.0,,62.0,False
163,58.18193985,-94.14636234,2018-07-25,55.0,1,Langer_etal_2020,tp,55.0,,55.0,False
163,58.18193985,-94.14636234,2019-07-31,57.0,1,Langer_etal_2020,tp,57.0,,57.0,False
164,58.18192611,-94.14616446,2018-07-25,36.0,1,Langer_etal_2020,tp,36.0,,36.0,False
164,58.18192615,-94.14616431,2018-07-25,36.0,1,Langer_etal_2020,tp,36.0,,36.0,False
164,58.18192611,-94.14616446,2019-07-31,39.0,1,Langer_etal_2020,tp,39.0,,39.0,False
164,58.18192615,-94.14616431,2019-07-31,39.0,1,Langer_etal_2020,tp,39.0,,39.0,False
165,58.18186954,-94.14597816,2018-07-25,52.0,1,Langer_etal_2020,tp,52.0,,52.0,False
165,58.18186954,-94.14597816,2019-07-31,50.0,1,Langer_etal_2020,tp,50.0,,50.0,False
166,58.18197488,-94.14671056,2018-07-25,102.0,1,Langer_etal_2020,tp,102.0,,102.0,False
166,58.18197488,-94.14671056,2019-07-31,105.0,1,Langer_etal_2020,tp,105.0,,105.0,False
167,58.18197883,-94.14681802,2018-07-25,34.0,1,Langer_etal_2020,tp,34.0,,34.0,False
167,58.18197883,-94.14681802,2019-07-31,34.0,1,Langer_etal_2020,tp,34.0,,34.0,False
168,58.18198164,-94.14689757,2018-07-25,51.0,1,Langer_etal_2020,tp,51.0,,51.0,False
168,58.18198164,-94.14689757,2019-07-31,55.0,1,Langer_etal_2020,tp,55.0,,55.0,False
169,58.18199316,-94.1469837,2018-07-25,42.0,1,Langer_etal_2020,tp,42.0,,42.0,False
169,58.18199316,-94.1469837,2019-07-31,48.0,1,Langer_etal_2020,tp,48.0,,48.0,False
170,58.1820072,-94.14709824,2018-07-25,29.0,1,Langer_etal_2020,tp,29.0,,29.0,False
170,58.1820072,-94.14709824,2019-07-31,31.0,1,Langer_etal_2020,tp,31.0,,31.0,False
171,68.9253621,-148.8478903,2018-08-07,40.0,1,Langer_etal_2020,tp,40.0,,40.0,False
171,68.9253621,-148.8478903,2019-07-18,39.0,1,Langer_etal_2020,tp,39.0,,39.0,False
172,68.92532915,-148.8481671,2018-08-07,40.0,1,Langer_etal_2020,tp,40.0,,40.0,False
172,68.92532915,-148.8481671,2019-07-18,36.0,1,Langer_etal_2020,tp,36.0,,36.0,False
173,68.92531286,-148.8483296,2018-08-07,58.0,1,Langer_etal_2020,tp,58.0,,58.0,False
173,68.92531286,-148.8483296,2019-07-18,46.0,1,Langer_etal_2020,tp,46.0,,46.0,False
174,68.92529398,-148.8485249,2018-08-07,40.0,1,Langer_etal_2020,tp,40.0,,40.0,False
174,68.92529398,-148.8485249,2019-07-18,77.0,1,Langer_etal_2020,tp,77.0,,77.0,False
175,68.92525328,-148.8486961,2018-08-07,41.0,1,Langer_etal_2020,tp,41.0,,41.0,False
175,68.92525328,-148.8486961,2019-07-18,45.0,1,Langer_etal_2020,tp,45.0,,45.0,False
176,68.92515172,-148.8487256,2018-08-07,43.0,1,Langer_etal_2020,tp,43.0,,43.0,False
177,68.92511985,-148.8486103,2019-07-18,56.0,1,Langer_etal_2020,tp,56.0,,56.0,False
179,68.92520786,-148.8485967,2018-08-07,45.0,1,Langer_etal_2020,tp,45.0,,45.0,False
179,68.92520786,-148.8485967,2019-07-18,118.0,1,Langer_etal_2020,tp,118.0,,118.0,False
181,68.92523666,-148.8484866,2018-08-07,45.0,1,Langer_etal_2020,tp,45.0,,45.0,False
183,68.92523476,-148.8482394,2019-07-18,161.0,1,Langer_etal_2020,tp,161.0,,161.0,False
184,68.92518786,-148.848067,2018-08-07,37.0,1,Langer_etal_2020,tp,37.0,,37.0,False
184,68.92518786,-148.848067,2019-07-18,43.0,1,Langer_etal_2020,tp,43.0,,43.0,False
185,68.92515841,-148.8481528,2018-08-07,40.0,1,Langer_etal_2020,tp,40.0,,40.0,False
185,68.92515841,-148.8481528,2019-07-18,44.0,1,Langer_etal_2020,tp,44.0,,44.0,False
186,68.92515004,-148.8481904,2019-07-18,77.0,1,Langer_etal_2020,tp,77.0,,77.0,False
187,68.92513063,-148.8479755,2018-08-07,50.0,1,Langer_etal_2020,tp,50.0,,50.0,False
187,68.92513063,-148.8479755,2019-07-18,49.0,1,Langer_etal_2020,tp,49.0,,49.0,False
188,68.92511485,-148.8480504,2018-08-07,60.0,1,Langer_etal_2020,tp,60.0,,60.0,False
188,68.92511485,-148.8480504,2019-07-18,55.0,1,Langer_etal_2020,tp,55.0,,55.0,False
189,68.92510268,-148.8481013,2019-07-18,140.0,1,Langer_etal_2020,tp,140.0,,140.0,False
201,70.222958,-148.471329,2018-08-03,,0,Langer_etal_2020,tp,145.0,145.0,,True
201,70.222958,-148.471329,2019-07-20,40.0,1,Langer_etal_2020,tp,40.0,,40.0,False
202,70.222899,-148.471408,2018-08-03,55.0,1,Langer_etal_2020,tp,55.0,,55.0,False
202,70.222899,-148.471408,2019-07-20,52.0,1,Langer_etal_2020,tp,52.0,,52.0,False
203,70.22286,-148.471484,2018-08-03,65.0,1,Langer_etal_2020,tp,65.0,,65.0,False
203,70.22286,-148.471484,2019-07-20,61.0,1,Langer_etal_2020,tp,61.0,,61.0,False
204,70.222771,-148.471567,2018-08-03,63.0,1,Langer_etal_2020,tp,63.0,,63.0,False
204,70.222771,-148.471567,2019-07-20,62.0,1,Langer_etal_2020,tp,62.0,,62.0,False
205,70.222608,-148.471772,2018-08-03,50.0,1,Langer_etal_2020,tp,50.0,,50.0,False
205,70.222608,-148.471772,2019-07-20,43.0,1,Langer_etal_2020,tp,43.0,,43.0,False
206,70.222682,-148.472138,2018-08-03,55.0,1,Langer_etal_2020,tp,55.0,,55.0,False
206,70.222682,-148.472138,2019-07-20,57.0,1,Langer_etal_2020,tp,57.0,,57.0,False
207,70.222762,-148.471934,2018-08-03,62.0,1,Langer_etal_2020,tp,62.0,,62.0,False
208,70.222877,-148.471815,2018-08-03,51.0,1,Langer_etal_2020,tp,51.0,,51.0,False
208,70.222877,-148.471815,2019-07-20,52.0,1,Langer_etal_2020,tp,52.0,,52.0,False
209,70.222957,-148.471766,2018-08-03,62.0,1,Langer_etal_2020,tp,62.0,,62.0,False
209,70.222957,-148.471766,2019-07-20,62.0,1,Langer_etal_2020,tp,62.0,,62.0,False
210,70.223016,-148.47173,2018-08-03,,0,Langer_etal_2020,tp,145.0,145.0,,True
210,70.223016,-148.47173,2019-07-20,51.0,1,Langer_etal_2020,tp,51.0,,51.0,False
211,70.223138,-148.471537,2018-08-03,80.0,1,Langer_etal_2020,tp,80.0,,80.0,False
211,70.223138,-148.471537,2019-07-20,42.0,1,Langer_etal_2020,tp,42.0,,42.0,False
212,70.223195,-148.471499,2018-08-03,60.0,1,Langer_etal_2020,tp,60.0,,60.0,False
212,70.223195,-148.471499,2019-07-20,55.0,1,Langer_etal_2020,tp,55.0,,55.0,False
213,70.223238,-148.471439,2018-08-03,50.0,1,Langer_etal_2020,tp,50.0,,50.0,False
213,70.223238,-148.471439,2019-07-20,44.0,1,Langer_etal_2020,tp,44.0,,44.0,False
214,70.223345,-148.471256,2018-08-03,51.0,1,Langer_etal_2020,tp,51.0,,51.0,False
214,70.223345,-148.471256,2019-07-20,53.0,1,Langer_etal_2020,tp,53.0,,53.0,False
215,70.223404,-148.471204,2018-08-03,57.0,1,Langer_etal_2020,tp,57.0,,57.0,False
215,70.223404,-148.471204,2019-07-20,58.0,1,Langer_etal_2020,tp,58.0,,58.0,False
216,70.223452,-148.470699,2018-08-03,51.0,1,Langer_etal_2020,tp,51.0,,51.0,False
216,70.223452,-148.470699,2019-07-20,50.0,1,Langer_etal_2020,tp,50.0,,50.0,False
217,70.223401,-148.47065,2018-08-03,53.0,1,Langer_etal_2020,tp,53.0,,53.0,False
217,70.223401,-148.47065,2019-07-20,48.0,1,Langer_etal_2020,tp,48.0,,48.0,False
218,70.223312,-148.4707,2018-08-03,56.0,1,Langer_etal_2020,tp,56.0,,56.0,False
218,70.223312,-148.4707,2019-07-20,58.0,1,Langer_etal_2020,tp,58.0,,58.0,False
219,70.223203,-148.47067,2018-08-03,54.0,1,Langer_etal_2020,tp,54.0,,54.0,False
219,70.223203,-148.47067,2019-07-20,47.0,1,Langer_etal_2020,tp,47.0,,47.0,False
220,70.223059,-148.470643,2018-08-03,59.0,1,Langer_etal_2020,tp,59.0,,59.0,False
220,70.223059,-148.470643,2019-07-20,59.0,1,Langer_etal_2020,tp,59.0,,59.0,False
221,70.20393057,-148.4590206,2019-07-20,80.0,1,Langer_etal_2020,tp,80.0,,80.0,False
222,70.20401051,-148.4590951,2019-07-20,66.0,1,Langer_etal_2020,tp,66.0,,66.0,False
223,70.20403594,-148.4591203,2019-07-20,56.0,1,Langer_etal_2020,tp,56.0,,56.0,False
224,70.20406609,-148.4591507,2019-07-20,61.0,1,Langer_etal_2020,tp,61.0,,61.0,False
225,70.2041532,-148.4592319,2019-07-20,60.0,1,Langer_etal_2020,tp,60.0,,60.0,False
226,70.20423681,-148.4593489,2019-07-20,39.0,1,Langer_etal_2020,tp,39.0,,39.0,False
227,70.20424903,-148.4593788,2019-07-20,52.0,1,Langer_etal_2020,tp,52.0,,52.0,False
229,70.20414154,-148.459675,2019-07-20,50.0,1,Langer_etal_2020,tp,50.0,,50.0,False
230,70.20405611,-148.4595817,2019-07-20,57.0,1,Langer_etal_2020,tp,57.0,,57.0,False
231,70.20396873,-148.4594915,2019-07-20,57.0,1,Langer_etal_2020,tp,57.0,,57.0,False
232,70.20389896,-148.4594566,2019-07-20,73.0,1,Langer_etal_2020,tp,73.0,,73.0,False
233,70.20405409,-148.4598457,2019-07-20,48.0,1,Langer_etal_2020,tp,48.0,,48.0,False
234,70.20405653,-148.4594133,2019-07-20,55.0,1,Langer_etal_2020,tp,55.0,,55.0,False
235,70.20407457,-148.4593713,2019-07-20,65.0,1,Langer_etal_2020,tp,65.0,,65.0,False
236,70.20410151,-148.4590164,2019-07-20,56.0,1,Langer_etal_2020,tp,56.0,,56.0,False
237,70.20410018,-148.4589435,2019-07-20,53.0,1,Langer_etal_2020,tp,53.0,,53.0,False
238,70.20404535,-148.4591342,2019-07-20,66.0,1,Langer_etal_2020,tp,66.0,,66.0,False
239,70.20401997,-148.4591147,2019-07-20,60.0,1,Langer_etal_2020,tp,60.0,,60.0,False
240,70.20397644,-148.4590656,2019-07-20,65.0,1,Langer_etal_2020,tp,65.0,,65.0,False
241,70.09919754,-148.5120762,2018-08-04,80.0,1,Langer_etal_2020,tp,80.0,,80.0,False
241,70.09919754,-148.5120762,2019-07-20,79.0,1,Langer_etal_2020,tp,79.0,,79.0,False
242,70.09922616,-148.5123121,2018-08-04,60.0,1,Langer_etal_2020,tp,60.0,,60.0,False
242,70.09922616,-148.5123121,2019-07-20,57.0,1,Langer_etal_2020,tp,57.0,,57.0,False
243,70.09927101,-148.5128278,2018-08-04,53.0,1,Langer_etal_2020,tp,53.0,,53.0,False
243,70.09927101,-148.5128278,2019-07-20,48.0,1,Langer_etal_2020,tp,48.0,,48.0,False
244,70.09949839,-148.513873,2018-08-04,55.0,1,Langer_etal_2020,tp,55.0,,55.0,False
244,70.09949839,-148.513873,2019-07-20,46.0,1,Langer_etal_2020,tp,46.0,,46.0,False
245,70.0998658,-148.5155303,2018-08-04,50.0,1,Langer_etal_2020,tp,50.0,,50.0,False
245,70.0998658,-148.5155303,2019-07-20,31.0,1,Langer_etal_2020,tp,31.0,,31.0,False
246,70.10000326,-148.5161667,2018-08-04,55.0,1,Langer_etal_2020,tp,55.0,,55.0,False
246,70.10000326,-148.5161667,2019-07-20,55.0,1,Langer_etal_2020,tp,55.0,,55.0,False
247,70.10008675,-148.5163851,2018-08-04,48.0,1,Langer_etal_2020,tp,48.0,,48.0,False
247,70.10008675,-148.5163851,2019-07-20,46.0,1,Langer_etal_2020,tp,46.0,,46.0,False
248,70.1001258,-148.5166579,2018-08-04,50.0,1,Langer_etal_2020,tp,50.0,,50.0,False
248,70.1001258,-148.5166579,2019-07-20,47.0,1,Langer_etal_2020,tp,47.0,,47.0,False
249,70.10016058,-148.5169047,2018-08-04,54.0,1,Langer_etal_2020,tp,54.0,,54.0,False
249,70.10016058,-148.5169047,2019-07-20,48.0,1,Langer_etal_2020,tp,48.0,,48.0,False
250,70.10025953,-148.5174722,2018-08-04,43.0,1,Langer_etal_2020,tp,43.0,,43.0,False
251,70.1007937,-148.5159176,2018-08-04,46.0,1,Langer_etal_2020,tp,46.0,,46.0,False
252,70.10080415,-148.5159117,2018-08-04,36.0,1,Langer_etal_2020,tp,36.0,,36.0,False
253,70.10081468,-148.5159027,2018-08-04,43.0,1,Langer_etal_2020,tp,43.0,,43.0,False
254,70.10082946,-148.5159145,2018-08-04,80.0,1,Langer_etal_2020,tp,80.0,,80.0,False
255,70.10086069,-148.5159876,2018-08-04,43.0,1,Langer_etal_2020,tp,43.0,,43.0,False
256,70.0994695,-148.5109307,2018-08-04,69.0,1,Langer_etal_2020,tp,69.0,,69.0,False
256,70.0994695,-148.5109307,2019-07-20,63.0,1,Langer_etal_2020,tp,63.0,,63.0,False
257,70.0994306,-148.5106846,2018-08-04,62.0,1,Langer_etal_2020,tp,62.0,,62.0,False
257,70.0994306,-148.5106846,2019-07-20,54.0,1,Langer_etal_2020,tp,54.0,,54.0,False
258,70.09937338,-148.510448,2018-08-04,67.0,1,Langer_etal_2020,tp,67.0,,67.0,False
258,70.09937338,-148.510448,2019-07-20,44.0,1,Langer_etal_2020,tp,44.0,,44.0,False
259,70.09930205,-148.5100836,2018-08-04,54.0,1,Langer_etal_2020,tp,54.0,,54.0,False
259,70.09930205,-148.5100836,2019-07-20,45.0,1,Langer_etal_2020,tp,45.0,,45.0,False
260,70.09921197,-148.5094409,2018-08-04,53.0,1,Langer_etal_2020,tp,53.0,,53.0,False
261,69.31655788,-148.7295739,2018-08-06,85.0,1,Langer_etal_2020,tp,85.0,,85.0,False
261,69.31655788,-148.7295739,2019-07-19,33.0,1,Langer_etal_2020,tp,33.0,,33.0,False
262,69.31662823,-148.7292173,2018-08-06,55.0,1,Langer_etal_2020,tp,55.0,,55.0,False
262,69.31662823,-148.7292173,2019-07-19,22.0,1,Langer_etal_2020,tp,22.0,,22.0,False
263,69.31650362,-148.7289268,2018-08-06,35.0,1,Langer_etal_2020,tp,35.0,,35.0,False
264,69.31659305,-148.7287087,2018-08-06,65.0,1,Langer_etal_2020,tp,65.0,,65.0,False
264,69.31659305,-148.7287087,2019-07-19,23.0,1,Langer_etal_2020,tp,23.0,,23.0,False
265,69.31662864,-148.72843,2018-08-06,55.0,1,Langer_etal_2020,tp,55.0,,55.0,False
265,69.31662864,-148.72843,2019-07-19,24.0,1,Langer_etal_2020,tp,24.0,,24.0,False
266,69.31664318,-148.7279718,2018-08-06,75.0,1,Langer_etal_2020,tp,75.0,,75.0,False
266,69.31664318,-148.7279718,2019-07-19,58.0,1,Langer_etal_2020,tp,58.0,,58.0,False
267,69.31665584,-148.727541,2018-08-06,65.0,1,Langer_etal_2020,tp,65.0,,65.0,False
267,69.31665584,-148.727541,2019-07-19,69.0,1,Langer_etal_2020,tp,69.0,,69.0,False
268,69.316657,-148.7270735,2018-08-06,85.0,1,Langer_etal_2020,tp,85.0,,85.0,False
268,69.316657,-148.7270735,2019-07-19,25.0,1,Langer_etal_2020,tp,25.0,,25.0,False
269,69.31664395,-148.7263452,2018-08-06,90.0,1,Langer_etal_2020,tp,90.0,,90.0,False
269,69.31664395,-148.7263452,2019-07-19,97.0,1,Langer_etal_2020,tp,97.0,,97.0,False
270,69.31659216,-148.7255859,2018-08-06,42.0,1,Langer_etal_2020,tp,42.0,,42.0,False
270,69.31659216,-148.7255859,2019-07-19,39.0,1,Langer_etal_2020,tp,39.0,,39.0,False
271,69.31659847,-148.7254828,2018-08-06,45.0,1,Langer_etal_2020,tp,45.0,,45.0,False
271,69.31659847,-148.7254828,2019-07-19,32.0,1,Langer_etal_2020,tp,32.0,,32.0,False
272,69.31651611,-148.7251133,2018-08-06,55.0,1,Langer_etal_2020,tp,55.0,,55.0,False
272,69.31651611,-148.7251133,2019-07-19,56.0,1,Langer_etal_2020,tp,56.0,,56.0,False
273,69.31644765,-148.7245675,2018-08-06,30.0,1,Langer_etal_2020,tp,30.0,,30.0,False
273,69.31644765,-148.7245675,2019-07-19,33.0,1,Langer_etal_2020,tp,33.0,,33.0,False
274,69.31642637,-148.7245284,2018-08-06,40.0,1,Langer_etal_2020,tp,40.0,,40.0,False
274,69.31642637,-148.7245284,2019-07-19,39.0,1,Langer_etal_2020,tp,39.0,,39.0,False
275,69.31640608,-148.723483,2018-08-06,48.0,1,Langer_etal_2020,tp,48.0,,48.0,False
275,69.31640608,-148.723483,2019-07-19,43.0,1,Langer_etal_2020,tp,43.0,,43.0,False
276,69.31640434,-148.7234305,2018-08-06,43.0,1,Langer_etal_2020,tp,43.0,,43.0,False
276,69.31640434,-148.7234305,2019-07-19,48.0,1,Langer_etal_2020,tp,48.0,,48.0,False
277,69.31661805,-148.7227564,2018-08-06,35.0,1,Langer_etal_2020,tp,35.0,,35.0,False
277,69.31661805,-148.7227564,2019-07-19,34.0,1,Langer_etal_2020,tp,34.0,,34.0,False
278,69.31665534,-148.7225632,2018-08-06,55.0,1,Langer_etal_2020,tp,55.0,,55.0,False
278,69.31665534,-148.7225632,2019-07-19,58.0,1,Langer_etal_2020,tp,58.0,,58.0,False
279,69.31668958,-148.7223064,2018-08-06,38.0,1,Langer_etal_2020,tp,38.0,,38.0,False
279,69.31668958,-148.7223064,2019-07-19,44.0,1,Langer_etal_2020,tp,44.0,,44.0,False
280,69.31670339,-148.7220969,2018-08-06,73.0,1,Langer_etal_2020,tp,73.0,,73.0,False
280,69.31670339,-148.7220969,2019-07-19,78.0,1,Langer_etal_2020,tp,78.0,,78.0,False
281,69.31582019,-148.7199202,2018-08-06,,0,Langer_etal_2020,tp,145.0,145.0,,True
282,69.31588929,-148.7201907,2018-08-06,90.0,1,Langer_etal_2020,tp,90.0,,90.0,False
282,69.31588929,-148.7201907,2019-07-19,89.0,1,Langer_etal_2020,tp,89.0,,89.0,False
283,69.31596216,-148.7203379,2018-08-06,85.0,1,Langer_etal_2020,tp,85.0,,85.0,False
283,69.31596216,-148.7203379,2019-07-19,86.0,1,Langer_etal_2020,tp,86.0,,86.0,False
284,69.31601001,-148.7204844,2018-08-06,,0,Langer_etal_2020,tp,145.0,145.0,,True
284,69.31601001,-148.7204844,2019-07-19,123.0,1,Langer_etal_2020,tp,123.0,,123.0,False
285,69.31603353,-148.7204844,2018-08-06,74.0,1,Langer_etal_2020,tp,74.0,,74.0,False
285,69.31603353,-148.7204844,2019-07-19,77.0,1,Langer_etal_2020,tp,77.0,,77.0,False
286,69.31609161,-148.7206566,2018-08-06,100.0,1,Langer_etal_2020,tp,100.0,,100.0,False
286,69.31609161,-148.7206566,2019-07-19,128.0,1,Langer_etal_2020,tp,128.0,,128.0,False
287,69.31611387,-148.7208111,2018-08-06,,0,Langer_etal_2020,tp,145.0,145.0,,True
287,69.31611387,-148.7208111,2019-07-19,124.0,1,Langer_etal_2020,tp,124.0,,124.0,False
288,69.31616591,-148.7209795,2019-07-19,134.0,1,Langer_etal_2020,tp,134.0,,134.0,False
289,69.31615925,-148.721233,2019-07-19,97.0,1,Langer_etal_2020,tp,97.0,,97.0,False
290,69.31611365,-148.721759,2019-07-19,64.0,1,Langer_etal_2020,tp,64.0,,64.0,False
