site_id,bonnaventure_point_type,pf_observed,lat,lon,source,date,pf_depth,thaw_depth,obs_limit,method,bonnaventure_published_site_count,bonnaventure_shared_site_count,bonnaventure_protocol_limit_cm,quality_flag_obs_limit_assumed,quality_flag_upper_bound_presence,quality_flag_date_assigned,quality_flag_date_source_approximate,quality_flag_model_or_estimate
PP1,WPT,0,63.14535798,-117.259435,Bonnaventure_Whati,2019-08-15,,,150.0,temp,139,145,150.0,True,False,True,True,True
PP100,WPT,1,63.16156204,-117.145101,Bonnaventure_Whati,2019-08-15,,,,temp,139,145,150.0,False,True,True,True,True
PP101,WPT,1,63.16054498,-117.142397,Bonnaventure_Whati,2019-08-15,,,,temp,139,145,150.0,False,True,True,True,True
PP102,WPT,0,63.16002103,-117.140135,Bonnaventure_Whati,2019-08-15,,,150.0,temp,139,145,150.0,True,False,True,True,True
PP103,WPT,1,63.160318,-117.139683,Bonnaventure_Whati,2019-08-15,,,,temp,139,145,150.0,False,True,True,True,True
PP104,WPT,1,63.16781703,-117.172895,Bonnaventure_Whati,2019-08-15,,,,temp,139,145,150.0,False,True,True,True,True
PP105,WPT,0,63.16705101,-117.17235,Bonnaventure_Whati,2019-08-15,,,150.0,temp,139,145,150.0,True,False,True,True,True
PP106,WPT,0,63.16649797,-117.170869,Bonnaventure_Whati,2019-08-15,,,150.0,temp,139,145,150.0,True,False,True,True,True
PP107,WPT,0,63.16573396,-117.170554,Bonnaventure_Whati,2019-08-15,,,150.0,temp,139,145,150.0,True,False,True,True,True
PP108,WPT,1,63.16495403,-117.171086,Bonnaventure_Whati,2019-08-15,,,,temp,139,145,150.0,False,True,True,True,True
PP11,WPT,1,63.14965203,-117.264177,Bonnaventure_Whati,2019-08-15,,,,temp,139,145,150.0,False,True,True,True,True
PP110,WPT,0,63.14512404,-117.266871,Bonnaventure_Whati,2019-08-15,,,150.0,temp,139,145,150.0,True,False,True,True,True
PP113,WPT,0,63.13994897,-117.241351,Bonnaventure_Whati,2019-08-15,,,150.0,temp,139,145,150.0,True,False,True,True,True
PP114,WPT,1,63.13962299,-117.240897,Bonnaventure_Whati,2019-08-15,,,,temp,139,145,150.0,False,True,True,True,True
PP115,WPT,1,63.13924899,-117.240594,Bonnaventure_Whati,2019-08-15,,,,temp,139,145,150.0,False,True,True,True,True
PP116,WPT,0,63.13905898,-117.239189,Bonnaventure_Whati,2019-08-15,,,150.0,temp,139,145,150.0,True,False,True,True,True
PP117,WPT,1,63.13837904,-117.238727,Bonnaventure_Whati,2019-08-15,,,,temp,139,145,150.0,False,True,True,True,True
PP118,WPT,1,63.13744102,-117.240269,Bonnaventure_Whati,2019-08-15,,,,temp,139,145,150.0,False,True,True,True,True
PP119,WPT,1,63.13726299,-117.24016,Bonnaventure_Whati,2019-08-15,,,,temp,139,145,150.0,False,True,True,True,True
PP12,WPT,1,63.14937299,-117.264438,Bonnaventure_Whati,2019-08-15,,,,temp,139,145,150.0,False,True,True,True,True
PP120,WPT,1,63.13703299,-117.239751,Bonnaventure_Whati,2019-08-15,,,,temp,139,145,150.0,False,True,True,True,True
PP121,WPT,1,63.13614199,-117.239615,Bonnaventure_Whati,2019-08-15,,,,temp,139,145,150.0,False,True,True,True,True
PP122,WPT,1,63.13532098,-117.240741,Bonnaventure_Whati,2019-08-15,,,,temp,139,145,150.0,False,True,True,True,True
PP123,WPT,1,63.13501596,-117.241412,Bonnaventure_Whati,2019-08-15,,,,temp,139,145,150.0,False,True,True,True,True
PP124,WPT,1,63.13460701,-117.242427,Bonnaventure_Whati,2019-08-15,,,,temp,139,145,150.0,False,True,True,True,True
PP125,WPT,0,63.15171003,-117.27132,Bonnaventure_Whati,2019-08-15,,,150.0,temp,139,145,150.0,True,False,True,True,True
PP127,WPT,0,63.14663404,-117.265957,Bonnaventure_Whati,2019-08-15,,,150.0,temp,139,145,150.0,True,False,True,True,True
PP128,WPT,0,63.144729,-117.271103,Bonnaventure_Whati,2019-08-15,,,150.0,temp,139,145,150.0,True,False,True,True,True
PP13,WPT,1,63.14920099,-117.264927,Bonnaventure_Whati,2019-08-15,,,,temp,139,145,150.0,False,True,True,True,True
PP130,WPT,0,63.14320601,-117.273858,Bonnaventure_Whati,2019-08-15,,,150.0,temp,139,145,150.0,True,False,True,True,True
PP131,WPT,0,63.142414,-117.268601,Bonnaventure_Whati,2019-08-15,,,150.0,temp,139,145,150.0,True,False,True,True,True
PP132,WPT,1,63.14211703,-117.268573,Bonnaventure_Whati,2019-08-15,,,,temp,139,145,150.0,False,True,True,True,True
PP133,WPT,0,63.14177496,-117.268794,Bonnaventure_Whati,2019-08-15,,,150.0,temp,139,145,150.0,True,False,True,True,True
PP134,WPT,1,63.14131496,-117.268534,Bonnaventure_Whati,2019-08-15,,,,temp,139,145,150.0,False,True,True,True,True
PP135,WPT,1,63.14069797,-117.266841,Bonnaventure_Whati,2019-08-15,,,,temp,139,145,150.0,False,True,True,True,True
PP136,WPT,1,63.14032598,-117.266267,Bonnaventure_Whati,2019-08-15,,,,temp,139,145,150.0,False,True,True,True,True
PP137,WPT,0,63.13957899,-117.259166,Bonnaventure_Whati,2019-08-15,,,150.0,temp,139,145,150.0,True,False,True,True,True
PP138,WPT,0,63.13939501,-117.260091,Bonnaventure_Whati,2019-08-15,,,150.0,temp,139,145,150.0,True,False,True,True,True
PP14,WPT,0,63.14975504,-117.267406,Bonnaventure_Whati,2019-08-15,,,150.0,temp,139,145,150.0,True,False,True,True,True
PP15,WPT,1,63.15002401,-117.266637,Bonnaventure_Whati,2019-08-15,,,,temp,139,145,150.0,False,True,True,True,True
PP16,WPT,1,63.150684,-117.26628,Bonnaventure_Whati,2019-08-15,,,,temp,139,145,150.0,False,True,True,True,True
PP18,WPT,0,63.14775998,-117.264041,Bonnaventure_Whati,2019-08-15,,,150.0,temp,139,145,150.0,True,False,True,True,True
PP19,WPT,0,63.14758002,-117.26254,Bonnaventure_Whati,2019-08-15,,,150.0,temp,139,145,150.0,True,False,True,True,True
PP2,WPT,0,63.15346403,-117.226596,Bonnaventure_Whati,2019-08-15,,,150.0,temp,139,145,150.0,True,False,True,True,True
PP20,WPT,0,63.13435597,-117.243827,Bonnaventure_Whati,2019-08-15,,,150.0,temp,139,145,150.0,True,False,True,True,True
PP21,WPT,0,63.134863,-117.246712,Bonnaventure_Whati,2019-08-15,,,150.0,temp,139,145,150.0,True,False,True,True,True
PP22,WPT,1,63.13791904,-117.254288,Bonnaventure_Whati,2019-08-15,,,,temp,139,145,150.0,False,True,True,True,True
PP23,WPT,1,63.17090401,-117.279241,Bonnaventure_Whati,2019-08-15,,,,temp,139,145,150.0,False,True,True,True,True
PP24,WPT,0,63.16826304,-117.277086,Bonnaventure_Whati,2019-08-15,,,150.0,temp,139,145,150.0,True,False,True,True,True
PP25,WPT,0,63.168573,-117.276368,Bonnaventure_Whati,2019-08-15,,,150.0,temp,139,145,150.0,True,False,True,True,True
PP26,WPT,0,63.16912998,-117.280225,Bonnaventure_Whati,2019-08-15,,,150.0,temp,139,145,150.0,True,False,True,True,True
PP27,WPT,0,63.16872496,-117.281499,Bonnaventure_Whati,2019-08-15,,,150.0,temp,139,145,150.0,True,False,True,True,True
PP28,WPT,0,63.17077098,-117.283421,Bonnaventure_Whati,2019-08-15,,,150.0,temp,139,145,150.0,True,False,True,True,True
PP29,WPT,0,63.17121296,-117.283355,Bonnaventure_Whati,2019-08-15,,,150.0,temp,139,145,150.0,True,False,True,True,True
PP3,WPT,1,63.15113797,-117.222157,Bonnaventure_Whati,2019-08-15,,,,temp,139,145,150.0,False,True,True,True,True
PP30,WPT,1,63.17813398,-117.309239,Bonnaventure_Whati,2019-08-15,,,,temp,139,145,150.0,False,True,True,True,True
PP31,WPT,1,63.17852299,-117.302619,Bonnaventure_Whati,2019-08-15,,,,temp,139,145,150.0,False,True,True,True,True
PP32,WPT,1,63.17784003,-117.302971,Bonnaventure_Whati,2019-08-15,,,,temp,139,145,150.0,False,True,True,True,True
PP33,WPT,0,63.17820104,-117.302895,Bonnaventure_Whati,2019-08-15,,,150.0,temp,139,145,150.0,True,False,True,True,True
PP34,WPT,1,63.17775697,-117.295904,Bonnaventure_Whati,2019-08-15,,,,temp,139,145,150.0,False,True,True,True,True
PP35,WPT,1,63.17791002,-117.294458,Bonnaventure_Whati,2019-08-15,,,,temp,139,145,150.0,False,True,True,True,True
PP36,WPT,0,63.17231703,-117.287282,Bonnaventure_Whati,2019-08-15,,,150.0,temp,139,145,150.0,True,False,True,True,True
PP37,WPT,0,63.16576598,-117.274446,Bonnaventure_Whati,2019-08-15,,,150.0,temp,139,145,150.0,True,False,True,True,True
PP38,WPT,1,63.15899198,-117.274681,Bonnaventure_Whati,2019-08-15,,,,temp,139,145,150.0,False,True,True,True,True
PP39,WPT,1,63.158966,-117.273194,Bonnaventure_Whati,2019-08-15,,,,temp,139,145,150.0,False,True,True,True,True
PP4,WPT,1,63.15091702,-117.221892,Bonnaventure_Whati,2019-08-15,,,,temp,139,145,150.0,False,True,True,True,True
PP40,WPT,1,63.15901201,-117.269681,Bonnaventure_Whati,2019-08-15,,,,temp,139,145,150.0,False,True,True,True,True
PP41,WPT,1,63.15888402,-117.27072,Bonnaventure_Whati,2019-08-15,,,,temp,139,145,150.0,False,True,True,True,True
PP42,WPT,0,63.15912198,-117.275888,Bonnaventure_Whati,2019-08-15,,,150.0,temp,139,145,150.0,True,False,True,True,True
PP43,WPT,0,63.15930102,-117.276934,Bonnaventure_Whati,2019-08-15,,,150.0,temp,139,145,150.0,True,False,True,True,True
PP44,WPT,1,63.15943899,-117.278181,Bonnaventure_Whati,2019-08-15,,,,temp,139,145,150.0,False,True,True,True,True
PP45,WPT,0,63.12621798,-117.233082,Bonnaventure_Whati,2019-08-15,,,150.0,temp,139,145,150.0,True,False,True,True,True
PP46,WPT,0,63.12765104,-117.233945,Bonnaventure_Whati,2019-08-15,,,150.0,temp,139,145,150.0,True,False,True,True,True
PP47,WPT,1,63.12742799,-117.236346,Bonnaventure_Whati,2019-08-15,,,,temp,139,145,150.0,False,True,True,True,True
PP48,WPT,1,63.12890103,-117.242487,Bonnaventure_Whati,2019-08-15,,,,temp,139,145,150.0,False,True,True,True,True
PP5,WPT,0,63.15298601,-117.226055,Bonnaventure_Whati,2019-08-15,,,150.0,temp,139,145,150.0,True,False,True,True,True
PP50,WPT,1,63.17254602,-117.143416,Bonnaventure_Whati,2019-08-15,,,,temp,139,145,150.0,False,True,True,True,True
PP51,WPT,1,63.17160901,-117.144076,Bonnaventure_Whati,2019-08-15,,,,temp,139,145,150.0,False,True,True,True,True
PP52,WPT,0,63.16952602,-117.144344,Bonnaventure_Whati,2019-08-15,,,150.0,temp,139,145,150.0,True,False,True,True,True
PP53,WPT,1,63.16174099,-117.169374,Bonnaventure_Whati,2019-08-15,,,,temp,139,145,150.0,False,True,True,True,True
PP54,WPT,1,63.16038103,-117.170434,Bonnaventure_Whati,2019-08-15,,,,temp,139,145,150.0,False,True,True,True,True
PP55,WPT,1,63.16040399,-117.170612,Bonnaventure_Whati,2019-08-15,,,,temp,139,145,150.0,False,True,True,True,True
PP56,WPT,1,63.16072402,-117.170342,Bonnaventure_Whati,2019-08-15,,,,temp,139,145,150.0,False,True,True,True,True
PP57,WPT,0,63.16288797,-117.168738,Bonnaventure_Whati,2019-08-15,,,150.0,temp,139,145,150.0,True,False,True,True,True
PP58,WPT,0,63.16874801,-117.143703,Bonnaventure_Whati,2019-08-15,,,150.0,temp,139,145,150.0,True,False,True,True,True
PP59,WPT,1,63.16852304,-117.144793,Bonnaventure_Whati,2019-08-15,,,,temp,139,145,150.0,False,True,True,True,True
PP6,WPT,1,63.15066297,-117.258328,Bonnaventure_Whati,2019-08-15,,,,temp,139,145,150.0,False,True,True,True,True
PP60,WPT,1,63.16813203,-117.14634,Bonnaventure_Whati,2019-08-15,,,,temp,139,145,150.0,False,True,True,True,True
PP61,WPT,1,63.16818701,-117.1463,Bonnaventure_Whati,2019-08-15,,,,temp,139,145,150.0,False,True,True,True,True
PP62,WPT,0,63.16840704,-117.146488,Bonnaventure_Whati,2019-08-15,,,150.0,temp,139,145,150.0,True,False,True,True,True
PP63,WPT,0,63.16731504,-117.136834,Bonnaventure_Whati,2019-08-15,,,150.0,temp,139,145,150.0,True,False,True,True,True
PP64,WPT,1,63.16840301,-117.136347,Bonnaventure_Whati,2019-08-15,,,,temp,139,145,150.0,False,True,True,True,True
PP65,WPT,0,63.16602498,-117.143103,Bonnaventure_Whati,2019-08-15,,,150.0,temp,139,145,150.0,True,False,True,True,True
PP66,WPT,1,63.16675404,-117.143638,Bonnaventure_Whati,2019-08-15,,,,temp,139,145,150.0,False,True,True,True,True
PP67,WPT,0,63.162303,-117.195969,Bonnaventure_Whati,2019-08-15,,,150.0,temp,139,145,150.0,True,False,True,True,True
PP68,WPT,1,63.16488496,-117.215995,Bonnaventure_Whati,2019-08-15,,,,temp,139,145,150.0,False,True,True,True,True
PP69,WPT,1,63.16645497,-117.219209,Bonnaventure_Whati,2019-08-15,,,,temp,139,145,150.0,False,True,True,True,True
PP7,WPT,1,63.15012803,-117.260506,Bonnaventure_Whati,2019-08-15,,,,temp,139,145,150.0,False,True,True,True,True
PP70,WPT,1,63.16573002,-117.21775,Bonnaventure_Whati,2019-08-15,,,,temp,139,145,150.0,False,True,True,True,True
PP71,WPT,0,63.165669,-117.216599,Bonnaventure_Whati,2019-08-15,,,150.0,temp,139,145,150.0,True,False,True,True,True
PP72,WPT,0,63.16519903,-117.214722,Bonnaventure_Whati,2019-08-15,,,150.0,temp,139,145,150.0,True,False,True,True,True
PP73,WPT,1,63.16405197,-117.213557,Bonnaventure_Whati,2019-08-15,,,,temp,139,145,150.0,False,True,True,True,True
PP74,WPT,0,63.16330899,-117.21343,Bonnaventure_Whati,2019-08-15,,,150.0,temp,139,145,150.0,True,False,True,True,True
PP75,WPT,1,63.16321797,-117.21042,Bonnaventure_Whati,2019-08-15,,,,temp,139,145,150.0,False,True,True,True,True
PP77,WPT,1,63.15121299,-117.251071,Bonnaventure_Whati,2019-08-15,,,,temp,139,145,150.0,False,True,True,True,True
PP78,WPT,1,63.15105398,-117.251715,Bonnaventure_Whati,2019-08-15,,,,temp,139,145,150.0,False,True,True,True,True
PP79,WPT,1,63.15066498,-117.251556,Bonnaventure_Whati,2019-08-15,,,,temp,139,145,150.0,False,True,True,True,True
PP8,WPT,1,63.14936997,-117.261782,Bonnaventure_Whati,2019-08-15,,,,temp,139,145,150.0,False,True,True,True,True
PP80,WPT,1,63.15069297,-117.252307,Bonnaventure_Whati,2019-08-15,,,,temp,139,145,150.0,False,True,True,True,True
PP81,WPT,1,63.15070596,-117.253536,Bonnaventure_Whati,2019-08-15,,,,temp,139,145,150.0,False,True,True,True,True
PP82,WPT,1,63.15063799,-117.254148,Bonnaventure_Whati,2019-08-15,,,,temp,139,145,150.0,False,True,True,True,True
PP83,WPT,1,63.15034898,-117.25485,Bonnaventure_Whati,2019-08-15,,,,temp,139,145,150.0,False,True,True,True,True
PP84,WPT,1,63.150065,-117.255148,Bonnaventure_Whati,2019-08-15,,,,temp,139,145,150.0,False,True,True,True,True
PP85,WPT,1,63.14975596,-117.255001,Bonnaventure_Whati,2019-08-15,,,,temp,139,145,150.0,False,True,True,True,True
PP86,WPT,1,63.14952202,-117.254517,Bonnaventure_Whati,2019-08-15,,,,temp,139,145,150.0,False,True,True,True,True
PP87,WPT,0,63.14925598,-117.253756,Bonnaventure_Whati,2019-08-15,,,150.0,temp,139,145,150.0,True,False,True,True,True
PP88,WPT,1,63.14217101,-117.249367,Bonnaventure_Whati,2019-08-15,,,,temp,139,145,150.0,False,True,True,True,True
PP89,WPT,1,63.14304097,-117.250139,Bonnaventure_Whati,2019-08-15,,,,temp,139,145,150.0,False,True,True,True,True
PP9,WPT,0,63.14853002,-117.262681,Bonnaventure_Whati,2019-08-15,,,150.0,temp,139,145,150.0,True,False,True,True,True
PP90,WPT,1,63.14351102,-117.25156,Bonnaventure_Whati,2019-08-15,,,,temp,139,145,150.0,False,True,True,True,True
PP91,WPT,1,63.14387999,-117.252931,Bonnaventure_Whati,2019-08-15,,,,temp,139,145,150.0,False,True,True,True,True
PP92,WPT,0,63.14474903,-117.253056,Bonnaventure_Whati,2019-08-15,,,150.0,temp,139,145,150.0,True,False,True,True,True
PP93,WPT,1,63.16543599,-117.134618,Bonnaventure_Whati,2019-08-15,,,,temp,139,145,150.0,False,True,True,True,True
PP94,WPT,1,63.16503701,-117.135617,Bonnaventure_Whati,2019-08-15,,,,temp,139,145,150.0,False,True,True,True,True
PP95,WPT,1,63.16171098,-117.143576,Bonnaventure_Whati,2019-08-15,,,,temp,139,145,150.0,False,True,True,True,True
PP96,WPT,1,63.16178299,-117.144065,Bonnaventure_Whati,2019-08-15,,,,temp,139,145,150.0,False,True,True,True,True
PP97,WPT,1,63.16201198,-117.144111,Bonnaventure_Whati,2019-08-15,,,,temp,139,145,150.0,False,True,True,True,True
PP98,WPT,1,63.16195498,-117.14499,Bonnaventure_Whati,2019-08-15,,,,temp,139,145,150.0,False,True,True,True,True
PP99,WPT,0,63.16197502,-117.145554,Bonnaventure_Whati,2019-08-15,,,150.0,temp,139,145,150.0,True,False,True,True,True
WMC1,WPT,1,63.15103102,-117.260727,Bonnaventure_Whati,2019-08-15,,,,temp,139,145,150.0,False,True,True,True,True
WMC2,WPT,0,63.16235396,-117.27025,Bonnaventure_Whati,2019-08-15,,,150.0,temp,139,145,150.0,True,False,True,True,True
WMC3,WPT,0,63.16695596,-117.21839,Bonnaventure_Whati,2019-08-15,,,150.0,temp,139,145,150.0,True,False,True,True,True
WMC4,WPT,0,63.159442,-117.171553,Bonnaventure_Whati,2019-08-15,,,150.0,temp,139,145,150.0,True,False,True,True,True
WMC5,WPT,0,63.14509998,-117.258792,Bonnaventure_Whati,2019-08-15,,,150.0,temp,139,145,150.0,True,False,True,True,True
WMC6,WPT,1,63.13026904,-117.233155,Bonnaventure_Whati,2019-08-15,,,,temp,139,145,150.0,False,True,True,True,True
WMC7,WPT,1,63.129902,-117.25471,Bonnaventure_Whati,2019-08-15,,,,temp,139,145,150.0,False,True,True,True,True
WWS1,WPT,0,63.17058097,-117.280475,Bonnaventure_Whati,2019-08-15,,,150.0,temp,139,145,150.0,True,False,True,True,True
WWS2,WPT,0,63.15152303,-117.222392,Bonnaventure_Whati,2019-08-15,,,150.0,temp,139,145,150.0,True,False,True,True,True
WWS3,WPT,1,63.17331699,-117.14464,Bonnaventure_Whati,2019-08-15,,,,temp,139,145,150.0,False,True,True,True,True
PP10,WPT,0,63.15087503,-117.26376,Bonnaventure_Whati,2019-08-15,,,150.0,temp,139,145,150.0,True,False,True,True,True
PP126,WPT,0,63.15141499,-117.272999,Bonnaventure_Whati,2019-08-15,,,150.0,temp,139,145,150.0,True,False,True,True,True
PP129,WPT,0,63.14329301,-117.277056,Bonnaventure_Whati,2019-08-15,,,150.0,temp,139,145,150.0,True,False,True,True,True
PP17,WPT,0,63.15133503,-117.265843,Bonnaventure_Whati,2019-08-15,,,150.0,temp,139,145,150.0,True,False,True,True,True
PP49,WPT,0,63.13103297,-117.255109,Bonnaventure_Whati,2019-08-15,,,150.0,temp,139,145,150.0,True,False,True,True,True
PP76,WPT,0,63.14370104,-117.277281,Bonnaventure_Whati,2019-08-15,,,150.0,temp,139,145,150.0,True,False,True,True,True
